ID,Product Name,Description,Price,Discounted Price,Discount %,MOQ,Unit Quantity,Unit Quantity (FR),Sold By,Is New,Type,Image,Factory Name,Factory Email,Factory Phone,Factory Currency,Category,Main UPC,FLC Qty 20FT (Carton),FLC Qty 40FT HC (Carton),Lead Time Min (Days),Lead Time Max (Days),Carton Dimensions (CM),Price Last Updated,Unit per Carton
69dc2eb91bb1f80013fee337,Whiteboard Marker 12 pens,Whiteboard Marker 12 pens,11.2,,,108,64,Carton,Prima,False,physical,https://cdn.swell.store/sodu/69dc2eb91bb1f80013fee334/08fa4e86d0651b33287e3148b2ce18bd/71rLxzEjHfL.jpg,Prima,prima@sodu.com,,USD,Markers & Highlighters,Whiteboard Marker 12 pens,0,0,15,45,40 x 30 x 27 cm,2026-04-12T23:46:01.881Z,64
69dc2eb91bb1f80013fee31f,Visa Pen 10 pens,Visa Pen 10 pens,4.35,,,108,160,Carton,Prima,False,physical,https://cdn.swell.store/sodu/69dc2eb81bb1f80013fee31b/9a960c86f2f079d50f98c00d7d20b63e/81ajHoMud6L.jpg,Prima,prima@sodu.com,,USD,Writing Instruments,Visa Pen 10 pens,0,0,15,45,48 x 25 x 30 cm,2026-04-12T23:46:00.926Z,160
69dc2eb81bb1f80013fee305,Solo Pen 24 pens,Solo Pen 24 pens,3.5,,,108,72,Carton,Prima,False,physical,https://cdn.swell.store/sodu/69dc2eb71bb1f80013fee301/dc741f613c36472143feecaa2e784d51/610cAtWfA0L.jpg,Prima,prima@sodu.com,,USD,Writing Instruments,Solo Pen 24 pens,0,0,15,45,47 x 25 x 30 cm,2026-04-12T23:45:59.992Z,72
69dc2eb71bb1f80013fee2ee,Permanent Marker 12 pens,Permanent Marker 12 pens,11.2,,,108,64,Carton,Prima,False,physical,https://cdn.swell.store/sodu/69dc2eb71bb1f80013fee2e9/0784fa7f3bd29ee642d267f30b3c048a/51-uGvPW-WL.jpg,Prima,prima@sodu.com,,USD,Markers & Highlighters,Permanent Marker 12 pens,0,0,15,45,40 x 30 x 27 cm,2026-04-12T23:45:59.128Z,64
69dc2eb61bb1f80013fee2d4,Pencil Colors 12 color,Pencil Colors 12 color,21.88,,,108,144,Carton,Prima,False,physical,https://cdn.swell.store/sodu/69dc2eb61bb1f80013fee2d1/c296aee79e81cb1e793f5380dc4e00a5/71A7gmBbFNL.jpg,Prima,prima@sodu.com,,USD,Pencils & Coloring,Pencil Colors 12 color,0,0,15,45,37 x 18 x 22 cm,2026-04-12T23:45:58.263Z,144
69dc2eb51bb1f80013fee2b3,Pencil 12 pens,Pencil 12 pens,2.2,,,108,144,Carton,Prima,False,physical,https://cdn.swell.store/sodu/69dc2eb51bb1f80013fee2ad/d9eb0614f79e35f722f3d1e1379ca95c/587826_3.jpg,Prima,prima@sodu.com,,USD,Pencils & Coloring,Pencil 12 pens,0,0,15,45,40 x 30 x 21 cm,2026-04-12T23:45:57.364Z,144
69dc2eb41bb1f80013fee298,Lino Pen 10 pens,Lino Pen 10 pens,4.3,,,108,180,Carton,Prima,False,physical,https://cdn.swell.store/sodu/69dc2eb41bb1f80013fee295/848c64f1d1fc1d92839297ae0943f643/51Qp6pZnx8L.jpg,Prima,prima@sodu.com,,USD,Writing Instruments,Lino Pen 10 pens,0,0,15,45,48 x 25 x 30 cm,2026-04-12T23:45:56.402Z,180
69dc2eb31bb1f80013fee27d,Highlighter Marker 4 Pcs,Highlighter Marker 4 Pcs,10.55,,,108,94,Carton,Prima,False,physical,https://cdn.swell.store/sodu/69dc2eb31bb1f80013fee27a/d37def8b9030a38c3e68ea4d38790315/610ozz0CMfS.jpg,Prima,prima@sodu.com,,USD,Markers & Highlighters,Highlighter Marker 4 Pcs,0,0,15,45,40 x 23 x 26 cm,2026-04-12T23:45:55.505Z,94
69dc2eb21bb1f80013fee267,Forsa Pen 10 pens,Forsa Pen 10 pens,4.8,,,108,144,Carton,Prima,False,physical,https://cdn.swell.store/sodu/69dc2eb21bb1f80013fee262/dce6e3939807691259c1832b7d5fadda/81KhkB7co7L.jpg,Prima,prima@sodu.com,,USD,Writing Instruments,Forsa Pen 10 pens,0,0,15,45,48 x 25 x 30 cm,2026-04-12T23:45:54.644Z,144
69dc2eb11bb1f80013fee24c,Forma Pen 24 pens,Forma Pen 24 pens,3.95,,,108,84,Carton,Prima,False,physical,https://cdn.swell.store/sodu/69dc2eb11bb1f80013fee249/59791772905b167c68c7ac98af16fb0c/51asZp9mNSL.jpg,Prima,prima@sodu.com,,USD,Writing Instruments,Forma Pen 24 pens,0,0,15,45,52 x 26 x 30 cm,2026-04-12T23:45:53.620Z,84
69dc2eb01bb1f80013fee233,Flomaster 12 colors 12 color,Flomaster 12 colors 12 color,61.2,,,108,144,Carton,Prima,False,physical,https://cdn.swell.store/sodu/69dc2eb01bb1f80013fee230/e5ccb07e9005992014e7976ae2805fd4/71aZJE4XY3L.jpg,Prima,prima@sodu.com,,USD,Pencils & Coloring,Flomaster 12 colors 12 color,0,0,15,45,49 x 28 x 28 cm,2026-04-12T23:45:52.737Z,144
69dc2eaf1bb1f80013fee212,Envelope Folder 180 12 Pcs,Envelope Folder 180 12 Pcs,68.54,,,108,48,Carton,Prima,False,physical,https://cdn.swell.store/sodu/69dc2eaf1bb1f80013fee20c/7f7faf68169972a4bfe46bad5d769d44/519Ye0ZYYjL.jpg,Prima,prima@sodu.com,,USD,Filing & Folders,Envelope Folder 180 12 Pcs,0,0,15,45,53 x 38 x 43 cm,2026-04-12T23:45:51.892Z,48
69dc2eaf1bb1f80013fee1f8,Envelope Folder 140 12 Pcs,Envelope Folder 140 12 Pcs,59.29,,,108,54,Carton,Prima,False,physical,https://cdn.swell.store/sodu/69dc2eae1bb1f80013fee1ed/a87c4e3f51dae75f7464ff945ed77447/61RO8pLD2fL.jpg,Prima,prima@sodu.com,,USD,Filing & Folders,Envelope Folder 140 12 Pcs,0,0,15,45,53 x 38 x 43 cm,2026-04-12T23:45:51.065Z,54
69dc2eae1bb1f80013fee1dc,Bronzo Pen 10 pens,Bronzo Pen 10 pens,6.35,,,108,144,Carton,Prima,False,physical,https://cdn.swell.store/sodu/69dc2eae1bb1f80013fee1d9/ba9aead0f1c91cd98fa064ff3393fccf/71pTS4bqJES.jpg,Prima,prima@sodu.com,,USD,Writing Instruments,Bronzo Pen 10 pens,0,0,15,45,48 x 25 x 30 cm,2026-04-12T23:45:50.125Z,144
69dc23511bb1f80013fead9d,Silver Seas Syrup Orange 125 ml,"Domestic product manufactured by El-Obour Modern Pharmaceutical Industries. Composition: Cod liver oil 1500 mg per 5 ml. Indication: Boosting immunity, memory and academic achievement and very helpful for healthy cardiovascular, neuropsychiatry and reproduction systems. Why Silver Seas Syrup? Contains cod liver oil which is Omega 3 source and fortified by extra vitamin A and vitamin D3 with orange flavor. Dose: One teaspoonful per day. Package: bottle of 125 ml.",75,,,108,45,Carton,Brother Pharma,False,physical,https://cdn.swell.store/sodu/69dc23511bb1f80013fead9b/d52d0192169e29b6b65da5ffbf6f5a54/p-02-1.jpg,Brother Pharma,brotherpharma@sodu.com,,USD,Pediatrics,Silver Seas Syrup Orange 125 ml,0,0,75,90,49 x 10 x 32 cm,2026-04-12T22:57:21.558Z,45
69dc23501bb1f80013fead86,s.p mix vanilla food supplement 200 Gram,"Domestic product manufactured by Nutrixia for nutritional industries. Composition: 80% sweet potato powder and 20% gluten free wheat germ extract. Indication: Source of fibers, minerals and vitamins and used for malnourished patients. Why S.P Mix? Contains sweet potato and wheat germ extract which is sugar and gluten free and suitable for children from 6 months. Rich in protein, vitamins and minerals like iron, zinc and magnesium. Contains beta-carotene which is precursor of vitamin A, omega 3, vitamin E and vitamins B1, B2, B6 and B12. Dose: For adults and kids add 3 tablespoons to 50–75 ml of water, milk or juice. Between meals for kids add 1 tablespoon to 100 ml of water, milk or juice. Between meals for adults add 2 tablespoons to 200 ml of water, milk or juice. Can be added to yogurt, ice cream or during preparing bread or cake. Package: box of 2 sachets each sachet contains 100 gm with chocolate, strawberry, vanilla flavors and flavorless.",77,,,108,32,Carton,Brother Pharma,False,physical,https://cdn.swell.store/sodu/69dc23501bb1f80013fead83/d167a3821444ca96dfb42553c67c9f4b/nutriton-11-1.png,Brother Pharma,brotherpharma@sodu.com,,USD,Nutrition,6224009344307,0,0,75,90,54 x 14 x 27 cm,2026-04-12T22:57:20.707Z,32
69dc234f1bb1f80013fead6f,s.p mix strawberry food supplment 200 Gram,"Domestic product manufactured by Nutrixia for nutritional industries. Composition: 80% sweet potato powder and 20% gluten free wheat germ extract. Indication: Source of fibers, minerals and vitamins and used for malnourished patients. Why S.P Mix? Contains sweet potato and wheat germ extract which is sugar and gluten free and suitable for children from 6 months. Rich in protein, vitamins and minerals like iron, zinc and magnesium. Contains beta-carotene which is precursor of vitamin A, omega 3, vitamin E and vitamins B1, B2, B6 and B12. Dose: For adults and kids add 3 tablespoons to 50–75 ml of water, milk or juice. Between meals for kids add 1 tablespoon to 100 ml of water, milk or juice. Between meals for adults add 2 tablespoons to 200 ml of water, milk or juice. Can be added to yogurt, ice cream or during preparing bread or cake. Package: box of 2 sachets each sachet contains 100 gm with chocolate, strawberry, vanilla flavors and flavorless.",77,,,108,31,Carton,Brother Pharma,False,physical,https://cdn.swell.store/sodu/69dc234f1bb1f80013fead6c/a2c478a833c0e42df797276ede8def7d/nutriton-13-1.png,Brother Pharma,brotherpharma@sodu.com,,USD,Nutrition,6224009344314,0,0,75,90,54 x 14 x 27 cm,2026-04-12T22:57:19.222Z,31
69dc234e1bb1f80013fead58,s.p mix food suplment 200 Gram,"Domestic product manufactured by Nutrixia for nutritional industries. Composition: 80% sweet potato powder and 20% gluten free wheat germ extract. Indication: Source of fibers, minerals and vitamins and used for malnourished patients. Why S.P Mix? Contains sweet potato and wheat germ extract which is sugar and gluten free and suitable for children from 6 months. Rich in protein, vitamins and minerals like iron, zinc and magnesium. Contains beta-carotene which is precursor of vitamin A, omega 3, vitamin E and vitamins B1, B2, B6 and B12. Dose: For adults and kids add 3 tablespoons to 50–75 ml of water, milk or juice. Between meals for kids add 1 tablespoon to 100 ml of water, milk or juice. Between meals for adults add 2 tablespoons to 200 ml of water, milk or juice. Can be added to yogurt, ice cream or during preparing bread or cake. Package: box of 2 sachets each sachet contains 100 gm with chocolate, strawberry, vanilla flavors and flavorless.",77,,,108,30,Carton,Brother Pharma,False,physical,https://cdn.swell.store/sodu/69dc234e1bb1f80013fead55/ca42ab53deb7d6b469b827bd3dd0db24/nutriton-09-2.png,Brother Pharma,brotherpharma@sodu.com,,USD,Nutrition,6224009344291,0,0,75,90,54 x 14 x 27 cm,2026-04-12T22:57:18.440Z,30
69dc234d1bb1f80013fead3a,Ronma Vanilla 10 sachets,"Domestic product manufactured by Marvel Pharma Group – industrial zone – Badr city for RK Pharma. Composition: Lactoferrin, zinc, colostrum, iron, calcium and vitamin B12. Indication: Ronma is used for treatment of anemia and to increase the body immunity due to the presence of lactoferrin and zinc. It is also fortified with iron, calcium, colostrum and vitamin B12. Dose: One sachet per day or according to doctor advice. Package: box contains 10 sachets of 10 gm with vanilla flavor.",72,,,108,50,Carton,Brother Pharma,False,physical,https://cdn.swell.store/sodu/69dc234d1bb1f80013fead38/3eb17515f91767e85e886434ad770900/Group-3057.png,Brother Pharma,brotherpharma@sodu.com,,USD,Internal Medicine,6224009344284,0,0,75,90,54 x 14 x 27 cm,2026-04-12T22:57:17.668Z,50
69dc234c1bb1f80013fead28,Prog Chocolate 350 gm,"Domestic product manufactured by Marvel Pharma Group for RK Pharma. Composition: Spread chocolate fortified with fish oil powder, iron, zinc, biotin, vitamin A, vitamin E, vitamin B1, vitamin B2, vitamin B3, vitamin B5, vitamin B6, vitamin B9, vitamin B12, vitamin C, cocoa butter, full cream milk powder, cocoa powder, whey milk powder concentration 70%, coconut oil, vanillin flavour, pectin, citric acid monohydrate, soya lecithin and polydextrose. Indication: Iron deficiency anemia, celiac disease, malnutrition, retarded physical and mental growth. Usage: For children above 4 years. Dose: 1–2 teaspoonful (5–10 gm) per day. Package: plastic jar contain 350 gm.",81,,,108,24,Carton,Brother Pharma,False,physical,https://cdn.swell.store/sodu/69dc234c1bb1f80013fead26/a4eb490da7b9ff221cae86916ade973e/nutriton-08.png,Brother Pharma,brotherpharma@sodu.com,,USD,Pediatrics,6224009344260,0,0,75,90,49 x 10 x 32 cm,2026-04-12T22:57:16.852Z,24
69dc234c1bb1f80013fead12,Lumicasage Cream 60 gm,"Domestic product manufactured by Egyptian Co. for cosmetics. Composition: Camphor, menthol, peppermint oil and clove oil. Indication: Relief of pain and aches of muscles and joints. Why Lumicasage Cream? Relieves pain of sprain, strain and osteoarthritis due to muscle relaxant effect and increases blood flow in the affected area. Dose: Twice per day or according to doctor advice. Package: tube of 60 gm.",81.6,,,108,63,Carton,Brother Pharma,False,physical,https://cdn.swell.store/sodu/69dc234b1bb1f80013fead10/a917bea6dead5fd18e7841d98c4b67e1/1b60b5b6-23db-4673-92ff-bd4e7e61be57-1-1.png,Brother Pharma,brotherpharma@sodu.com,,USD,Orthopedics,6224009344161,0,0,75,90,54 x 14 x 27 cm,2026-04-12T22:57:16.096Z,63
69dc23491bb1f80013feace7,Danica Massage Gel 100 ml,"Danica is a topically applied fast and long-lasting relieving gel for muscle, neck and back pain, inflammation, myositis, fibromyalgia, sciatica and sprains. The active-enhanced formula with camphor oil, eucalyptus oil, panthenol and menthol penetrates quickly, targeting the area of pain. Its convenient roll-on applicator makes it easy to use anywhere and on the go. How to use: Clean and dry the affected area. Shake the package well before use. Gently massage Danica onto the painful area using circular motions. Repeat as needed throughout the day. Package: 100 ml plastic roll, easy to use.",240,,,108,135,Carton,Brother Pharma,False,physical,https://cdn.swell.store/sodu/69dc23491bb1f80013feace4/0886914c4fbe8a2ba86a50136a043ac6/302074eb-f0c5-4376-84d1-1df2ef06c525.jpg,Brother Pharma,brotherpharma@sodu.com,,USD,Dermatology,6224009344246,0,0,75,90,49 x 10 x 32 cm,2026-04-12T22:57:13.620Z,135
69dc23481bb1f80013feacd1,Caroca Calcium Tablets Chocolate Tablets pack,"Chocolate-flavoured calcium supplement fortified with lactoferrin, vitamin E, and folic acid",75.4,,,108,45,Carton,Brother Pharma,False,physical,https://cdn.swell.store/sodu/69dc23481bb1f80013feacce/57f3b4c8e06b2acb2fd3a4f14ce49723/3fd81a59-90ab-4996-adf6-212a5cc21b77.jpeg,Brother Pharma,brotherpharma@sodu.com,,USD,Supplements,6224009344390,0,0,75,90,49 x 10 x 32 cm,2026-04-12T22:57:12.681Z,45
69dc23471bb1f80013feacba,Candy Lozenges Orange 24 lozenges,"Domestic product manufactured by Nutrixia for nutritional industries. Composition: Eucalyptus and menthol. Indication: Relief of pain and sore throat. Why Candy Lozenges? Used for sore throat due to the presence of eucalyptus which has soothing and antiseptic effects. Dose: When needed. Package: boxes of 12 or 24 lozenges with orange, menthol, lemon & honey and cherry flavors.",64,,,108,110,Carton,Brother Pharma,False,physical,https://cdn.swell.store/sodu/69dc23471bb1f80013feacb7/a48c1d0443620f4dd8c3ea65eeb74197/internal-medicine-06-3-4.png,Brother Pharma,brotherpharma@sodu.com,,USD,Internal Medicine,6224009344079,0,0,75,90,54 x 14 x 27 cm,2026-04-12T22:57:11.665Z,110
69dc23461bb1f80013feaca0,Candy Lozenges Orange 12 lozenges,"Domestic product manufactured by Nutrixia for nutritional industries. Composition: Eucalyptus and menthol. Indication: Relief of pain and sore throat. Why Candy Lozenges? Used for sore throat due to the presence of eucalyptus which has soothing and antiseptic effects. Dose: When needed. Package: boxes of 12 or 24 lozenges with orange, menthol, lemon & honey and cherry flavors.",49,,,108,168,Carton,Brother Pharma,False,physical,https://cdn.swell.store/sodu/69dc23461bb1f80013feac9e/a48c1d0443620f4dd8c3ea65eeb74197/internal-medicine-06-3-4.png,Brother Pharma,brotherpharma@sodu.com,,USD,Internal Medicine,6224009344017,0,0,75,90,54 x 14 x 27 cm,2026-04-12T22:57:10.895Z,168
69dc23461bb1f80013feac8a,Candy Lozenges Menthol 24 lozenges,"Domestic product manufactured by Nutrixia for nutritional industries. Composition: Eucalyptus and menthol. Indication: Relief of pain and sore throat. Why Candy Lozenges? Used for sore throat due to the presence of eucalyptus which has soothing and antiseptic effects. Dose: When needed. Package: boxes of 12 or 24 lozenges with orange, menthol, lemon & honey and cherry flavors.",64,,,108,110,Carton,Brother Pharma,False,physical,https://cdn.swell.store/sodu/69dc23461bb1f80013feac87/78985ebc2e709ce4448dbf06e1c4aea6/Group-3059.png,Brother Pharma,brotherpharma@sodu.com,,USD,Internal Medicine,6224009344086,0,0,75,90,54 x 14 x 27 cm,2026-04-12T22:57:10.144Z,110
69dc23451bb1f80013feac73,Candy Lozenges Menthol 12 lozenges,"Domestic product manufactured by Nutrixia for nutritional industries. Composition: Eucalyptus and menthol. Indication: Relief of pain and sore throat. Why Candy Lozenges? Used for sore throat due to the presence of eucalyptus which has soothing and antiseptic effects. Dose: When needed. Package: boxes of 12 or 24 lozenges with orange, menthol, lemon & honey and cherry flavors.",49,,,108,168,Carton,Brother Pharma,False,physical,https://cdn.swell.store/sodu/69dc23451bb1f80013feac70/78985ebc2e709ce4448dbf06e1c4aea6/Group-3059.png,Brother Pharma,brotherpharma@sodu.com,,USD,Internal Medicine,6224009344031,0,0,75,90,54 x 14 x 27 cm,2026-04-12T22:57:09.364Z,168
69dc23441bb1f80013feac57,Candy Lozenges Menthol 100 lozenges,"Domestic product manufactured by Nutrixia for nutritional industries. Composition: Eucalyptus and menthol. Indication: Relief of pain and sore throat. Why Candy Lozenges? Used for sore throat due to the presence of eucalyptus which has soothing and antiseptic effects. Dose: When needed. Package: boxes of 12 or 24 lozenges with orange, menthol, lemon & honey and cherry flavors.",42.6,,,108,20,Carton,Brother Pharma,False,physical,https://cdn.swell.store/sodu/69dc23441bb1f80013feac54/78985ebc2e709ce4448dbf06e1c4aea6/Group-3059.png,Brother Pharma,brotherpharma@sodu.com,,USD,Internal Medicine,6224009344215,0,0,75,90,54 x 14 x 27 cm,2026-04-12T22:57:08.408Z,20
69dc23431bb1f80013feac40,Candy Lozenges Lemon & Honey 24 lozenges,"Domestic product manufactured by Nutrixia for nutritional industries. Composition: Eucalyptus and menthol. Indication: Relief of pain and sore throat. Why Candy Lozenges? Used for sore throat due to the presence of eucalyptus which has soothing and antiseptic effects. Dose: When needed. Package: boxes of 12 or 24 lozenges with orange, menthol, lemon & honey and cherry flavors.",64,,,108,110,Carton,Brother Pharma,False,physical,https://cdn.swell.store/sodu/69dc23431bb1f80013feac3d/5accf385e86a3826d2aed5dfcc784ecd/internal-medicine-06-3-2.png,Brother Pharma,brotherpharma@sodu.com,,USD,Internal Medicine,6224009344024,0,0,75,90,54 x 14 x 27 cm,2026-04-12T22:57:07.441Z,110
69dc23421bb1f80013feac2a,Candy Lozenges Lemon & Honey 12 lozenges,"Domestic product manufactured by Nutrixia for nutritional industries. Composition: Eucalyptus and menthol. Indication: Relief of pain and sore throat. Why Candy Lozenges? Used for sore throat due to the presence of eucalyptus which has soothing and antiseptic effects. Dose: When needed. Package: boxes of 12 or 24 lozenges with orange, menthol, lemon & honey and cherry flavors.",49,,,108,168,Carton,Brother Pharma,False,physical,https://cdn.swell.store/sodu/69dc23421bb1f80013feac26/5accf385e86a3826d2aed5dfcc784ecd/internal-medicine-06-3-2.png,Brother Pharma,brotherpharma@sodu.com,,USD,Internal Medicine,6224009344109,0,0,75,90,54 x 14 x 27 cm,2026-04-12T22:57:06.670Z,168
69dc23411bb1f80013feac0f,Candy Lozenges Cherry 24 lozenges,"Domestic product manufactured by Nutrixia for nutritional industries. Composition: Eucalyptus and menthol. Indication: Relief of pain and sore throat. Why Candy Lozenges? Used for sore throat due to the presence of eucalyptus which has soothing and antiseptic effects. Dose: When needed. Package: boxes of 12 or 24 lozenges with orange, menthol, lemon & honey and cherry flavors.",64.8,,,108,110,Carton,Brother Pharma,False,physical,https://cdn.swell.store/sodu/69dc23411bb1f80013feac0c/f328dee702e6c9392f7fc5edb647ef57/internal-medicine-02-1.png,Brother Pharma,brotherpharma@sodu.com,,USD,Internal Medicine,6224009344048,0,0,75,90,54 x 14 x 27 cm,2026-04-12T22:57:05.811Z,110
69dc23411bb1f80013feabf8,Candy Lozenges Cherry 12 lozenges,"Domestic product manufactured by Nutrixia for nutritional industries. Composition: Eucalyptus and menthol. Indication: Relief of pain and sore throat. Why Candy Lozenges? Used for sore throat due to the presence of eucalyptus which has soothing and antiseptic effects. Dose: When needed. Package: boxes of 12 or 24 lozenges with orange, menthol, lemon & honey and cherry flavors.",49,,,108,168,Carton,Brother Pharma,False,physical,https://cdn.swell.store/sodu/69dc23401bb1f80013feabf5/f328dee702e6c9392f7fc5edb647ef57/internal-medicine-02-1.png,Brother Pharma,brotherpharma@sodu.com,,USD,Internal Medicine,6224009344093,0,0,75,90,54 x 14 x 27 cm,2026-04-12T22:57:05.037Z,168
69dc23401bb1f80013feabe2,Candy C Lozenges Orange 12 lozenges,"Lozenges in different flavors to boost the immune system and fight cold and fever symptoms. This unique product combines the power of vitamin C, menthol and thyme extract to provide a comprehensive approach to health. Dose: 1 to 3 lozenges per day. Package: boxes containing 12 lozenges in orange, chocolate, coffee, licorice, mint, lemon & honey, cherry and sugar free flavours.",100,,,108,168,Carton,Brother Pharma,False,physical,https://cdn.swell.store/sodu/69dc23401bb1f80013feabd8/94e8221037a1dbd19ef7ac0ebbf6d323/Candy-c-01-2.jpg,Brother Pharma,brotherpharma@sodu.com,,USD,Pediatrics,6224009344321,0,0,75,90,54 x 14 x 27 cm,2026-04-12T22:57:04.254Z,168
69dc233f1bb1f80013feabbd,Candy C Lozenges Mint 12 lozenges,"Lozenges in different flavors to boost the immune system and fight cold and fever symptoms. This unique product combines the power of vitamin C, menthol and thyme extract to provide a comprehensive approach to health. Dose: 1 to 3 lozenges per day. Package: boxes containing 12 lozenges in orange, chocolate, coffee, licorice, mint, lemon & honey, cherry and sugar free flavours.",100,,,108,168,Carton,Brother Pharma,False,physical,https://cdn.swell.store/sodu/69dc233f1bb1f80013feabba/15e8c90cd2f1879d5e7ff069ae14a111/isg002143.jpeg,Brother Pharma,brotherpharma@sodu.com,,USD,Pediatrics,6224009344345,0,0,75,90,54 x 14 x 27 cm,2026-04-12T22:57:03.313Z,168
69dc233e1bb1f80013feaba8,Candy C Lozenges Lemon & Honey 12 lozenges,"Lozenges in different flavors to boost the immune system and fight cold and fever symptoms. This unique product combines the power of vitamin C, menthol and thyme extract to provide a comprehensive approach to health. Dose: 1 to 3 lozenges per day. Package: boxes containing 12 lozenges in orange, chocolate, coffee, licorice, mint, lemon & honey, cherry and sugar free flavours.",100,,,108,168,Carton,Brother Pharma,False,physical,https://cdn.swell.store/sodu/69dc233d1bb1f80013feaba5/25738c1d78f5f95c2a508878a9892b45/Candy-c-02-2.jpg,Brother Pharma,brotherpharma@sodu.com,,USD,Pediatrics,6224009344338,0,0,75,90,54 x 14 x 27 cm,2026-04-12T22:57:02.081Z,168
69dc233d1bb1f80013feab91,Brodrink Detox Tea,"Domestic product manufactured by Egyptian Co. for cosmetics. Composition: Contains urea 5%, propolis, glycerin and vitamin C. Indication: For eczema, dermatitis, ichthyosis, psoriasis, post laser sessions and post peeling and treatment for acute sunburns. Why Brother Care Cream? Contains optimum concentration of urea which moisturizes the skin without irritation, antimicrobial and anti-inflammatory effects due to propolis. Acts as skin emollient for dry cracked skin, sunburns and post laser sessions. Vitamin C acts as powerful antioxidant and helps skin recovery. Dose: Apply suitable amount on desired area twice daily. Package: tube of 100 gm.",42,,,108,50,Carton,Brother Pharma,False,physical,https://cdn.swell.store/sodu/69dc233d1bb1f80013feab8f/db786abe2a73fa24ba0b9835d2bcff0f/nutriton-2-32-1-1.jpg,Brother Pharma,brotherpharma@sodu.com,,USD,Nutrition,6224009344130,0,0,75,90,0 x 0 x 0 cm,2026-04-12T22:57:01.290Z,50
69dc233c1bb1f80013feab75,Brother Care Cream 100 gm,"Domestic product manufactured by Egyptian Co. for cosmetics. Composition: Contains urea 5%, propolis, glycerin and vitamin C. Indication: For eczema, dermatitis, ichthyosis, psoriasis, post laser sessions and post peeling and treatment for acute sunburns. Why Brother Care Cream? Contains optimum concentration of urea which moisturizes the skin without irritation, antimicrobial and anti-inflammatory effects due to propolis. Acts as skin emollient for dry cracked skin, sunburns and post laser sessions. Vitamin C acts as powerful antioxidant and helps skin recovery. Dose: Apply suitable amount on desired area twice daily. Package: tube of 100 gm.",155,,,108,63,Carton,Brother Pharma,False,physical,https://cdn.swell.store/sodu/69dc233c1bb1f80013feab73/1ed51fa9e6702fc61ebcc2f60a55d7a8/WhatsApp-Image-2026-03-16-at-12.45.59-PM-1.jpeg,Brother Pharma,brotherpharma@sodu.com,,USD,Dermatology,6224009344178,0,0,75,90,54 x 14 x 27 cm,2026-04-12T22:57:00.288Z,63
69dc233b1bb1f80013feab61,Broc Sachet Orange 10 sachets,"Domestic product manufactured by Nutrixia for nutritional industries for RK Pharma. Composition: Collagen peptide, glucosamine sulfate, chondroitin and vitamin C. Indication: Collagen source for osteoarthritis pain and aging skin. Why Broc? Contains 10 gm of collagen peptide which is responsible for cartilage formation and relief of joint pain and improves muscle strength and also for aging skin and decreasing wrinkles. Dose: For osteoarthritis one sachet per day for 3–5 months. For aging skin one sachet per day for 2–3 months. Package: box of 10 sachets of 10 gm with orange flavor.",75,,,108,40,Carton,Brother Pharma,False,physical,https://cdn.swell.store/sodu/69dc233b1bb1f80013feab5f/4e289ce08b81b2508814558c36022df7/MUSCULOSKELETAL-SYSTEM-05-1.png,Brother Pharma,brotherpharma@sodu.com,,USD,Orthopedics,6224009344239,0,0,75,90,54 x 14 x 27 cm,2026-04-12T22:56:59.458Z,40
69d67cee868d1b00124d4ba0,Fischer 6mm,Fischer 6mm,0.11,,,1000,,piece,Alzahabia,False,physical,https://cdn.swell.store/sodu/69d67299868d1b00124d12fd/8a4060d4c0d7584222c9b4a78cabe087/Bobana%20(13).png,Alzahabia,alzahabia@sodu.com,,USD,Gypsum Board,Fischer 6mm,0,0,0,0,,2026-04-09T12:01:27.303Z,
69d67ced868d1b00124d4b90,Tech Screw,Tech Screw,2.94,,,1000,,piece,Alzahabia,False,physical,https://cdn.swell.store/sodu/69d67299868d1b00124d1300/c8a1f0e4e12f7072609632a8018fd212/Bobana%20(12).png,Alzahabia,alzahabia@sodu.com,,USD,Gypsum Board,Tech Screw,0,0,0,0,,,
69d67ced868d1b00124d4b81,Screw 35mm,Screw 35mm,2.14,,,1000,,piece,Alzahabia,False,physical,https://cdn.swell.store/sodu/69d67299868d1b00124d1303/f5324ef177acf43d48897b74678859d8/Bobana%20(11).png,Alzahabia,alzahabia@sodu.com,,USD,Gypsum Board,Screw 35mm,0,0,0,0,,,
69d67cec868d1b00124d4b6d,Screw 25mm,Screw 25mm,2.14,,,1000,,piece,Alzahabia,False,physical,https://cdn.swell.store/sodu/69d67a6e868d1b00124d3f1e/38fb65c8174034569ffa8ad5a07477d3/Bobana%20(10).png,Alzahabia,alzahabia@sodu.com,,USD,Gypsum Board,Screw 25mm,0,0,0,0,,,
69d67cec868d1b00124d4b5c,Bracket U45,Bracket U45,0.08,,,1000,,piece,Alzahabia,False,physical,https://cdn.swell.store/sodu/69d672dd868d1b00124d14cc/25a992d80d6bf1e29b9db2922c98bbc8/Bobana%20(9).png,Alzahabia,alzahabia@sodu.com,,USD,Gypsum Board,Bracket U45,0,0,0,0,,,
69d67cec868d1b00124d4b4c,Nuts 6mm,Nuts 6mm,1.59,,,1000,,piece,Alzahabia,False,physical,https://cdn.swell.store/sodu/69d67299868d1b00124d1306/c385f024de143babfe697e9e1c289bfe/Bobana%20(8).png,Alzahabia,alzahabia@sodu.com,,USD,Gypsum Board,Nuts 6mm,0,0,0,0,,,
69d67ceb868d1b00124d4b3d,Threaded Rod 6mm (2m),Threaded Rod 6mm (2m),0.4,,,1000,,piece,Alzahabia,False,physical,https://cdn.swell.store/sodu/69d67299868d1b00124d1309/8ad2e7d003a550e016fc8755138aa30a/Bobana%20(7).png,Alzahabia,alzahabia@sodu.com,,USD,Gypsum Board,Threaded Rod 6mm (2m),0,0,0,0,,,
69d67ceb868d1b00124d4b2e,Anchor 6mm,Anchor 6mm,2.12,,,1000,,piece,Alzahabia,False,physical,https://cdn.swell.store/sodu/69d6729a868d1b00124d130d/4de9706f898d8c2c1204d5901beeacbe/Bobana%20(6).png,Alzahabia,alzahabia@sodu.com,,USD,Gypsum Board,Anchor 6mm,0,0,0,0,,,
69d67cea868d1b00124d4b13,Galvanized Angle GA23,Galvanized Angle GA23,0.52,,,1000,,piece,Alzahabia,False,physical,https://cdn.swell.store/sodu/69d6729a868d1b00124d1315/80128a7229df79ae5265a4e640302b14/Bobana%20(5).png,Alzahabia,alzahabia@sodu.com,,USD,Gypsum Board,Galvanized Angle GA23,0,0,0,0,,,
69d67cea868d1b00124d4b06,Furring Channel Omega O20,Furring Channel Omega O20,1.11,,,1000,,piece,Alzahabia,False,physical,https://cdn.swell.store/sodu/69d6729a868d1b00124d1318/f688f33e2474c39e08a25ee665751d35/Bobana%20(4).png,Alzahabia,alzahabia@sodu.com,,USD,Gypsum Board,Furring Channel Omega O20,0,0,0,0,,,
69d67cea868d1b00124d4af8,Main Carrier CH45,Main Carrier CH45,1.11,,,1000,,piece,Alzahabia,False,physical,https://cdn.swell.store/sodu/69d6729a868d1b00124d131c/67ea9fc91f0b035e7666236219f8c426/Bobana%20(3).png,Alzahabia,alzahabia@sodu.com,,USD,Gypsum Board,Main Carrier CH45,0,0,0,0,,,
69d67ce9868d1b00124d4aea,Gypsum board 12.5mm Moisture Resistant - Knauf,Gypsum board 12.5mm Moisture Resistant - Knauf,2.62,,,1000,,piece,Alzahabia,False,physical,https://cdn.swell.store/sodu/69d6729a868d1b00124d131f/fcd56f7f2e6a76bb7caf3cdd24398141/Bobana%20(2).png,Alzahabia,alzahabia@sodu.com,,USD,Gypsum Board,Gypsum board 12.5mm Moisture Resistant - Knauf,0,0,0,0,,,
69d67ce9868d1b00124d4adc,Gypsum board 12.5mm Regular - Knauf,Gypsum board 12.5mm Regular - Knauf,2.15,,,1000,,piece,Alzahabia,False,physical,https://cdn.swell.store/sodu/69d6729b868d1b00124d1322/cc92a6232c0c46612ad2d02f476b58c9/Bobana%20(1).png,Alzahabia,alzahabia@sodu.com,,USD,Gypsum Board,Gypsum board 12.5mm Regular - Knauf,0,0,0,0,,,
69db5f3d1544410012425aea,TOM Milk Almond with Chocolate 1L,TOM Milk Almond with Chocolate 1L,19,,,108,12,Carton,Lamar,False,physical,https://cdn.swell.store/sodu/69db5f3d1544410012425ae6/c65b8c8d4b085cb79b56b5f09071d127/Product-2.png,Lamar,lamar@sodu.com,,USD,Milk,TOM Milk Almond with Chocolate 1L,1080,2000,21,30,,2026-04-12T09:00:45.284Z,12
69db5f3c1544410012425ad1,TOM Milk Oats Barista 1L,TOM Milk Oats Barista 1L,19,,,108,12,Carton,Lamar,False,physical,https://cdn.swell.store/sodu/69db5f3c1544410012425ace/1b406b1373c2557cc0e865d1f00d53a1/barista-product.png,Lamar,lamar@sodu.com,,USD,Milk,TOM Milk Oats Barista 1L,1080,2000,21,30,,2026-04-12T09:00:44.432Z,12
69db5f3b1544410012425aba,TOM Milk Oats 1L,TOM Milk Oats 1L,19,,,108,12,Carton,Lamar,False,physical,https://cdn.swell.store/sodu/69db5f3b1544410012425ab8/812b8cbeceb869650fb8829ec149b53f/oat-product.png,Lamar,lamar@sodu.com,,USD,Milk,TOM Milk Oats 1L,1080,2000,21,30,,2026-04-12T09:00:43.581Z,12
69db5f3a1544410012425aa4,TOM Milk Almond Barista 1L,TOM Milk Almond Barista 1L,19,,,108,12,Carton,Lamar,False,physical,https://cdn.swell.store/sodu/69db5f3a1544410012425a9e/9e931f6fa456d0e8f93fa19da6d7019a/Barista-Almond-2-Middle-link.png,Lamar,lamar@sodu.com,,USD,Milk,TOM Milk Almond Barista 1L,1080,2000,21,30,,2026-04-12T09:00:42.709Z,12
69db5f391544410012425a88,TOM Milk Almond 1L,TOM Milk Almond 1L,19,,,108,12,Carton,Lamar,False,physical,https://cdn.swell.store/sodu/69db5f391544410012425a86/1d5cd6c185b8440110eb0b9f85ab63f6/almondh-1.png,Lamar,lamar@sodu.com,,USD,Milk,TOM Milk Almond 1L,1080,2000,21,30,,2026-04-12T09:00:41.846Z,12
69db5f381544410012425a74,Red Cocktail Drink 200ml Fruit Drink,Red Cocktail Drink 200ml Fruit Drink,2.9,,,247,27,Carton,Lamar,False,physical,https://cdn.swell.store/sodu/69db5f381544410012425a71/fe440d29605dc07a875ca865273d574f/1M2J16lZJLmFCbuDC5I3.jpg,Lamar,lamar@sodu.com,,USD,Juice,Red Cocktail Drink 200ml Fruit Drink,2470,4400,21,30,,2026-04-12T09:00:40.526Z,27
69db5f361544410012425a5c,Pineapple Drink 200ml Fruit Drink,Pineapple Drink 200ml Fruit Drink,3.1,,,247,27,Carton,Lamar,False,physical,https://cdn.swell.store/sodu/69db5f361544410012425a58/84d348bae3c02d783f71847da2dc152f/Y3pKcS8YjVEjjGhePFea.jpg,Lamar,lamar@sodu.com,,USD,Juice,Pineapple Drink 200ml Fruit Drink,2470,4400,21,30,,2026-04-12T09:00:38.594Z,27
69db5f351544410012425a43,Peach Drink 200ml Fruit Drink,Peach Drink 200ml Fruit Drink,3.1,,,247,27,Carton,Lamar,False,physical,https://cdn.swell.store/sodu/69db5f351544410012425a3f/87fbbd89307b3a5a4eff001f9d2eafdd/o0ohP0ULCyBCu7S30vQv.jpg,Lamar,lamar@sodu.com,,USD,Juice,Peach Drink 200ml Fruit Drink,2470,4400,21,30,,2026-04-12T09:00:37.691Z,27
69db5f341544410012425a1f,Orange Drink 200ml Fruit Drink,Orange Drink 200ml Fruit Drink,3.1,,,247,27,Carton,Lamar,False,physical,https://cdn.swell.store/sodu/69db5f341544410012425a17/80ddf83c12640dde1f812bb46ecd3fc2/IQm4wbMramWX978B7uGu.jpg,Lamar,lamar@sodu.com,,USD,Juice,Orange Drink 200ml Fruit Drink,2470,4400,21,30,,2026-04-12T09:00:36.796Z,27
69db5f331544410012425a02,Mango Drink 200ml Fruit Drink,Mango Drink 200ml Fruit Drink,3.1,,,247,27,Carton,Lamar,False,physical,https://cdn.swell.store/sodu/69db5f3315444100124259ff/e0ac9fe2824257857c610bc04021a794/wGMEh4vA0ipn9SjCnRkZ.jpg,Lamar,lamar@sodu.com,,USD,Juice,Mango Drink 200ml Fruit Drink,2470,4400,21,30,,2026-04-12T09:00:35.900Z,27
69db5f3315444100124259e9,Lemon Drink 200ml Fruit Drink,Lemon Drink 200ml Fruit Drink,2.9,,,247,27,Carton,Lamar,False,physical,https://cdn.swell.store/sodu/69db5f3215444100124259e7/9279113553bd36173a4e9bd423ba9172/gpAsBDSpSoKgfPGlEZbL.jpg,Lamar,lamar@sodu.com,,USD,Juice,Lemon Drink 200ml Fruit Drink,2470,4400,21,30,,2026-04-12T09:00:35.015Z,27
69db5f3215444100124259cd,Guava Drink 200ml Fruit Drink,Guava Drink 200ml Fruit Drink,2.9,,,247,27,Carton,Lamar,False,physical,https://cdn.swell.store/sodu/69db5f3215444100124259bf/6a4c55e2967c9a5abb8073b6be6b129b/YdA8BYTtnMW79klN2zMd.jpg,Lamar,lamar@sodu.com,,USD,Juice,Guava Drink 200ml Fruit Drink,2470,4400,21,30,,2026-04-12T09:00:34.124Z,27
69db5f3115444100124259a7,Apple Drink 200ml Fruit Drink,Apple Drink 200ml Fruit Drink,2.9,,,247,27,Carton,Lamar,False,physical,https://cdn.swell.store/sodu/69db5f3115444100124259a5/185916b1747d5545d915561f20160180/22AdqZuPDRsw8vzRrqbk.jpg,Lamar,lamar@sodu.com,,USD,Juice,Apple Drink 200ml Fruit Drink,2470,4400,21,30,,2026-04-12T09:00:33.210Z,27
69db5f301544410012425991,Red Cocktail Drink 1L Fruit Drink,Red Cocktail Drink 1L Fruit Drink,5.75,,,108,12,Carton,Lamar,False,physical,https://cdn.swell.store/sodu/69db5f30154441001242598f/fe440d29605dc07a875ca865273d574f/1M2J16lZJLmFCbuDC5I3.jpg,Lamar,lamar@sodu.com,,USD,Juice,Red Cocktail Drink 1L Fruit Drink,1080,2000,21,30,,2026-04-12T09:00:32.321Z,12
69db5f2f154441001242597b,Pineapple Drink 1L Fruit Drink,Pineapple Drink 1L Fruit Drink,6,,,108,12,Carton,Lamar,False,physical,https://cdn.swell.store/sodu/69db5f2f154441001242596b/84d348bae3c02d783f71847da2dc152f/Y3pKcS8YjVEjjGhePFea.jpg,Lamar,lamar@sodu.com,,USD,Juice,Pineapple Drink 1L Fruit Drink,1080,2000,21,30,,2026-04-12T09:00:31.423Z,12
69db5f2e1544410012425958,Peach Drink 1L Fruit Drink,Peach Drink 1L Fruit Drink,6,,,108,12,Carton,Lamar,False,physical,https://cdn.swell.store/sodu/69db5f2e1544410012425951/87fbbd89307b3a5a4eff001f9d2eafdd/o0ohP0ULCyBCu7S30vQv.jpg,Lamar,lamar@sodu.com,,USD,Juice,Peach Drink 1L Fruit Drink,1080,2000,21,30,,2026-04-12T09:00:30.515Z,12
69db5f2d1544410012425914,Orange Drink 1L Fruit Drink,Orange Drink 1L Fruit Drink,6,,,108,12,Carton,Lamar,False,physical,https://cdn.swell.store/sodu/69db5f2d1544410012425912/80ddf83c12640dde1f812bb46ecd3fc2/IQm4wbMramWX978B7uGu.jpg,Lamar,lamar@sodu.com,,USD,Juice,Orange Drink 1L Fruit Drink,1080,2000,21,30,,2026-04-12T09:00:29.570Z,12
69db5f2c15444100124258fd,Mango Drink 1L Fruit Drink,Mango Drink 1L Fruit Drink,6,,,108,12,Carton,Lamar,False,physical,https://cdn.swell.store/sodu/69db5f2c15444100124258fb/e0ac9fe2824257857c610bc04021a794/wGMEh4vA0ipn9SjCnRkZ.jpg,Lamar,lamar@sodu.com,,USD,Juice,Mango Drink 1L Fruit Drink,1080,2000,21,30,,2026-04-12T09:00:28.668Z,12
69db5f2b15444100124258e5,Lemon Drink 1L Fruit Drink,Lemon Drink 1L Fruit Drink,5.75,,,108,12,Carton,Lamar,False,physical,https://cdn.swell.store/sodu/69db5f2b15444100124258e3/9279113553bd36173a4e9bd423ba9172/gpAsBDSpSoKgfPGlEZbL.jpg,Lamar,lamar@sodu.com,,USD,Juice,Lemon Drink 1L Fruit Drink,1080,2000,21,30,,2026-04-12T09:00:27.744Z,12
69db5f2a15444100124258d0,Guava Drink 1L Fruit Drink,Guava Drink 1L Fruit Drink,5.75,,,108,12,Carton,Lamar,False,physical,https://cdn.swell.store/sodu/69db5f2a15444100124258cd/6a4c55e2967c9a5abb8073b6be6b129b/YdA8BYTtnMW79klN2zMd.jpg,Lamar,lamar@sodu.com,,USD,Juice,Guava Drink 1L Fruit Drink,1080,2000,21,30,,2026-04-12T09:00:26.845Z,12
69db5f2a15444100124258b7,Apple Drink 1L Fruit Drink,Apple Drink 1L Fruit Drink,5.75,,,108,12,Carton,Lamar,False,physical,https://cdn.swell.store/sodu/69db5f2915444100124258b5/185916b1747d5545d915561f20160180/22AdqZuPDRsw8vzRrqbk.jpg,Lamar,lamar@sodu.com,,USD,Juice,Apple Drink 1L Fruit Drink,1080,2000,21,30,,2026-04-12T09:00:25.926Z,12
69db5f29154441001242589c,Tomato Juice 200ml 100% Juice,Tomato Juice 200ml 100% Juice,3.5,,,247,27,Carton,Lamar,False,physical,https://cdn.swell.store/sodu/69db5f281544410012425895/d0ec71f51b3ea07c22d189af2eb13962/XueE1TU2VH2Oc0jaTBOz.png,Lamar,lamar@sodu.com,,USD,Juice,Tomato Juice 200ml 100% Juice,2470,4400,21,30,,2026-04-12T09:00:24.873Z,27
69db5f27154441001242587e,Red Grapes Juice 200ml 100% Juice,Red Grapes Juice 200ml 100% Juice,6.5,,,247,27,Carton,Lamar,False,physical,https://cdn.swell.store/sodu/69db5f271544410012425879/8648679efd02f34f8dc557332c7ceaf2/YHydyc29EsR8fj7r4v7P.png,Lamar,lamar@sodu.com,,USD,Juice,Red Grapes Juice 200ml 100% Juice,2470,4400,21,30,,2026-04-12T09:00:23.297Z,27
69db5f261544410012425864,Pomegranate Juice 200ml 100% Juice,Pomegranate Juice 200ml 100% Juice,6.5,,,247,27,Carton,Lamar,False,physical,https://cdn.swell.store/sodu/69db5f251544410012425861/18eaa301a4add565a97d0ebc5affc58c/M0KBDFZF5S2uSlMzMVeq.png,Lamar,lamar@sodu.com,,USD,Juice,Pomegranate Juice 200ml 100% Juice,2470,4400,21,30,,2026-04-12T09:00:21.918Z,27
69db5f241544410012425844,Pineapple Juice Blend 200ml 100% Juice,Pineapple Juice Blend 200ml 100% Juice,7.25,,,247,27,Carton,Lamar,False,physical,https://cdn.swell.store/sodu/69db5f241544410012425842/8312cf7d42c259ca2517eb5b5b144ef9/HeW7EPKGIEzebamKIlob.png,Lamar,lamar@sodu.com,,USD,Juice,Pineapple Juice Blend 200ml 100% Juice,2470,4400,21,30,,2026-04-12T09:00:20.580Z,27
69db5f22154441001242581b,Orange Juice 200ml 100% Juice,Orange Juice 200ml 100% Juice,6.75,,,247,27,Carton,Lamar,False,physical,https://cdn.swell.store/sodu/69db5f221544410012425817/c9f0c8fc9a3ead1f1546ea87f2bb5028/ARjwTbLCvWWm3lqB7Ayv.png,Lamar,lamar@sodu.com,,USD,Juice,Orange Juice 200ml 100% Juice,2470,4400,21,30,,2026-04-12T09:00:18.889Z,27
69db5f2115444100124257fe,Mango Juice Blend 200ml 100% Juice,Mango Juice Blend 200ml 100% Juice,6.5,,,247,27,Carton,Lamar,False,physical,https://cdn.swell.store/sodu/69db5f2015444100124257f9/8312cf7d42c259ca2517eb5b5b144ef9/HeW7EPKGIEzebamKIlob.png,Lamar,lamar@sodu.com,,USD,Juice,Mango Juice Blend 200ml 100% Juice,2470,4400,21,30,,2026-04-12T09:00:17.005Z,27
69db5f1f15444100124257e4,Guava Juice 200ml 100% Juice,Guava Juice 200ml 100% Juice,6.25,,,247,27,Carton,Lamar,False,physical,https://cdn.swell.store/sodu/69db5f1e15444100124257dd/31cc7f74947026ec72f62cebd6da6052/0Wx95SBD974LMLGSnI5L.png,Lamar,lamar@sodu.com,,USD,Juice,Guava Juice 200ml 100% Juice,2470,4400,21,30,,2026-04-12T09:00:15.012Z,27
69db5f1c15444100124257b9,Cranberry Juice 200ml 100% Juice,Cranberry Juice 200ml 100% Juice,6.25,,,247,27,Carton,Lamar,False,physical,https://cdn.swell.store/sodu/69db5f1c15444100124257b7/9749e5658f7f38a40d2654fb29bb85c1/OIBJrGZCHXj9sm2DjJck.png,Lamar,lamar@sodu.com,,USD,Juice,Cranberry Juice 200ml 100% Juice,2470,4400,21,30,,2026-04-12T09:00:12.270Z,27
69db5f181544410012425790,Apple Juice 200ml 100% Juice,Apple Juice 200ml 100% Juice,6.25,,,247,27,Carton,Lamar,False,physical,https://cdn.swell.store/sodu/69db5f18154441001242578e/392901d065f4bcfa659951cb743cf813/QILwTlcuPgHxPP8h7ej4.png,Lamar,lamar@sodu.com,,USD,Juice,Apple Juice 200ml 100% Juice,2470,4400,21,30,,2026-04-12T09:00:08.346Z,27
69db5f141544410012425770,Tomato Juice 1L 100% Juice,Tomato Juice 1L 100% Juice,7,,,108,12,Carton,Lamar,False,physical,https://cdn.swell.store/sodu/69db5f14154441001242576c/d0ec71f51b3ea07c22d189af2eb13962/XueE1TU2VH2Oc0jaTBOz.png,Lamar,lamar@sodu.com,,USD,Juice,Tomato Juice 1L 100% Juice,1080,2000,21,30,,2026-04-12T09:00:04.201Z,12
69db5f10154441001242574e,Red Grapes Juice 1L 100% Juice,Red Grapes Juice 1L 100% Juice,13.75,,,108,12,Carton,Lamar,False,physical,https://cdn.swell.store/sodu/69db5f10154441001242574a/8648679efd02f34f8dc557332c7ceaf2/YHydyc29EsR8fj7r4v7P.png,Lamar,lamar@sodu.com,,USD,Juice,Red Grapes Juice 1L 100% Juice,1080,2000,21,30,,2026-04-12T09:00:00.188Z,12
69db5f0e1544410012425737,Pomegranate Juice 1L 100% Juice,Pomegranate Juice 1L 100% Juice,13,,,108,12,Carton,Lamar,False,physical,https://cdn.swell.store/sodu/69db5f0e1544410012425735/18eaa301a4add565a97d0ebc5affc58c/M0KBDFZF5S2uSlMzMVeq.png,Lamar,lamar@sodu.com,,USD,Juice,Pomegranate Juice 1L 100% Juice,1080,2000,21,30,,2026-04-12T08:59:58.826Z,12
69db5f0d154441001242571d,Pineapple Juice Blend 1L 100% Juice,Pineapple Juice Blend 1L 100% Juice,14.5,,,108,12,Carton,Lamar,False,physical,https://cdn.swell.store/sodu/69db5f0d1544410012425719/8312cf7d42c259ca2517eb5b5b144ef9/HeW7EPKGIEzebamKIlob.png,Lamar,lamar@sodu.com,,USD,Juice,Pineapple Juice Blend 1L 100% Juice,1080,2000,21,30,,2026-04-12T08:59:57.263Z,12
69db5f0b1544410012425707,Orange Juice 1L 100% Juice,Orange Juice 1L 100% Juice,14,,,108,12,Carton,Lamar,False,physical,https://cdn.swell.store/sodu/69db5f0b1544410012425702/c9f0c8fc9a3ead1f1546ea87f2bb5028/ARjwTbLCvWWm3lqB7Ayv.png,Lamar,lamar@sodu.com,,USD,Juice,Orange Juice 1L 100% Juice,1080,2000,21,30,,2026-04-12T08:59:55.891Z,12
69db5f0a15444100124256ea,Mango Juice Blend 1L 100% Juice,Mango Juice Blend 1L 100% Juice,13,,,108,12,Carton,Lamar,False,physical,https://cdn.swell.store/sodu/69db5f0a15444100124256e8/8312cf7d42c259ca2517eb5b5b144ef9/HeW7EPKGIEzebamKIlob.png,Lamar,lamar@sodu.com,,USD,Juice,Mango Juice Blend 1L 100% Juice,1080,2000,21,30,,2026-04-12T08:59:54.529Z,12
69db5f0815444100124256cf,Guava Juice 1L 100% Juice,Guava Juice 1L 100% Juice,12.5,,,108,12,Carton,Lamar,False,physical,https://cdn.swell.store/sodu/69db5f0815444100124256cd/31cc7f74947026ec72f62cebd6da6052/0Wx95SBD974LMLGSnI5L.png,Lamar,lamar@sodu.com,,USD,Juice,Guava Juice 1L 100% Juice,1080,2000,21,30,,2026-04-12T08:59:52.879Z,12
69db5f0715444100124256b3,Cranberry Juice 1L 100% Juice,Cranberry Juice 1L 100% Juice,12.5,,,108,12,Carton,Lamar,False,physical,https://cdn.swell.store/sodu/69db5f0615444100124256ab/9749e5658f7f38a40d2654fb29bb85c1/OIBJrGZCHXj9sm2DjJck.png,Lamar,lamar@sodu.com,,USD,Juice,Cranberry Juice 1L 100% Juice,1080,2000,21,30,,2026-04-12T08:59:51.080Z,12
69db5f05154441001242569a,Apple Juice 1L 100% Juice,Apple Juice 1L 100% Juice,12.5,,,108,12,Carton,Lamar,False,physical,https://cdn.swell.store/sodu/69db5f051544410012425698/392901d065f4bcfa659951cb743cf813/QILwTlcuPgHxPP8h7ej4.png,Lamar,lamar@sodu.com,,USD,Juice,Apple Juice 1L 100% Juice,1080,2000,21,30,,2026-04-12T08:59:49.233Z,12
69db5f01154441001242567e,Flavored Milk Cookies & Cream 200ml,Flavored Milk Cookies & Cream 200ml,5.5,,,247,27,Carton,Lamar,False,physical,https://cdn.swell.store/sodu/69db5f01154441001242567b/11f51f47e9f5d0cd57d9bd4562e1944c/575793_main.jpg,Lamar,lamar@sodu.com,,USD,Milk,Flavored Milk Cookies & Cream 200ml,2470,4400,21,30,,2026-04-12T08:59:45.652Z,27
69db5f001544410012425664,Flavored Milk Banana 200ml,Flavored Milk Banana 200ml,5.25,,,247,27,Carton,Lamar,False,physical,https://cdn.swell.store/sodu/69db5f001544410012425661/6bce47b60d05473cb1b8e66f2c5fad21/528324_main.jpg,Lamar,lamar@sodu.com,,USD,Milk,Flavored Milk Banana 200ml,2470,4400,21,30,,2026-04-12T08:59:44.732Z,27
69db5eff1544410012425642,Flavored Milk Strawberry 200ml,Flavored Milk Strawberry 200ml,5.25,,,247,27,Carton,Lamar,False,physical,https://cdn.swell.store/sodu/69db5eff154441001242563f/88e09ca62746c3f3c3b6efcf7bea7b0c/528323_main.jpg,Lamar,lamar@sodu.com,,USD,Milk,Flavored Milk Strawberry 200ml,2470,4400,21,30,,2026-04-12T08:59:43.692Z,27
69db5efe154441001242562a,Flavored Milk Chocolate 200ml,Flavored Milk Chocolate 200ml,5.5,,,247,27,Carton,Lamar,False,physical,https://cdn.swell.store/sodu/69db5efe1544410012425627/878a83e375011ff8208f5c09fe3422ac/528322_main.jpg,Lamar,lamar@sodu.com,,USD,Milk,Flavored Milk Chocolate 200ml,2470,4400,21,30,,2026-04-12T08:59:42.836Z,27
69db5efe1544410012425612,Flavored Milk Chocolate 1L,Flavored Milk Chocolate 1L,11.5,,,108,12,Carton,Lamar,False,physical,https://cdn.swell.store/sodu/69db5efd154441001242560f/e42586f771bc9bfeaeddcf39b3cfbd57/534370_main.jpg,Lamar,lamar@sodu.com,,USD,Milk,Flavored Milk Chocolate 1L,1080,2000,21,30,,2026-04-12T08:59:41.937Z,12
69db5efd15444100124255f9,Skimmed Milk 200ml,Skimmed Milk 200ml,4.75,,,247,27,Carton,Lamar,False,physical,https://cdn.swell.store/sodu/69db5efc15444100124255f7/8b47055ce4f2174e924b38793a198f3f/594890_main.jpg,Lamar,lamar@sodu.com,,USD,Milk,Skimmed Milk 200ml,2470,4400,21,30,,2026-04-12T08:59:41.069Z,27
69db5efc15444100124255dd,Full Cream Milk 200ml,Full Cream Milk 200ml,4.75,,,247,27,Carton,Lamar,False,physical,https://cdn.swell.store/sodu/69db5efc15444100124255da/99ceb80d5ba184589290c43bc0fc0835/401766_main.jpg,Lamar,lamar@sodu.com,,USD,Milk,Full Cream Milk 200ml,2470,4400,21,30,,2026-04-12T08:59:40.206Z,27
69db5efb15444100124255c0,LACTOSE FREE Skimmed Milk 1L,LACTOSE FREE Skimmed Milk 1L,11.5,,,108,12,Carton,Lamar,False,physical,https://cdn.swell.store/sodu/69db5efb15444100124255bc/f09dc3b3363f9b18c6bc426c1361e1ba/AZ7cDhZSSHyoefZjqvQS.png,Lamar,lamar@sodu.com,,USD,Milk,LACTOSE FREE Skimmed Milk 1L,1080,2000,21,30,,2026-04-12T08:59:39.279Z,12
69db5efa15444100124255a8,LACTOSE FREE Full Cream Milk 1L,LACTOSE FREE Full Cream Milk 1L,11.5,,,108,12,Carton,Lamar,False,physical,https://cdn.swell.store/sodu/69db5ef915444100124255a6/e0a6a7520b3307feb459aafb82cc7f53/IhvmpOAasW19Z0PyOebY.png,Lamar,lamar@sodu.com,,USD,Milk,LACTOSE FREE Full Cream Milk 1L,1080,2000,21,30,,2026-04-12T08:59:38.019Z,12
69db5ef71544410012425590,0% Fat Milk 1L,0% Fat Milk 1L,9.75,,,108,12,Carton,Lamar,False,physical,https://cdn.swell.store/sodu/69db5ef6154441001242558d/f5594d0b0c27c2d018871429d9f44e03/JTVyyVGjUAQw18D1q19F.jpg,Lamar,lamar@sodu.com,,USD,Milk,0% Fat Milk 1L,1080,2000,21,30,,2026-04-12T08:59:35.021Z,12
69db5ef6154441001242556b,Skimmed Milk 1L,Skimmed Milk 1L,9.5,,,108,12,Carton,Lamar,False,physical,https://cdn.swell.store/sodu/69db5ef51544410012425569/ddf50935ca366a719c36b8d06dab2aef/362476_main.jpg,Lamar,lamar@sodu.com,,USD,Milk,Skimmed Milk 1L,1080,2000,21,30,,2026-04-12T08:59:34.086Z,12
69db5ef51544410012425555,Semi Skimmed Milk 1L,Semi Skimmed Milk 1L,9.5,,,108,12,Carton,Lamar,False,physical,https://cdn.swell.store/sodu/69db5ef51544410012425550/9ce2cc68c0e896482df95e98cfa6d918/2ZRqaipATtfNfRdj2HIo.jpg,Lamar,lamar@sodu.com,,USD,Milk,Semi Skimmed Milk 1L,1080,2000,21,30,,2026-04-12T08:59:33.180Z,12
69db5ef31544410012425534,Full Cream Milk 1L,Full Cream Milk 1L,9.75,,,108,12,Carton,Lamar,False,physical,https://cdn.swell.store/sodu/69db5ef3154441001242552d/9aecceeef82ec42444476e81628961df/362475_main.jpg,Lamar,lamar@sodu.com,,USD,Milk,Full Cream Milk 1L,1080,2000,21,30,,2026-04-12T08:59:31.791Z,12
69cd0086afd6d9001262fb79,Turbo Bromo ,Turbo Bromo ,7.72,,,432,12,Carton,Turbo Max,False,physical,https://cdn.swell.store/sodu/69ccf8054b9b320012aa100e/1aed26306daefa38730716779241858c/155%20(24).jpeg,Turbo Max,turbomax@sodu.com,,USD,Pest Control,Turbo Bromo ,4320,8640,21,30,20 x 10 x 15 cm,,12
69cd0086afd6d9001262fb6a,Turbo Fast 500 ml,Turbo Fast 500 ml,14.89,,,108,12,Carton,Turbo Max,False,physical,https://cdn.swell.store/sodu/69ccf8054b9b320012aa1008/2392be755284e3fa040f038cba783430/155%20(22).jpeg,Turbo Max,turbomax@sodu.com,,USD,Pest Control,Turbo Fast 500 ml,1080,2160,21,30,37 x 17 x 27 cm,,12
69cd0085afd6d9001262fb53,Turbo Bugs Green 1 liter,Turbo Bugs Green 1 liter,30,,,60,12,Carton,Turbo Max,False,physical,https://cdn.swell.store/sodu/69ccf8054b9b320012aa1005/dcc8c131fdd9c3f5bd32b67fb2beaa85/155%20(21).jpeg,Turbo Max,turbomax@sodu.com,,USD,Pest Control,Turbo Bugs Green 1 liter,600,1200,21,30,30 x 23 x 30 cm,,12
69cd0085afd6d9001262fb46,Turbo Fly Blue 500 ml,Turbo Fly Blue 500 ml,12,,,108,12,Carton,Turbo Max,False,physical,https://cdn.swell.store/sodu/69ccf8054b9b320012aa1002/d52ec29d7ac7ffc53201be2597f12312/155%20(20).jpeg,Turbo Max,turbomax@sodu.com,,USD,Pest Control,Turbo Fly Blue 500 ml,1080,2160,21,30,37 x 17 x 27 cm,,12
69cd0085afd6d9001262fb39,Turbo Max Red 500 ml,Turbo Max Red 500 ml,18,,,108,12,Carton,Turbo Max,False,physical,https://cdn.swell.store/sodu/69ccf8044b9b320012aa0fff/5f8e865525baf04bdf52c340a37d7a36/155%20(19).jpeg,Turbo Max,turbomax@sodu.com,,USD,Pest Control,Turbo Max Red 500 ml,1080,2160,21,30,37 x 17 x 27 cm,,12
69cd0084afd6d9001262fb2c,Shift Super Foam Mint 500 ml,Shift Super Foam Mint 500 ml,14.5,,,70,12,Carton,Turbo Max,False,physical,https://cdn.swell.store/sodu/69ccf8914b9b320012aa1212/353c68651b3bc2db7a0ed60ecaca6146/155%20(7).jpeg,Turbo Max,turbomax@sodu.com,,USD,Cleaning - Multi Purpose,Shift Super Foam Mint 500 ml,700,1400,21,30,40 x 20 x 25 cm,,12
69cd0084afd6d9001262fb1e,Shift Super Foam Lemon 500 ml,Shift Super Foam Lemon 500 ml,14.5,,,70,12,Carton,Turbo Max,False,physical,https://cdn.swell.store/sodu/69ccf8914b9b320012aa1218/9de0bac55ce1efed9f064ac415bc11d0/155%20(18).jpeg,Turbo Max,turbomax@sodu.com,,USD,Cleaning - Multi Purpose,Shift Super Foam Lemon 500 ml,700,1400,21,30,40 x 20 x 25 cm,,12
69cd00837c22f3001242613c,Shift Super Foam Lavender 500 ml,Shift Super Foam Lavender 500 ml,14.5,,,70,12,Carton,Turbo Max,False,physical,https://cdn.swell.store/sodu/69ccf8904b9b320012aa120f/471f6b52887962b2e6a0cdbc276097d3/155%20(6).jpeg,Turbo Max,turbomax@sodu.com,,USD,Cleaning - Multi Purpose,Shift Super Foam Lavender 500 ml,700,1400,21,30,40 x 20 x 25 cm,,12
69cd00837c22f3001242612d,Shift Super Foam Peach 500 ml,Shift Super Foam Peach 500 ml,14.5,,,70,12,Carton,Turbo Max,False,physical,https://cdn.swell.store/sodu/69ccf8904b9b320012aa120b/3286544f97c04b98d5d5df59018d7f2b/155%20(5).jpeg,Turbo Max,turbomax@sodu.com,,USD,Cleaning - Multi Purpose,Shift Super Foam Peach 500 ml,700,1400,21,30,40 x 20 x 25 cm,,12
69cd00827c22f3001242611b,Shift Super Foam Green Apple 500 ml,Shift Super Foam Green Apple 500 ml,14.5,,,70,12,Carton,Turbo Max,False,physical,https://cdn.swell.store/sodu/69ccf8914b9b320012aa1215/b6905b16d3779338615febe46d95161d/155%20(8).jpeg,Turbo Max,turbomax@sodu.com,,USD,Cleaning - Multi Purpose,Shift Super Foam Green Apple 500 ml,700,1400,21,30,40 x 20 x 25 cm,,12
69cd00827c22f3001242610c,Pacito Air Freshener Pomegranate 500 ml,Pacito Air Freshener Pomegranate 500 ml,6.42,,,279,6,Carton,Turbo Max,False,physical,https://cdn.swell.store/sodu/69ccf85e4b9b320012aa1110/f4df29be6906f7235f14717a3fcbc73d/155%20(33).jpeg,Turbo Max,turbomax@sodu.com,,USD,Air Freshener,Pacito Air Freshener Pomegranate 500 ml,2790,5580,21,30,22 x 15 x 23 cm,,6
69cd00817c22f300124260fc,Pacito Air Freshener Oud 500 ml,Pacito Air Freshener Oud 500 ml,6.42,,,279,6,Carton,Turbo Max,False,physical,https://cdn.swell.store/sodu/69ccf85d4b9b320012aa110d/ab4818e42dd1b3f108549563ae8ca7b7/155%20(31).jpeg,Turbo Max,turbomax@sodu.com,,USD,Air Freshener,Pacito Air Freshener Oud 500 ml,2790,5580,21,30,22 x 15 x 23 cm,,6
69cd00817c22f300124260ed,Pacito Air Freshener Watermelon 500 ml,Pacito Air Freshener Watermelon 500 ml,6.42,,,279,6,Carton,Turbo Max,False,physical,https://cdn.swell.store/sodu/69ccf85d4b9b320012aa110a/c13cac473ae69bc51fec5b479e4b36e1/155%20(28).jpeg,Turbo Max,turbomax@sodu.com,,USD,Air Freshener,Pacito Air Freshener Watermelon 500 ml,2790,5580,21,30,22 x 15 x 23 cm,,6
69cd00817c22f300124260dd,Pacito Air Freshener Coffee 500 ml,Pacito Air Freshener Coffee 500 ml,6.42,,,279,6,Carton,Turbo Max,False,physical,https://cdn.swell.store/sodu/69ccf85d4b9b320012aa1107/35a03a44f02b779b8ed7b810708ff354/155%20(27).jpeg,Turbo Max,turbomax@sodu.com,,USD,Air Freshener,Pacito Air Freshener Coffee 500 ml,2790,5580,21,30,22 x 15 x 23 cm,,6
69cd00807c22f300124260cd,Pacito Air Freshener Magic of East 500 ml,Pacito Air Freshener Magic of East 500 ml,6.42,,,279,6,Carton,Turbo Max,False,physical,https://cdn.swell.store/sodu/69ccf85d4b9b320012aa1104/cfe92a479ca8c87af8bffe7c83ee7f42/155%20(17).jpeg,Turbo Max,turbomax@sodu.com,,USD,Air Freshener,Pacito Air Freshener Magic of East 500 ml,2790,5580,21,30,22 x 15 x 23 cm,,6
69cd00807c22f300124260be,Pacito Air Freshener Papaya 500 ml,Pacito Air Freshener Papaya 500 ml,6.42,,,279,6,Carton,Turbo Max,False,physical,https://cdn.swell.store/sodu/69ccf85c4b9b320012aa1101/cb3a8d808588be3c97b78e9896483506/155%20(16).jpeg,Turbo Max,turbomax@sodu.com,,USD,Air Freshener,Pacito Air Freshener Papaya 500 ml,2790,5580,21,30,22 x 15 x 23 cm,,6
69cd007f7c22f300124260af,Pacito Air Freshener Peach 500 ml,Pacito Air Freshener Peach 500 ml,6.42,,,279,6,Carton,Turbo Max,False,physical,https://cdn.swell.store/sodu/69ccf85c4b9b320012aa10fd/68cbc413af3656f66fe49f29e1c37ca8/155%20(15).jpeg,Turbo Max,turbomax@sodu.com,,USD,Air Freshener,Pacito Air Freshener Peach 500 ml,2790,5580,21,30,22 x 15 x 23 cm,,6
69cd007f7c22f3001242609f,Pacito Air Freshener Black Ice 500 ml,Pacito Air Freshener Black Ice 500 ml,6.42,,,279,6,Carton,Turbo Max,False,physical,https://cdn.swell.store/sodu/69ccf85c4b9b320012aa10fa/0b53c14e0cbfa708b4988439f82c1e5e/155%20(4).jpeg,Turbo Max,turbomax@sodu.com,,USD,Air Freshener,Pacito Air Freshener Black Ice 500 ml,2790,5580,21,30,22 x 15 x 23 cm,,6
69cd007f7c22f30012426090,Pacito Air Freshener Cassilia (Flowers) 500 ml,Pacito Air Freshener Cassilia (Flowers) 500 ml,6.42,,,279,6,Carton,Turbo Max,False,physical,https://cdn.swell.store/sodu/69ccf85e4b9b320012aa1121/33b2301b43ffc34680c22394fa8c1dfc/155%20(3).jpeg,Turbo Max,turbomax@sodu.com,,USD,Air Freshener,Pacito Air Freshener Cassilia (Flowers) 500 ml,2790,5580,21,30,22 x 15 x 23 cm,,6
69cd007e7c22f3001242607e,Pacito Air Freshener Mixed Berry 500 ml,Pacito Air Freshener Mixed Berry 500 ml,6.42,,,279,6,Carton,Turbo Max,False,physical,https://cdn.swell.store/sodu/69ccf85e4b9b320012aa111c/5af3d8580b9ab61a90c698185bafd38c/155%20(1).jpeg,Turbo Max,turbomax@sodu.com,,USD,Air Freshener,Pacito Air Freshener Mixed Berry 500 ml,2790,5580,21,30,22 x 15 x 23 cm,,6
69cd007e7c22f3001242606a,Pacito Jasmine Hand Soap 500 ml,Pacito Jasmine Hand Soap 500 ml,4.62,,,279,6,Carton,Turbo Max,False,physical,https://cdn.swell.store/sodu/69ccf8b04b9b320012aa132e/9c4bc18277e0467bb64079e87f07ccdd/155%20(34).jpeg,Turbo Max,turbomax@sodu.com,,USD,Hand Soap,Pacito Jasmine Hand Soap 500 ml,2790,5580,21,30,22 x 15 x 23 cm,,6
69cd007d7c22f30012426059,Pacito Oud Hand Soap 500 ml,Pacito Oud Hand Soap 500 ml,4.62,,,279,6,Carton,Turbo Max,False,physical,https://cdn.swell.store/sodu/69ccf8b04b9b320012aa132b/5a23a3680e651a7e01fd6cb17bd96549/155%20(32).jpeg,Turbo Max,turbomax@sodu.com,,USD,Hand Soap,Pacito Oud Hand Soap 500 ml,2790,5580,21,30,22 x 15 x 23 cm,,6
69cd007d7c22f3001242604a,Pacito Black Berry Hand Soap 500 ml,Pacito Black Berry Hand Soap 500 ml,4.62,,,279,6,Carton,Turbo Max,False,physical,https://cdn.swell.store/sodu/69ccf8b04b9b320012aa1328/7c97ed3f59df216c88006e4b9cf20523/155%20(14).jpeg,Turbo Max,turbomax@sodu.com,,USD,Hand Soap,Pacito Black Berry Hand Soap 500 ml,2790,5580,21,30,22 x 15 x 23 cm,,6
69cd007d7c22f3001242603b,Pacito Cantaloupe Hand Soap 500 ml,Pacito Cantaloupe Hand Soap 500 ml,4.62,,,279,6,Carton,Turbo Max,False,physical,https://cdn.swell.store/sodu/69ccf8b04b9b320012aa1324/7b33ed08ac8c9fea9ee0f4fd66352047/155%20(13).jpeg,Turbo Max,turbomax@sodu.com,,USD,Hand Soap,Pacito Cantaloupe Hand Soap 500 ml,2790,5580,21,30,22 x 15 x 23 cm,,6
69cd007c7c22f3001242602b,Pacito Lavender Hand Soap 500 ml,Pacito Lavender Hand Soap 500 ml,4.62,,,279,6,Carton,Turbo Max,False,physical,https://cdn.swell.store/sodu/69ccf8af4b9b320012aa1321/97f86c17885e22bce221f2473c6e5547/155%20(10).jpeg,Turbo Max,turbomax@sodu.com,,USD,Hand Soap,Pacito Lavender Hand Soap 500 ml,2790,5580,21,30,22 x 15 x 23 cm,,6
69cd007c7c22f30012426013,Pacito Antibacterial Hand Soap 500 ml,Pacito Antibacterial Hand Soap 500 ml,4.62,,,279,6,Carton,Turbo Max,False,physical,https://cdn.swell.store/sodu/69ccf8af4b9b320012aa131e/76a707551007a3b4dc00def4caf9bf3a/155%20(2).jpeg,Turbo Max,turbomax@sodu.com,,USD,Hand Soap,Pacito Antibacterial Hand Soap 500 ml,2790,5580,21,30,22 x 15 x 23 cm,,6
69cd007b7c22f30012426005,Pacito Shower Gel Coconut 1 liter,Pacito Shower Gel Coconut 1 liter,9.3,,,126,6,Carton,Turbo Max,False,physical,https://cdn.swell.store/sodu/69ccf8a24b9b320012aa1277/b806441106b910a571b0764ed5489384/155%20(9).jpeg,Turbo Max,turbomax@sodu.com,,USD,Shower Gel,Pacito Shower Gel Coconut 1 liter,1260,2520,21,30,27 x 18 x 30 cm,,6
69cd007b7c22f30012425fed,Pacito Shower Gel Cantaloupe 1 liter,Pacito Shower Gel Cantaloupe 1 liter,9.3,,,126,6,Carton,Turbo Max,False,physical,https://cdn.swell.store/sodu/69ccf8a34b9b320012aa1283/155c98478332dc010e5a200596b4fdac/155%20(30).jpeg,Turbo Max,turbomax@sodu.com,,USD,Shower Gel,Pacito Shower Gel Cantaloupe 1 liter,1260,2520,21,30,27 x 18 x 30 cm,,6
69cd007b7c22f30012425fdf,Pacito Shower Gel Bubble Gum 1 liter,Pacito Shower Gel Bubble Gum 1 liter,9.3,,,126,6,Carton,Turbo Max,False,physical,https://cdn.swell.store/sodu/69ccf8a34b9b320012aa1280/83556e728cc541bed53ceaf5cc61d685/155%20(29).jpeg,Turbo Max,turbomax@sodu.com,,USD,Shower Gel,Pacito Shower Gel Bubble Gum 1 liter,1260,2520,21,30,27 x 18 x 30 cm,,6
69cd007a7c22f30012425fd2,Pacito Shower Gel Lavender 1 liter,Pacito Shower Gel Lavender 1 liter,9.3,,,126,6,Carton,Turbo Max,False,physical,https://cdn.swell.store/sodu/69ccf8a34b9b320012aa127d/d4dd45d8685a2de1ac82e4e5fd1cde29/155%20(12).jpeg,Turbo Max,turbomax@sodu.com,,USD,Shower Gel,Pacito Shower Gel Lavender 1 liter,1260,2520,21,30,27 x 18 x 30 cm,,6
69cd00797c22f30012425fc2,Pacito Shower Gel French Fragrance 1 liter,Pacito Shower Gel French Fragrance 1 liter,9.3,,,126,6,Carton,Turbo Max,False,physical,https://cdn.swell.store/sodu/69ccf8a34b9b320012aa127a/96e889a7a8e4b4909035863fbe5cf7f9/155%20(11).jpeg,Turbo Max,turbomax@sodu.com,,USD,Shower Gel,Pacito Shower Gel French Fragrance 1 liter,1260,2520,21,30,27 x 18 x 30 cm,,6
69ca990aa4edd700121a1268,Saegh Natural Vinegar – 1 Liter,Saegh Natural Vinegar – 1 Liter,3.4468,,,100,12,Carton,Alrabwa,False,physical,https://cdn.swell.store/sodu/69ca303671e6320012268b16/8101979af5c467537a6e690f9060c27c/155535.png,Alrabwa,alrabwa@sodu.com,,USD,Vinegar & Molasses,Saegh Natural Vinegar – 1 Liter,0,0,21,30,34 x 25 x 30 cm,,12
69ca9909a4edd700121a1256,Saegh Tomato Paste – 3kg,Saegh Tomato Paste – 3kg,12.4255,,,100,4,Carton,Alrabwa,False,physical,https://cdn.swell.store/sodu/69ca303571e6320012268b12/939548615657a744bb42dc428093ce32/155534.png,Alrabwa,alrabwa@sodu.com,,USD,Tomato Paste,Saegh Tomato Paste – 3kg,0,0,21,30,32 x 32 x 16 cm,,4
69ca9909a4edd700121a1247,Saegh Tomato Paste – 800g,Saegh Tomato Paste – 800g,12.5106,,,100,12,Carton,Alrabwa,False,physical,https://cdn.swell.store/sodu/69ca303571e6320012268b0a/5fbec25901d5ffb58b332540315d8de9/155533.png,Alrabwa,alrabwa@sodu.com,,USD,Tomato Paste,Saegh Tomato Paste – 800g,0,0,21,30,41 x 32 x 12 cm,,12
69ca9909a4edd700121a1236,Saegh Tomato Paste – 400g,Saegh Tomato Paste – 400g,6.6383,,,100,12,Carton,Alrabwa,False,physical,https://cdn.swell.store/sodu/69ca303571e6320012268b07/86abcd37e5a72376a22fe6a3a72366b5/155532.png,Alrabwa,alrabwa@sodu.com,,USD,Tomato Paste,Saegh Tomato Paste – 400g,0,0,21,30,32 x 23 x 11 cm,,12
69ca9908a4edd700121a1225,Saegh Tomato Paste – 320g,Saegh Tomato Paste – 320g,4.8511,,,100,12,Carton,Alrabwa,False,physical,https://cdn.swell.store/sodu/69ca303971e6320012268b5c/71f7456e5d0bb2498ae472050318773b/155531.png,Alrabwa,alrabwa@sodu.com,,USD,Tomato Paste,Saegh Tomato Paste – 320g,0,0,21,30,51 x 32 x 14 cm,,12
69ca9908a4edd700121a1214,Saegh Blackstrap Molasses – 450g Glass,Saegh Blackstrap Molasses – 450g Glass,5.617,,,100,12,Carton,Alrabwa,False,physical,https://cdn.swell.store/sodu/69ca303971e6320012268b53/ceade8ba6867c06fbe1a38815091e98f/155530.jpg,Alrabwa,alrabwa@sodu.com,,USD,Vinegar & Molasses,Saegh Blackstrap Molasses – 450g Glass,0,0,21,30,51 x 32 x 14 cm,,12
69ca9907a4edd700121a1205,Saegh Blackstrap Molasses – 700g Jar,Saegh Blackstrap Molasses – 700g Jar,5.617,,,100,12,Carton,Alrabwa,False,physical,https://cdn.swell.store/sodu/69ca303971e6320012268b4f/f79f01799624998d870132ae718d4741/155529.jpg,Alrabwa,alrabwa@sodu.com,,USD,Vinegar & Molasses,Saegh Blackstrap Molasses – 700g Jar,0,0,21,30,51 x 32 x 14 cm,,12
69ca9907a4edd700121a11f5,Saegh Blackstrap Molasses – 1200g Jar,Saegh Blackstrap Molasses – 1200g Jar,9.9574,,,100,12,Carton,Alrabwa,False,physical,https://cdn.swell.store/sodu/69ca303971e6320012268b4c/873aa920d55eb018dd0bc501cf461b66/155528.png,Alrabwa,alrabwa@sodu.com,,USD,Vinegar & Molasses,Saegh Blackstrap Molasses – 1200g Jar,0,0,21,30,39 x 30 x 15 cm,,12
69ca9907a4edd700121a11e3,Saegh Sliced Jalapeño Peppers – 720g,Saegh Sliced Jalapeño Peppers – 720g,11.7447,,,100,12,Carton,Alrabwa,False,physical,https://cdn.swell.store/sodu/69ca303871e6320012268b48/9c8d47c7a4798d1f96aba34ab0ca0f0e/155527.png,Alrabwa,alrabwa@sodu.com,,USD,Pickle,Saegh Sliced Jalapeño Peppers – 720g,0,0,21,30,35 x 26 x 16 cm,,12
69ca9906a4edd700121a11d4,Saegh Pickled Cucumbers Whole or Sliced – 700g,Saegh Pickled Cucumbers Whole or Sliced – 700g,15.0638,,,100,12,Carton,Alrabwa,False,physical,https://cdn.swell.store/sodu/69ca303871e6320012268b44/9434323f05a0f8ff9dcb09bad2b920b0/155526.png,Alrabwa,alrabwa@sodu.com,,USD,Pickle,Saegh Pickled Cucumbers Whole or Sliced – 700g,0,0,21,30,38 x 38 x 19 cm,,12
69ca9906a4edd700121a11c2,Saegh Texas Burger Sauce – 280g,Saegh Texas Burger Sauce – 280g,6.766,,,100,12,Carton,Alrabwa,False,physical,https://cdn.swell.store/sodu/69ca303871e6320012268b40/0f846977549ef0583d0c567ea284394d/155525.png,Alrabwa,alrabwa@sodu.com,,USD,Sauces,Saegh Texas Burger Sauce – 280g,0,0,21,30,34 x 37 x 16 cm,,12
69ca9905a4edd700121a11b2,Saegh Ranch Sauce – 280g,Saegh Ranch Sauce – 280g,8.4255,,,100,12,Carton,Alrabwa,False,physical,https://cdn.swell.store/sodu/69ca303871e6320012268b3c/e5f4f6836a6af3910ea2919763599684/155524.png,Alrabwa,alrabwa@sodu.com,,USD,Sauces,Saegh Ranch Sauce – 280g,0,0,21,30,34 x 37 x 16 cm,,12
69ca9905a4edd700121a11a2,Saegh Italian Pasta Sauce – 320g,Saegh Italian Pasta Sauce – 320g,7.9149,,,100,12,Carton,Alrabwa,False,physical,https://cdn.swell.store/sodu/69ca303771e6320012268b37/a91c3dc1d2b8c0705a682aaeed058725/155523.png,Alrabwa,alrabwa@sodu.com,,USD,Sauces,Saegh Italian Pasta Sauce – 320g,0,0,21,30,22 x 18 x 21 cm,,12
69ca9905a4edd700121a118f,Saegh Italian Pizza Sauce – 320g,Saegh Italian Pizza Sauce – 320g,7.9149,,,100,12,Carton,Alrabwa,False,physical,https://cdn.swell.store/sodu/69ca303771e6320012268b33/e4f6c3d6325769f982a7ed4f33246626/155522.png,Alrabwa,alrabwa@sodu.com,,USD,Sauces,Saegh Italian Pizza Sauce – 320g,0,0,21,30,22 x 18 x 21 cm,,12
69ca9904a4edd700121a1180,Saegh Sweet Chili Sauce – 280ml,Saegh Sweet Chili Sauce – 280ml,6.1277,,,100,12,Carton,Alrabwa,False,physical,https://cdn.swell.store/sodu/69ca303771e6320012268b30/c58c3f8d4da8e1b59587aef9770756a5/155521.png,Alrabwa,alrabwa@sodu.com,,USD,Sauces,Saegh Sweet Chili Sauce – 280ml,0,0,21,30,22 x 18 x 21 cm,,12
69ca9904a4edd700121a1170,Saegh Hot Chili Sauce – 280ml,Saegh Hot Chili Sauce – 280ml,5.617,,,100,12,Carton,Alrabwa,False,physical,https://cdn.swell.store/sodu/69ca303771e6320012268b25/690ee4b8c4a9db128a171a461550e143/155520.png,Alrabwa,alrabwa@sodu.com,,USD,Sauces,Saegh Hot Chili Sauce – 280ml,0,0,21,30,22 x 18 x 21 cm,,12
69ca9903a4edd700121a1160,Saegh Mexican Sauce – 280ml,Saegh Mexican Sauce – 280ml,6.6383,,,100,12,Carton,Alrabwa,False,physical,https://cdn.swell.store/sodu/69ca300171e63200122689d9/059d78e33a416ebf8e82c1e48166d09d/155519.png,Alrabwa,alrabwa@sodu.com,,USD,Sauces,Saegh Mexican Sauce – 280ml,0,0,21,30,22 x 18 x 21 cm,,12
69ca9903a4edd700121a114d,Saegh Mayo Ketchup Classic Sauce – 280ml,Saegh Mayo Ketchup Classic Sauce – 280ml,6.6383,,,100,12,Carton,Alrabwa,False,physical,https://cdn.swell.store/sodu/69ca300671e6320012268a2e/10f730ceda48d366194b8eabcc2de512/155518.png,Alrabwa,alrabwa@sodu.com,,USD,Sauces,Saegh Mayo Ketchup Classic Sauce – 280ml,0,0,21,30,22 x 18 x 21 cm,,12
69ca9903a4edd700121a1135,Saegh Red Hot Chili Sauce – 280ml,Saegh Red Hot Chili Sauce – 280ml,5.617,,,100,12,Carton,Alrabwa,False,physical,https://cdn.swell.store/sodu/69ca300671e6320012268a29/715a2c0a246bc396d05616607c8826a5/155517.png,Alrabwa,alrabwa@sodu.com,,USD,Sauces,Saegh Red Hot Chili Sauce – 280ml,0,0,21,30,22 x 18 x 21 cm,,12
69ca9902a4edd700121a1126,Saegh Barbecue Sauce – 280ml,Saegh Barbecue Sauce – 280ml,5.1064,,,100,12,Carton,Alrabwa,False,physical,https://cdn.swell.store/sodu/69ca300671e6320012268a25/6e8e444a5aff4569ca6cf06a12822e13/155516.png,Alrabwa,alrabwa@sodu.com,,USD,Sauces,Saegh Barbecue Sauce – 280ml,0,0,21,30,22 x 18 x 21 cm,,12
69ca9902a4edd700121a1118,Saegh Tomato Ketchup Sauce – 280ml,Saegh Tomato Ketchup Sauce – 280ml,5.1064,,,100,12,Carton,Alrabwa,False,physical,https://cdn.swell.store/sodu/69ca300571e6320012268a21/885e1464820eaac946aa44762a93c33b/155515.png,Alrabwa,alrabwa@sodu.com,,USD,Sauces,Saegh Tomato Ketchup Sauce – 280ml,0,0,21,30,22 x 18 x 21 cm,,12
69ca9901a4edd700121a1109,Saegh Grape Leaves – 350g Drained Weight (Tall Jar),Saegh Grape Leaves – 350g Drained Weight (Tall Jar),10.9787,,,100,12,Carton,Alrabwa,False,physical,https://cdn.swell.store/sodu/69ca300571e6320012268a1d/0cfed1eeba53f154a84a8582d3b1dc36/155514.png,Alrabwa,alrabwa@sodu.com,,USD,Pickle,Saegh Grape Leaves – 350g Drained Weight (Tall Jar),0,0,21,30,30 x 20 x 19 cm,,12
69ca9901a4edd700121a10fa,Saegh Hot Oil (Dorica Round Bottle) – 250g Glass bottle,Saegh Hot Oil (Dorica Round Bottle) – 250g Glass bottle,12.2553,,,100,12,Carton,Alrabwa,False,physical,https://cdn.swell.store/sodu/69ca300471e6320012268a17/ac2dbafc8b518c74de01af9f0e9fcb4d/155513.png,Alrabwa,alrabwa@sodu.com,,USD,Olive Oil,Saegh Hot Oil (Dorica Round Bottle) – 250g Glass bottle,0,0,21,30,23 x 19 x 28 cm,,12
69ca9900a4edd700121a10e9,Saegh Pomegranate Molasses – 350g Glass Bottle,Saegh Pomegranate Molasses – 350g Glass Bottle,11.4894,,,100,12,Carton,Alrabwa,False,physical,https://cdn.swell.store/sodu/69ca300471e6320012268a13/5ee4aadc97e7b29798bec6172056b066/155512.png,Alrabwa,alrabwa@sodu.com,,USD,Vinegar & Molasses,Saegh Pomegranate Molasses – 350g Glass Bottle,0,0,21,30,23 x 19 x 28 cm,,12
69ca98ffa4edd700121a10d9,Saegh Pomegranate Molasses – 350g Squeeze Bottle,Saegh Pomegranate Molasses – 350g Squeeze Bottle,9.1915,,,100,12,Carton,Alrabwa,False,physical,https://cdn.swell.store/sodu/69ca300471e6320012268a0e/8e229c7fe354bd950fad1fe5732db247/155511.png,Alrabwa,alrabwa@sodu.com,,USD,Vinegar & Molasses,Saegh Pomegranate Molasses – 350g Squeeze Bottle,0,0,21,30,18 x 18 x 21 cm,,12
69ca98ffa4edd700121a10cb,Saegh Pomegranate Molasses – 275g Plastic Bottle,Saegh Pomegranate Molasses – 275g Plastic Bottle,7.1489,,,100,12,Carton,Alrabwa,False,physical,https://cdn.swell.store/sodu/69ca300371e6320012268a0a/a6ecf4eeaa508ded3f0e2d34b8b9652b/155510.png,Alrabwa,alrabwa@sodu.com,,USD,Vinegar & Molasses,Saegh Pomegranate Molasses – 275g Plastic Bottle,0,0,21,30,21 x 16 x 18 cm,,12
69ca98ffa4edd700121a10bc,Saegh Pomegranate Molasses – 550g Plastic Bottle,Saegh Pomegranate Molasses – 550g Plastic Bottle,12.5106,,,100,12,Carton,Alrabwa,False,physical,https://cdn.swell.store/sodu/69ca300371e6320012268a06/10c11609968a8a6bc158114a9d6c4613/155509.png,Alrabwa,alrabwa@sodu.com,,USD,Vinegar & Molasses,Saegh Pomegranate Molasses – 550g Plastic Bottle,0,0,21,30,26 x 19 x 22 cm,,12
69ca98fea4edd700121a10ac,Saegh Virgin Olive Oil – 250ml Square Glass Bottle,Saegh Virgin Olive Oil – 250ml Square Glass Bottle,21.9574,,,100,12,Carton,Alrabwa,False,physical,https://cdn.swell.store/sodu/69ca300371e63200122689f8/3890263aec47e5dd8b2e8508884b38a7/155508.png,Alrabwa,alrabwa@sodu.com,,USD,Olive Oil,Saegh Virgin Olive Oil – 250ml Square Glass Bottle,0,0,21,30,20 x 17 x 23 cm,,12
69ca98fea4edd700121a109a,Saegh Virgin Olive Oil – 500ml Square Glass Bottle,Saegh Virgin Olive Oil – 500ml Square Glass Bottle,40.0851,,,100,12,Carton,Alrabwa,False,physical,https://cdn.swell.store/sodu/69ca300371e63200122689f5/418154109f5ef2782dfdbf4247d0e7e8/155507.png,Alrabwa,alrabwa@sodu.com,,USD,Olive Oil,Saegh Virgin Olive Oil – 500ml Square Glass Bottle,0,0,21,30,24 x 19 x 27 cm,,12
69ca98fda4edd700121a1086,Saegh Natural Beeswax – 450g Glass Jar,Saegh Natural Beeswax – 450g Glass Jar,18.383,,,100,12,Carton,Alrabwa,False,physical,https://cdn.swell.store/sodu/69ca300271e63200122689f2/02f7912a2b622af61325119156837428/155506.jpg,Alrabwa,alrabwa@sodu.com,,USD,Honey Products,Saegh Natural Beeswax – 450g Glass Jar,0,0,21,30,29 x 22 x 12 cm,,12
69ca98fda4edd700121a1076,Saegh Natural Honey – Clover Blossom – 80g (Squeeze Pack),Saegh Natural Honey – Clover Blossom – 80g (Squeeze Pack),4.4681,,,100,12,Carton,Alrabwa,False,physical,https://cdn.swell.store/sodu/69ca300271e63200122689ee/7cb5e5dbe0b63add596926d1db41257e/155505.png,Alrabwa,alrabwa@sodu.com,,USD,Honey Products,Saegh Natural Honey – Clover Blossom – 80g (Squeeze Pack),0,0,21,30,17 x 13 x 10 cm,,12
69ca98fda4edd700121a105f,Saegh Natural Honey – Clover Blossom – 540g Squeeze Bottle,Saegh Natural Honey – Clover Blossom – 540g Squeeze Bottle,20.4255,,,100,12,Carton,Alrabwa,False,physical,https://cdn.swell.store/sodu/69ca300271e63200122689eb/42f361a8162dfd7964a45fe0f607f779/155504.jpg,Alrabwa,alrabwa@sodu.com,,USD,Honey Products,Saegh Natural Honey – Clover Blossom – 540g Squeeze Bottle,0,0,21,30,23 x 18 x 21 cm,,12
69ca98fca4edd700121a1052,Saegh Natural Honey – Clover Blossom – 1150g Squeeze Bottle,Saegh Natural Honey – Clover Blossom – 1150g Squeeze Bottle,39.8298,,,100,12,Carton,Alrabwa,False,physical,https://cdn.swell.store/sodu/69ca300271e63200122689e8/01eab9d724ade9fb4e2d6109452e301f/155503.jpg,Alrabwa,alrabwa@sodu.com,,USD,Honey Products,Saegh Natural Honey – Clover Blossom – 1150g Squeeze Bottle,0,0,21,30,27 x 21 x 30 cm,,12
69ca98fca4edd700121a1043,Saegh Natural Honey – Clover Blossom – 250g Glass Jar,Saegh Natural Honey – Clover Blossom – 250g Glass Jar,10.7234,,,100,12,Carton,Alrabwa,False,physical,https://cdn.swell.store/sodu/69ca300271e63200122689e5/de70534a36beaccce0306e7a1f4875d9/155502.jpg,Alrabwa,alrabwa@sodu.com,,USD,Honey Products,Saegh Natural Honey – Clover Blossom – 250g Glass Jar,0,0,21,30,25 x 20 x 10 cm,,12
69ca98fba4edd700121a1033,Saegh Natural Honey – Clover Blossom – 450g Glass Jar,Saegh Natural Honey – Clover Blossom – 450g Glass Jar,17.1064,,,100,12,Carton,Alrabwa,False,physical,https://cdn.swell.store/sodu/69ca300271e63200122689e1/f66e1eadcf0fa915755f30957e90c3b6/155501.png,Alrabwa,alrabwa@sodu.com,,USD,Honey Products,Saegh Natural Honey – Clover Blossom – 450g Glass Jar,0,0,21,30,29 x 22 x 12 cm,,12
69ca98fba4edd700121a1022,Saegh Natural Honey – Clover Blossom – 800g Glass Jar,Saegh Natural Honey – Clover Blossom – 800g Glass Jar,29.1064,,,100,12,Carton,Alrabwa,False,physical,https://cdn.swell.store/sodu/69ca300171e63200122689dd/b0c2decdb892d598b87213d62d1f40d2/155500.jpg,Alrabwa,alrabwa@sodu.com,,USD,Honey Products,Saegh Natural Honey – Clover Blossom – 800g Glass Jar,0,0,21,30,35 x 26 x 16 cm,,12
69a4bab245f8730012dad07b,Bobana Purple Aroma Body Splash 250ml ,Bobana Purple Aroma Body Splash 250ml ,23.4,,,1000,12,,Bobana,False,physical,https://cdn.swell.store/sodu/69a4bab245f8730012dad055/ee568f8c23558977aaf96318a3fb6868/bobana-purple-aroma-body-splash-836513.png,Bobana,bobana@sodu.com,,USD,Body Splash,Bobana Purple Aroma Body Splash 250ml ,0,0,0,0,,,12
69a4bab045f8730012dad01f,Bobana Pink At Heart Body Splash 250ml ,Bobana Pink At Heart Body Splash 250ml ,23.4,,,1000,12,,Bobana,False,physical,https://cdn.swell.store/sodu/69a4bab045f8730012dad01a/f144ce15226a3e5e817e5bf77e6c4be1/bobana-pink-at-heart-body-splash-797981.png,Bobana,bobana@sodu.com,,USD,Body Splash,Bobana Pink At Heart Body Splash 250ml ,0,0,0,0,,,12
69a4baae45f8730012dacff9,Bobana Out Of The Blue Body Splash 250ml ,Bobana Out Of The Blue Body Splash 250ml ,23.4,,,1000,12,,Bobana,False,physical,https://cdn.swell.store/sodu/69a4baae45f8730012dacff6/2a9f3a22d63c0bcc4ab6256062b55f59/bobana-out-of-the-blue-body-splash-966926.png,Bobana,bobana@sodu.com,,USD,Body Splash,Bobana Out Of The Blue Body Splash 250ml ,0,0,0,0,,,12
69a4baad45f8730012dacfdd,Bobana Green Noise Body Splash 250ml ,Bobana Green Noise Body Splash 250ml ,23.4,,,1000,12,,Bobana,False,physical,https://cdn.swell.store/sodu/69a4baad45f8730012dacfda/15336b54636c753da8d1646b577b4bec/bobana-green-noise-body-splash-501244.png,Bobana,bobana@sodu.com,,USD,Body Splash,Bobana Green Noise Body Splash 250ml ,0,0,0,0,,,12
69a4baab45f8730012dacfbb,Bobana Golden Hour Body Splash 250ml ,Bobana Golden Hour Body Splash 250ml ,23.4,,,1000,12,,Bobana,False,physical,https://cdn.swell.store/sodu/69a4baab45f8730012dacfb8/bc16269eb2363c5ea3564a7672d6d464/bobana-golden-hour-body-splash-269492.png,Bobana,bobana@sodu.com,,USD,Body Splash,Bobana Golden Hour Body Splash 250ml ,0,0,0,0,,,12
69a4baaa45f8730012dacf6e,Bobana Body Lotion with Tropical fruits 240ml ,Bobana Body Lotion with Tropical fruits 240ml ,13.2,,,1000,12,,Bobana,False,physical,https://cdn.swell.store/sodu/69a4baa945f8730012dacf6b/fcf111dc39cecb034910a84f386e0f95/bobana-body-lotion-with-tropical-fruits-578681.png,Bobana,bobana@sodu.com,,USD,Body Lotion,Bobana Body Lotion with Tropical fruits 240ml ,0,0,0,0,,,12
69a4baa845f8730012dacf57,Bobana Body Lotion with Coconut Milk 240ml ,Bobana Body Lotion with Coconut Milk 240ml ,13.2,,,1000,12,,Bobana,False,physical,https://cdn.swell.store/sodu/69a4baa845f8730012dacf54/8aca903c0946876ee8c0dd0c3d1cf349/bobana-body-lotion-with-coconut-milk-421839.png,Bobana,bobana@sodu.com,,USD,Body Lotion,Bobana Body Lotion with Coconut Milk 240ml ,0,0,0,0,,,12
69a4baa645f8730012dacf30,Bobana Body Lotion  with Wild Roses 240ml ,Bobana Body Lotion  with Wild Roses 240ml ,13.2,,,1000,12,,Bobana,False,physical,https://cdn.swell.store/sodu/69a4baa645f8730012dacf10/f6cadbe93d496c3ff419095c17e83032/bobana-body-lotion-with-wild-roses-109974.png,Bobana,bobana@sodu.com,,USD,Body Lotion,Bobana Body Lotion  with Wild Roses 240ml ,0,0,0,0,,,12
69a4baa445f8730012daceed,Bobana Hand Cream with tropical fruits 50ml ,Bobana Hand Cream with tropical fruits 50ml ,18,,,1000,24,,Bobana,False,physical,https://cdn.swell.store/sodu/69a4baa445f8730012dacee9/17994e6684acbd653a1e5d71ecc0581f/bobana-hand-cream-with-tropical-fruits-679398.png,Bobana,bobana@sodu.com,,USD,Moisturizing Cream,Bobana Hand Cream with tropical fruits 50ml ,0,0,0,0,,,24
69a4baa245f8730012daced3,Bobana Hand Cream with Wild Roses 50ml ,Bobana Hand Cream with Wild Roses 50ml ,18,,,1000,24,,Bobana,False,physical,https://cdn.swell.store/sodu/69a4baa245f8730012dacecf/1426eaff66b14236af29253d1b6026e9/bobana-hand-cream-with-wild-roses-210586.png,Bobana,bobana@sodu.com,,USD,Moisturizing Cream,Bobana Hand Cream with Wild Roses 50ml ,0,0,0,0,,,24
69a4baa045f8730012dacead,Bobana Hand Cream with Coconut Milk 50ml ,Bobana Hand Cream with Coconut Milk 50ml ,18,,,1000,24,,Bobana,False,physical,https://cdn.swell.store/sodu/69a4baa045f8730012dacea9/200f5eac426216eaa30fe86f83fd70c8/bobana-hand-cream-with-coconut-milk-886223.png,Bobana,bobana@sodu.com,,USD,Moisturizing Cream,Bobana Hand Cream with Coconut Milk 50ml ,0,0,0,0,,,24
69a4ba9e45f8730012dace91,Bobana Soap Moroccan with Olive Oil 500 GM ,Bobana Soap Moroccan with Olive Oil 500 GM ,22.8,,,1000,12,,Bobana,False,physical,https://cdn.swell.store/sodu/69a4ba9e45f8730012dace8f/20061edae0d9e1a41601afd5bf48cea4/moroccanbr-soap-with-naturalbr-olive-oil-642015.png,Bobana,bobana@sodu.com,,USD,Moroccan Soap,Bobana Soap Moroccan with Olive Oil 500 GM ,0,0,0,0,,,12
69a4ba9b45f8730012dace67,Bobana Soap Moroccan with Argan Oil 500 GM ,Bobana Soap Moroccan with Argan Oil 500 GM ,22.8,,,1000,12,,Bobana,False,physical,https://cdn.swell.store/sodu/69a4ba9b45f8730012dace65/374805f29aae8c01c44f1df619a2aeda/moroccanbr-soap-with-naturalbr-argan-oil-612040.webp,Bobana,bobana@sodu.com,,USD,Moroccan Soap,Bobana Soap Moroccan with Argan Oil 500 GM ,0,0,0,0,,,12
69a4ba9a45f8730012dace52,Bobana Whitening Cream For Face and Body 50 ML ,Bobana Whitening Cream For Face and Body 50 ML ,18,,,1000,24,,Bobana,False,physical,https://cdn.swell.store/sodu/69a4ba9a45f8730012dace50/d4e4ac3a06238f108e0b93be1c97088a/bobana-whitening-cream-for-face-body-719554.png,Bobana,bobana@sodu.com,,USD,Whitening Cream,Bobana Whitening Cream For Face and Body 50 ML ,0,0,0,0,,,24
69a4ba9845f8730012dace2a,Bobana Whitening Cream For Sensitive Areas 50 ML ,Bobana Whitening Cream For Sensitive Areas 50 ML ,18,,,1000,24,,Bobana,False,physical,https://cdn.swell.store/sodu/69a4ba9845f8730012dace28/5b5df1f1286e0cb5729af2c77bf68dc1/bobana-whitening-cream-for-sensitive-areas-413752.png,Bobana,bobana@sodu.com,,USD,Whitening Cream,Bobana Whitening Cream For Sensitive Areas 50 ML ,0,0,0,0,,,24
69a4ba9645f8730012dace0a,Bobana Berries Salt Scrub Jar 300gm ,Bobana Berries Salt Scrub Jar 300gm ,6,,,1000,12,,Bobana,False,physical,https://cdn.swell.store/sodu/69a4ba9645f8730012dace08/c8f7c345691e38e8af6de4dad48a7ab5/bobana-berries-salt-scrub-196686.jpg,Bobana,bobana@sodu.com,,USD,Spa Salt,Bobana Berries Salt Scrub Jar 300gm ,0,0,0,0,,,12
69a4ba9545f8730012dacdf5,Bobana Yogurt Salt Scrub Jar 300gm ,Bobana Yogurt Salt Scrub Jar 300gm ,6,,,1000,12,,Bobana,False,physical,https://cdn.swell.store/sodu/69a4ba9545f8730012dacdf3/88313aa63f1aa3d968f072b7e0596a7b/bobana-yogurt-salt-scrub-969460.jpg,Bobana,bobana@sodu.com,,USD,Spa Salt,Bobana Yogurt Salt Scrub Jar 300gm ,0,0,0,0,,,12
69a4ba9445f8730012dacddb,Bobana Lemon Salt Scrub Jar 300gm ,Bobana Lemon Salt Scrub Jar 300gm ,6,,,1000,12,,Bobana,False,physical,https://cdn.swell.store/sodu/69a4ba9445f8730012dacdd9/875e1896269e618fb167259cf94f736e/lemon_Scrub_2_jpg.jpg,Bobana,bobana@sodu.com,,USD,Spa Salt,Bobana Lemon Salt Scrub Jar 300gm ,0,0,0,0,,,12
69a4ba9345f8730012dacdb1,Bobana Milk Salt Scrub Jar 300gm ,Bobana Milk Salt Scrub Jar 300gm ,6,,,1000,12,,Bobana,False,physical,https://cdn.swell.store/sodu/69a4ba9245f8730012dacdad/bb74f9a6cfc03e7a6c23fb307ecf8452/bobana-milk-salt-scrub-103196.jpg,Bobana,bobana@sodu.com,,USD,Spa Salt,Bobana Milk Salt Scrub Jar 300gm ,0,0,0,0,,,12
69a4ba9145f8730012dacd99,Bobana Scrub Pomegranate Gel 150 ML ,Bobana Scrub Pomegranate Gel 150 ML ,14.4,,,1000,24,,Bobana,False,physical,https://cdn.swell.store/sodu/69a4ba9145f8730012dacd97/26bd5cf2db14914791586a4d87e47998/bobanabr-pomegranate-brscrub-gel-935253.webp,Bobana,bobana@sodu.com,,USD,Scrub Gel,Bobana Scrub Pomegranate Gel 150 ML ,0,0,0,0,,,24
69a4ba9045f8730012dacd85,Bobana Scrub Vitamin C Gel 150 ML ,Bobana Scrub Vitamin C Gel 150 ML ,14.4,,,1000,24,,Bobana,False,physical,https://cdn.swell.store/sodu/69a4ba9045f8730012dacd80/b8d86b6a80b82a62ebbe85a5f819bf35/bobanabr-vitamin-c-brscrub-gel-487740.png,Bobana,bobana@sodu.com,,USD,Scrub Gel,Bobana Scrub Vitamin C Gel 150 ML ,0,0,0,0,,,24
69a4ba8e45f8730012dacd37,Bobana Scrub Charcoal Gel 150 ML ,Bobana Scrub Charcoal Gel 150 ML ,14.4,,,1000,24,,Bobana,False,physical,https://cdn.swell.store/sodu/69a4ba8e45f8730012dacd30/4bd92090aeccb89e332cb819adb0a6ba/bobanabr-charcoal-br-scrub-gel-688414.webp,Bobana,bobana@sodu.com,,USD,Scrub Gel,Bobana Scrub Charcoal Gel 150 ML ,0,0,0,0,,,24
69a4ba8d45f8730012dacd1d,Bobana Scrub Gold 300 GM ,Bobana Scrub Gold 300 GM ,20.4,,,1000,24,,Bobana,False,physical,https://cdn.swell.store/sodu/69a4ba8d45f8730012dacd1b/9cd53394bcac4ef198063ad65be37cb4/bobanabr-gold-brscrub-198157.png,Bobana,bobana@sodu.com,,USD,Scrub Cream,Bobana Scrub Gold 300 GM ,0,0,0,0,,,24
69a4ba8b45f8730012daccef,Bobana Scrub Charcoal 300 GM ,Bobana Scrub Charcoal 300 GM ,20.4,,,1000,24,,Bobana,False,physical,https://cdn.swell.store/sodu/69a4ba8b45f8730012daccea/91df6621f943d664a30d49d8241dc13c/bobanabr-charcoal-brscrub-501157.png,Bobana,bobana@sodu.com,,USD,Scrub Cream,Bobana Scrub Charcoal 300 GM ,0,0,0,0,,,24
69a4ba8945f8730012daccd2,Bobana Scrub Honey and Collagen 300 GM ,Bobana Scrub Honey and Collagen 300 GM ,20.4,,,1000,24,,Bobana,False,physical,https://cdn.swell.store/sodu/69a4ba8945f8730012dacccd/f933c777c4a67d8542153ec4a22af53f/bobanabr-honey-collagenbr-scrub-866517.png,Bobana,bobana@sodu.com,,USD,Scrub Cream,Bobana Scrub Honey and Collagen 300 GM ,0,0,0,0,,,24
69a4ba8745f8730012daccb0,Bobana Scrub Apricot 300 GM ,Bobana Scrub Apricot 300 GM ,20.4,,,1000,24,,Bobana,False,physical,https://cdn.swell.store/sodu/69a4ba8745f8730012daccab/7b1dc4eae2ea587f90ea62fc2604b6b3/bobanabr-apricot-brscrub-867562.png,Bobana,bobana@sodu.com,,USD,Scrub Cream,Bobana Scrub Apricot 300 GM ,0,0,0,0,,,24
69a4ba8545f8730012dacc6f,Bobana Scrub Coffee 300 GM ,Bobana Scrub Coffee 300 GM ,20.4,,,1000,24,,Bobana,False,physical,https://cdn.swell.store/sodu/69a4ba8545f8730012dacc67/51c746ab35293c18fd25f518a95c2970/bobanabr-coffee-brscrub-233067.png,Bobana,bobana@sodu.com,,USD,Scrub Cream,Bobana Scrub Coffee 300 GM ,0,0,0,0,,,24
69a4ba8345f8730012dacc36,Bobana White Here Deodorant No Scent 50 ML ,Bobana White Here Deodorant No Scent 50 ML ,22.8,,,1000,24,,Bobana,False,physical,https://cdn.swell.store/sodu/69a4ba8345f8730012dacc33/fc1216e80af620fe64d864d5eb9e3667/bobana-white-here-unscented-deodorant-223356.png,Bobana,bobana@sodu.com,,USD,Roll On,Bobana White Here Deodorant No Scent 50 ML ,0,0,0,0,,,24
69a4ba8145f8730012dacbeb,Bobana White Here Deodorant Floral 50ml,Bobana White Here Deodorant Floral 50ml,22.8,,,1000,24,,Bobana,False,physical,https://cdn.swell.store/sodu/69a4ba8145f8730012dacbe6/ae39899c0a51b0d20725bb2f4e026bfc/bobana-white-here-deodorant-with-floral-scent-579250.png,Bobana,bobana@sodu.com,,USD,Roll On,Bobana White Here Deodorant Floral 50ml,0,0,0,0,,,24
69a4ba7f45f8730012dacbcf,Bobana White Here Deodorant Candy 50ml,Bobana White Here Deodorant Candy 50ml,22.8,,,1000,24,,Bobana,False,physical,https://cdn.swell.store/sodu/69a4ba7f45f8730012dacbcc/b78b4d95ae1c47d381ab576a49dd440b/bobana-white-here-deodorant-with-candy-scent-904684.png,Bobana,bobana@sodu.com,,USD,Roll On,Bobana White Here Deodorant Candy 50ml,0,0,0,0,,,24
69a4ba7e45f8730012dacbaf,Bobana Deodorant  White Here Coconut 50ml,Bobana Deodorant  White Here Coconut 50ml,22.8,,,1000,24,,Bobana,False,physical,https://cdn.swell.store/sodu/69a4ba7d45f8730012dacbad/47f3cb1608cfe13b3dca9e379b9e95b4/bobana-white-here-deodorant-with-coconut-scent-697028.png,Bobana,bobana@sodu.com,,USD,Roll On,Bobana Deodorant  White Here Coconut 50ml,0,0,0,0,,,24
69a4ba7b45f8730012dacb95,Bobana Deodorant Dry and Fresh 50 ML ,Bobana Deodorant Dry and Fresh 50 ML ,22.8,,,1000,24,,Bobana,False,physical,https://cdn.swell.store/sodu/69a4ba7b45f8730012dacb93/d35d979ad659a2b16265fe007e1b0f1d/bobana-dry-fresh-roll-on-deodorant-753707.png,Bobana,bobana@sodu.com,,USD,Roll On,Bobana Deodorant Dry and Fresh 50 ML ,0,0,0,0,,,24
69a4ba7945f8730012dacb71,Bobana Deodorant White and Clean 50 ML ,Bobana Deodorant White and Clean 50 ML ,22.8,,,1000,24,,Bobana,False,physical,https://cdn.swell.store/sodu/69a4ba7945f8730012dacb6f/bd0cb49a5e87742665d57b5feaf7512e/bobana-white-clean-roll-on-deodorant-308938.png,Bobana,bobana@sodu.com,,USD,Roll On,Bobana Deodorant White and Clean 50 ML ,0,0,0,0,,,24
69a4ba7745f8730012dacb59,Bobana Deodorant Soft and Gentle  50 ML ,Bobana Deodorant Soft and Gentle  50 ML ,22.8,,,1000,24,,Bobana,False,physical,https://cdn.swell.store/sodu/69a4ba7745f8730012dacb55/32c687ebcf7ca35d2ee35e658411ee13/bobana-soft-gentle-roll-on-deodorant-533814.png,Bobana,bobana@sodu.com,,USD,Roll On,Bobana Deodorant Soft and Gentle  50 ML ,0,0,0,0,,,24
69a4ba7545f8730012dacb23,Bobana Mask Vitamin C Peel-Off 120 ML ,Bobana Mask Vitamin C Peel-Off 120 ML ,22.8,,,1000,24,,Bobana,False,physical,https://cdn.swell.store/sodu/69a4ba7545f8730012dacb21/331392333bf55fbbe48c4ab18cbe6d1e/vitamin-c-brpeel-offbr-mask-728412.png,Bobana,bobana@sodu.com,,USD,Peel Off Mask,Bobana Mask Vitamin C Peel-Off 120 ML ,0,0,0,0,,,24
69a4ba7345f8730012dacafb,Bobana Mask Hyaluronic Acid Peel Off 120 GM ,Bobana Mask Hyaluronic Acid Peel Off 120 GM ,22.8,,,50,24,Carton,Bobana,False,physical,https://cdn.swell.store/sodu/69a4ba7345f8730012dacaf7/8f0c6e7352471217233e7f787134de05/hyaluronicbr-acid-brpeel-off-mask-454390.png,Bobana,bobana@sodu.com,,USD,Peel Off Mask,Bobana Mask Hyaluronic Acid Peel Off 120 GM ,0,0,45,60,28 x 26 x 18 cm,,24
69a4ba7045f8730012dacab9,Bobana Mask Charcoal Peel Off 120 GM ,Bobana Mask Charcoal Peel Off 120 GM ,22.8,,,50,24,Carton,Bobana,False,physical,https://cdn.swell.store/sodu/69a4ba7045f8730012dacab5/dcc72d3ecf905ccfa811d94260ab55d4/bobanabr-charcoal-brpeel-off-mask-846812.png,Bobana,bobana@sodu.com,,USD,Peel Off Mask,Bobana Mask Charcoal Peel Off 120 GM ,0,0,45,60,28 x 26 x 18 cm,,24
69a4ba6b45f8730012daca79,Bobana Mask Gold Peel off 120 GM ,Bobana Mask Gold Peel off 120 GM ,22.8,,,50,24,Carton,Bobana,False,physical,https://cdn.swell.store/sodu/69a4ba6b45f8730012daca6c/1778abe1aa16677486c273e8a5fbc10f/bobanabr-gold-brpeel-off-mask-672070.png,Bobana,bobana@sodu.com,,USD,Peel Off Mask,Bobana Mask Gold Peel off 120 GM ,0,0,45,60,28 x 26 x 18 cm,,24
69a4ba6945f8730012daca3e,Bobana Mud Shea Butter 400 GM ,Bobana Mud Shea Butter 400 GM ,18,,,50,12,Carton,Bobana,False,physical,https://cdn.swell.store/sodu/69a4ba6845f8730012daca34/7f1394506222342fcf541146bd3ca600/bobanabr-shea-butter-brmud-mask-780631.webp,Bobana,bobana@sodu.com,,USD,Mud Mask,Bobana Mud Shea Butter 400 GM ,0,0,45,60,37 x 20 x 10 cm,,12
69a4ba6745f8730012daca22,Bobana Mud Dead Sea 400 GM ,Bobana Mud Dead Sea 400 GM ,18,,,50,12,Carton,Bobana,False,physical,https://cdn.swell.store/sodu/69a4ba6745f8730012daca1d/70c3abd7e173910fd79d96a41e79575b/bobanabr-dead-sea-brmud-mask-520386.webp,Bobana,bobana@sodu.com,,USD,Mud Mask,Bobana Mud Dead Sea 400 GM ,0,0,45,60,37 x 20 x 10 cm,,12
69a4ba6545f8730012dac9fd,Bobana Mud Moroccan 400 GM ,Bobana Mud Moroccan 400 GM ,18,,,50,12,Carton,Bobana,False,physical,https://cdn.swell.store/sodu/69a4ba6545f8730012dac9f9/a3a24129b81404e860b2bfedaa22d841/bobanabr-natural-brmud-mask-804093.webp,Bobana,bobana@sodu.com,,USD,Mud Mask,Bobana Mud Moroccan 400 GM ,0,0,45,60,37 x 20 x 10 cm,,12
69a4ba6445f8730012dac9e3,Bobana Mask Milk Moisturizing Vitamin E 250 GM ,Bobana Mask Milk Moisturizing Vitamin E 250 GM ,19.2,,,50,24,Carton,Bobana,False,physical,https://cdn.swell.store/sodu/69a4ba6445f8730012dac9d7/79ebc88f87ad8931e0f811fda558cbf0/bobana-moisturizer-whitening-milk-mask-824980.png,Bobana,bobana@sodu.com,,USD,Milk Mask,Bobana Mask Milk Moisturizing Vitamin E 250 GM ,0,0,45,60,36 x 26 x 16 cm,,24
69a4ba6345f8730012dac9c5,Bobana Whitening Milk Mask Firming with Collagen 250gm ,Bobana Whitening Milk Mask Firming with Collagen 250gm ,19.2,,,50,24,Carton,Bobana,False,physical,https://cdn.swell.store/sodu/69a4ba6245f8730012dac9c0/85e3c91951dc3822574d48dc1bec909b/bobana-firming-whitening-milk-mask-942019.png,Bobana,bobana@sodu.com,,USD,Milk Mask,Bobana Whitening Milk Mask Firming with Collagen 250gm ,0,0,45,60,36 x 26 x 16 cm,,24
69a4ba6145f8730012dac96a,Bobana Mask Milk Cleansing Menthol 250 GM ,Bobana Mask Milk Cleansing Menthol 250 GM ,19.2,,,50,24,Carton,Bobana,False,physical,https://cdn.swell.store/sodu/69a4ba6145f8730012dac967/175942c5d85d2126d72bc10c0babfd6d/bobana-cleanser-whitening-milk-mask-100484.png,Bobana,bobana@sodu.com,,USD,Milk Mask,Bobana Mask Milk Cleansing Menthol 250 GM ,0,0,45,60,36 x 26 x 16 cm,,24
69a4ba6045f8730012dac950,Bobana Mask Milk Whitening Vitamin C 250 GM ,Bobana Mask Milk Whitening Vitamin C 250 GM ,19.2,,,50,24,Carton,Bobana,False,physical,https://cdn.swell.store/sodu/69a4ba6045f8730012dac94b/2f3f7220f238c571bbecdea75ddfcdd1/bobana-whitening-milk-mask-with-vitamin-c-452179.png,Bobana,bobana@sodu.com,,USD,Milk Mask,Bobana Mask Milk Whitening Vitamin C 250 GM ,0,0,45,60,36 x 26 x 16 cm,,24
69a4ba5e45f8730012dac934,Bobana Lip Balm Cherry Flavor and Vitamin A ,Bobana Lip Balm Cherry Flavor and Vitamin A ,15.6,,,50,24,Carton,Bobana,False,physical,https://cdn.swell.store/sodu/69a4ba5e45f8730012dac932/d079c7f73fd77bd01af2e0f4b4680584/bobanabr-lip-balm-with-vitamin-a-cherrybr-flavor-831480.jpg,Bobana,bobana@sodu.com,,USD,Lip Balm,Bobana Lip Balm Cherry Flavor and Vitamin A ,0,0,45,60,32 x 26 x 29 cm,,24
69a4ba5d45f8730012dac91e,Bobana Lip Balm Cocoa Flavor and Vitamin B5 ,Bobana Lip Balm Cocoa Flavor and Vitamin B5 ,15.6,,,50,24,Carton,Bobana,False,physical,https://cdn.swell.store/sodu/69a4ba5d45f8730012dac91b/d154caebb8da00076c458d5684d7cc33/bobanabr-lip-balm-with-vitamin-b5-cocoabr-flavor-462772.jpg,Bobana,bobana@sodu.com,,USD,Lip Balm,Bobana Lip Balm Cocoa Flavor and Vitamin B5 ,0,0,45,60,32 x 26 x 29 cm,,24
69a4ba5b45f8730012dac907,Bobana Lip Balm Hyaluronic Acid and Vitamin E ,Bobana Lip Balm Hyaluronic Acid and Vitamin E ,15.6,,,50,24,Carton,Bobana,False,physical,https://cdn.swell.store/sodu/69a4ba5b45f8730012dac902/ffb2ef8749f276dac429610eba4442cc/bobanabr-lip-balm-with-vitamin-e-hyaluronicbr-acid-737848.jpg,Bobana,bobana@sodu.com,,USD,Lip Balm,Bobana Lip Balm Hyaluronic Acid and Vitamin E ,0,0,45,60,32 x 26 x 29 cm,,24
69a4ba5a45f8730012dac8f0,Bobana Lip Balm Kiwi Flavor and Vitamin C ,Bobana Lip Balm Kiwi Flavor and Vitamin C ,15.6,,,50,24,Carton,Bobana,False,physical,https://cdn.swell.store/sodu/69a4ba5a45f8730012dac8eb/d997428dec4ecac5cc99756caf8a3aab/bobanabr-lip-balm-with-vitamin-c-kiwibr-flavor-666092.jpg,Bobana,bobana@sodu.com,,USD,Lip Balm,Bobana Lip Balm Kiwi Flavor and Vitamin C ,0,0,45,60,32 x 26 x 29 cm,,24
69a4ba5845f8730012dac8d9,Bobana Sunscreen After Sun Soothing Gel 150 ML ,Bobana Sunscreen After Sun Soothing Gel 150 ML ,14.4,,,50,24,Carton,Bobana,False,physical,https://cdn.swell.store/sodu/69a4ba5845f8730012dac8d7/43e91816d40b8e603bab56e785fdd39a/bobanabr-after-sun-brsoothing-gel-747575.jpg,Bobana,bobana@sodu.com,,USD,Sunscreen,Bobana Sunscreen After Sun Soothing Gel 150 ML ,0,0,45,60,36 x 30 x 20 cm,,24
69a4ba5745f8730012dac8b6,Bobana Sunscreen Lotion 150 ML ,Bobana Sunscreen Lotion 150 ML ,33.6,,,50,24,Carton,Bobana,False,physical,https://cdn.swell.store/sodu/69a4ba5745f8730012dac8ad/a38bb49177ad1e8533d17acc4ec9b51b/bobana-sunscreen-lotion-150-ml-11-free-260687.jpg,Bobana,bobana@sodu.com,,USD,Sunscreen,Bobana Sunscreen Lotion 150 ML ,0,0,45,60,36 x 30 x 20 cm,,24
69a4ba5645f8730012dac896,Bobana Sunscreen Gel 150 ML ,Bobana Sunscreen Gel 150 ML ,32.4,,,50,24,Carton,Bobana,False,physical,https://cdn.swell.store/sodu/69a4ba5645f8730012dac893/00718c39b732aece68abc5014067b023/bobana-sunscreen-gel-150-ml-11-free-459721.jpg,Bobana,bobana@sodu.com,,USD,Sunscreen,Bobana Sunscreen Gel 150 ML ,0,0,45,60,36 x 30 x 20 cm,,24
69a4ba5445f8730012dac87c,Bobana Charcoal Sheet Mask 10 PCS ,Bobana Charcoal Sheet Mask 10 PCS ,35.4,,,50,12,Carton,Bobana,False,physical,https://cdn.swell.store/sodu/69a4ba5445f8730012dac879/24711531adeb9adeef0e08e507a7910a/bobana-brcharcoal-vitamin-ebr-sheet-mask-133229.png,Bobana,bobana@sodu.com,,USD,Face Sheet Mask,Bobana Charcoal Sheet Mask 10 PCS ,0,0,45,60,38 x 28 x 20 cm,,12
69a4ba5245f8730012dac85e,Bobana Vitamin C Sheet Mask 10 PCS,Bobana Vitamin C Sheet Mask 10 PCS,35.4,,,50,12,Carton,Bobana,False,physical,https://cdn.swell.store/sodu/69a4ba5245f8730012dac85c/47a5f5377c1e0c8603134cf7fe027a48/bobanabr-collagen-vitamin-c-brsheet-mask-725241.webp,Bobana,bobana@sodu.com,,USD,Face Sheet Mask,Bobana Vitamin C Sheet Mask 10 PCS,0,0,45,60,38 x 28 x 20 cm,,12
69a4ba5145f8730012dac847,Bobana Box Retinol & Avocado Oil Sheet Mask (10 PCs) ,Bobana Box Retinol & Avocado Oil Sheet Mask (10 PCs) ,35.4,,,50,12,Carton,Bobana,False,physical,https://cdn.swell.store/sodu/69a4ba5145f8730012dac842/5b9703b9c82a419c8783aeeea74005dc/bobana-retinol-avocado-oil-sheet-mask-8400920.jpg,Bobana,bobana@sodu.com,,USD,Face Sheet Mask,Bobana Box Retinol & Avocado Oil Sheet Mask (10 PCs) ,0,0,45,60,38 x 28 x 20 cm,,12
69a4ba4f45f8730012dac825,Bobana Pomegranate Sheet Mask 10 PCS ,Bobana Pomegranate Sheet Mask 10 PCS ,35.4,,,50,12,Carton,Bobana,False,physical,https://cdn.swell.store/sodu/69a4ba4f45f8730012dac823/ce3422856b631ca24f8d478e5661004e/bobanabr-skin-hydrating-pomegranate-hyaluronicbr-acid-sheet-mask-418715.webp,Bobana,bobana@sodu.com,,USD,Face Sheet Mask,Bobana Pomegranate Sheet Mask 10 PCS ,0,0,45,60,38 x 28 x 20 cm,,12
69a4ba4e45f8730012dac80e,Bobana Collagen Hyaluronic 250 ML ,Bobana Collagen Hyaluronic 250 ML ,26.4,,,50,24,Carton,Bobana,False,physical,https://cdn.swell.store/sodu/69a4ba4e45f8730012dac805/c9e1f75b1f4f76080fa7e1cda8cee93a/marinebr-collagen-hyaluronicbr-acid-gel-927703.png,Bobana,bobana@sodu.com,,USD,Collagen Skin,Bobana Collagen Hyaluronic 250 ML ,0,0,45,60,40 x 27 x 13 cm,,24
69a4ba4c45f8730012dac7ef,Bobana Collagen Vitamin C 250 ML ,Bobana Collagen Vitamin C 250 ML ,26.4,,,50,24,Carton,Bobana,False,physical,https://cdn.swell.store/sodu/69a4ba4c45f8730012dac7ec/4c3c48f0aec7b11a522589ea472b368b/bobana-marine-collagen-vitamin-c-gel-179932.png,Bobana,bobana@sodu.com,,USD,Collagen Skin,Bobana Collagen Vitamin C 250 ML ,0,0,45,60,40 x 27 x 13 cm,,24
69a4ba4b45f8730012dac7d8,Bobana Collagen Retinol 250 ML ,Bobana Collagen Retinol 250 ML ,26.4,,,50,24,Carton,Bobana,False,physical,https://cdn.swell.store/sodu/69a4ba4b45f8730012dac7d4/9dfa8a5fda005150afe56b0e6bf72e2f/bobana-marine-collagen-retinol-gel-275274.png,Bobana,bobana@sodu.com,,USD,Collagen Skin,Bobana Collagen Retinol 250 ML ,0,0,45,60,40 x 27 x 13 cm,,24
69a4ba4945f8730012dac798,Bobana Face Wash Hyaluronic 50 GM ,Bobana Face Wash Hyaluronic 50 GM ,18,,,50,24,Carton,Bobana,False,physical,https://cdn.swell.store/sodu/69a4ba4845f8730012dac78e/bb8c28eaf64275414b8b2920b5c5a08a/bobana-hyaluronic-acid-face-wash-368464.png,Bobana,bobana@sodu.com,,USD,Facial Cleanser,Bobana Face Wash Hyaluronic 50 GM ,0,0,45,60,25 x 18 x 14 cm,,24
69a4ba4745f8730012dac770,Bobana Face Wash Vitamin C 50 GM ,Bobana Face Wash Vitamin C 50 GM ,18,,,50,24,Carton,Bobana,False,physical,https://cdn.swell.store/sodu/69a4ba4745f8730012dac76e/9603316f2c40c26ac60a81f0e09cc7ab/bobana-vitamin-c-face-wash-877281.png,Bobana,bobana@sodu.com,,USD,Facial Cleanser,Bobana Face Wash Vitamin C 50 GM ,0,0,45,60,25 x 18 x 14 cm,,24
69a4ba4645f8730012dac759,Bobana Face Wash Retinol  50 ML ,Bobana Face Wash Retinol  50 ML ,18,,,50,24,Carton,Bobana,False,physical,https://cdn.swell.store/sodu/69a4ba4645f8730012dac756/1e4a5a28ae6e5d0bfd711f288275ed2f/bobana-retinol-face-wash-5107929.jpg,Bobana,bobana@sodu.com,,USD,Facial Cleanser,Bobana Face Wash Retinol  50 ML ,0,0,45,60,25 x 18 x 14 cm,,24
69a4ba4545f8730012dac73c,Bobana Face Wash Charcoal  50 GM ,Bobana Face Wash Charcoal  50 GM ,18,,,50,24,Carton,Bobana,False,physical,https://cdn.swell.store/sodu/69a4ba4445f8730012dac73a/f71455a10120d29e9c161554482ae7e6/bobana-charcoal-face-wash-423346.png,Bobana,bobana@sodu.com,,USD,Facial Cleanser,Bobana Face Wash Charcoal  50 GM ,0,0,45,60,25 x 18 x 14 cm,,24
69a4ba4345f8730012dac722,Bobana Face Wash Hyaluronic 150 GM ,Bobana Face Wash Hyaluronic 150 GM ,24,,,50,24,Carton,Bobana,False,physical,https://cdn.swell.store/sodu/69a4ba4345f8730012dac720/bb8c28eaf64275414b8b2920b5c5a08a/bobana-hyaluronic-acid-face-wash-368464.png,Bobana,bobana@sodu.com,,USD,Facial Cleanser,Bobana Face Wash Hyaluronic 150 GM ,0,0,45,60,35 x 30 x 18 cm,,24
69a4ba4145f8730012dac709,Bobana Face Wash Vitamin C 150 GM ,Bobana Face Wash Vitamin C 150 GM ,24,,,50,24,Carton,Bobana,False,physical,https://cdn.swell.store/sodu/69a4ba4145f8730012dac705/9603316f2c40c26ac60a81f0e09cc7ab/bobana-vitamin-c-face-wash-877281.png,Bobana,bobana@sodu.com,,USD,Facial Cleanser,Bobana Face Wash Vitamin C 150 GM ,0,0,45,60,35 x 30 x 18 cm,,24
69a4ba4045f8730012dac6e1,Bobana Face Wash Charcoal  150 GM ,Bobana Face Wash Charcoal  150 GM ,24,,,50,24,Carton,Bobana,False,physical,https://cdn.swell.store/sodu/69a4ba4045f8730012dac6de/f71455a10120d29e9c161554482ae7e6/bobana-charcoal-face-wash-423346.png,Bobana,bobana@sodu.com,,USD,Facial Cleanser,Bobana Face Wash Charcoal  150 GM ,0,0,45,60,35 x 30 x 18 cm,,24
69a4ba3e45f8730012dac6c6,Bobana Face Wash Retinol 150 ML ,Bobana Face Wash Retinol 150 ML ,24,,,50,24,Carton,Bobana,False,physical,https://cdn.swell.store/sodu/69a4ba3e45f8730012dac6c4/1e4a5a28ae6e5d0bfd711f288275ed2f/bobana-retinol-face-wash-5107929.jpg,Bobana,bobana@sodu.com,,USD,Facial Cleanser,Bobana Face Wash Retinol 150 ML ,0,0,45,60,35 x 30 x 18 cm,,24
69a4ba3d45f8730012dac6b2,Bobana Shaping Gel Aloe Vera Oil 150 ML ,Bobana Shaping Gel Aloe Vera Oil 150 ML ,18,,,50,24,Carton,Bobana,False,physical,https://cdn.swell.store/sodu/69a4ba3d45f8730012dac6b0/3b618eb0425a9b7a7b1fcdbc54a7b977/bobana-shaping-gel-with-aloe-vera-oil-214066.png,Bobana,bobana@sodu.com,,USD,Shaping Gel,Bobana Shaping Gel Aloe Vera Oil 150 ML ,0,0,45,60,35 x 30 x 18 cm,,24
69a4ba3b45f8730012dac69b,Bobana Shaping Gel Flaxseed Oil 150 ML ,Bobana Shaping Gel Flaxseed Oil 150 ML ,18,,,50,24,Carton,Bobana,False,physical,https://cdn.swell.store/sodu/69a4ba3b45f8730012dac698/763914f540038aed1f629cf2d4403a7c/bobana-shaping-gel-with-flaxseed-oil-345842.png,Bobana,bobana@sodu.com,,USD,Shaping Gel,Bobana Shaping Gel Flaxseed Oil 150 ML ,0,0,45,60,35 x 30 x 18 cm,,24
69a4ba3945f8730012dac683,Bobana Leave in Conditioner With Argan Oil 240 ml  ,Bobana Leave in Conditioner With Argan Oil 240 ml  ,13.2,,,50,12,Carton,Bobana,False,physical,https://cdn.swell.store/sodu/69a4ba3945f8730012dac679/75938faf7a62eeb170206fe641e20104/bobana-leave-in-conditioner-with-argan-oil-835300.png,Bobana,bobana@sodu.com,,USD,Hair Cream,Bobana Leave in Conditioner With Argan Oil 240 ml  ,0,0,45,60,21 x 15 x 20 cm,,12
69a4ba3845f8730012dac65f,Bobana Leave in Conditioner With Black Garlic Oil 240 ml ,Bobana Leave in Conditioner With Black Garlic Oil 240 ml ,13.2,,,50,12,Carton,Bobana,False,physical,https://cdn.swell.store/sodu/69a4ba3845f8730012dac65c/f9a8484e00abfbe285e0fccd1e09d0b5/bobana-leave-in-conditioner-with-black-garlic-oil-552005.png,Bobana,bobana@sodu.com,,USD,Hair Cream,Bobana Leave in Conditioner With Black Garlic Oil 240 ml ,0,0,45,60,21 x 15 x 20 cm,,12
69a4ba3645f8730012dac646,Bobana Leave in Conditioner With Coconut Oil 240ml ,Bobana Leave in Conditioner With Coconut Oil 240ml ,13.2,,,50,12,Carton,Bobana,False,physical,https://cdn.swell.store/sodu/69a4ba3645f8730012dac643/9cd81381dd8570f40727497a4d763049/bobana-leave-in-conditioner-with-coconut-oil-699991.png,Bobana,bobana@sodu.com,,USD,Hair Cream,Bobana Leave in Conditioner With Coconut Oil 240ml ,0,0,45,60,21 x 15 x 20 cm,,12
69a4ba3445f8730012dac62b,Bobana Leavein Cream Coconut Oil 200 ML ,Bobana Leavein Cream Coconut Oil 200 ML ,32.4,,,50,24,Carton,Bobana,False,physical,https://cdn.swell.store/sodu/69a4ba3445f8730012dac626/a0a09a98352a2ff08223928922f0fd1b/bobanabr-leave-in-cream-brwith-coconut-oil-957186.webp,Bobana,bobana@sodu.com,,USD,Hair Cream,Bobana Leavein Cream Coconut Oil 200 ML ,0,0,45,60,34 x 22 x 20 cm,,24
69a4ba3345f8730012dac612,Bobana Leave in Cream Black Garlic Oil 200 ML ,Bobana Leave in Cream Black Garlic Oil 200 ML ,32.4,,,50,24,Carton,Bobana,False,physical,https://cdn.swell.store/sodu/69a4ba3345f8730012dac60f/36f5e96abfe517b053091361fbbd7d5c/bobanabr-leave-in-cream-brwith-black-garlic-174707.png,Bobana,bobana@sodu.com,,USD,Hair Cream,Bobana Leave in Cream Black Garlic Oil 200 ML ,0,0,45,60,34 x 22 x 20 cm,,24
69a4ba3145f8730012dac5f4,Bobana Leave in Cream Argan Oil 200 ML ,Bobana Leave in Cream Argan Oil 200 ML ,32.4,,,50,24,Carton,Bobana,False,physical,https://cdn.swell.store/sodu/69a4ba3145f8730012dac5ef/00dd2d28846e837a5776bc1095d5ed0b/bobanabr-leave-in-cream-brwith-argan-oil-181529.png,Bobana,bobana@sodu.com,,USD,Hair Cream,Bobana Leave in Cream Argan Oil 200 ML ,0,0,45,60,34 x 22 x 20 cm,,24
69a4ba3045f8730012dac5d3,Bobana Hair Serum With Coconut Oil 100 ML ,Bobana Hair Serum With Coconut Oil 100 ML ,37.2,,,50,24,Carton,Bobana,False,physical,https://cdn.swell.store/sodu/69a4ba3045f8730012dac5ce/d0bdbf596f63b2ca87138f1c48999fb6/bobana-hair-serum-with-coconut-oil-4941739.jpg,Bobana,bobana@sodu.com,,USD,Hair Serum,Bobana Hair Serum With Coconut Oil 100 ML ,0,0,45,60,18 x 15 x 16 cm,,24
69a4ba2f45f8730012dac5b3,Bobana Hair Serum Jojoba Oil 100 ML ,Bobana Hair Serum Jojoba Oil 100 ML ,37.2,,,50,24,Carton,Bobana,False,physical,https://cdn.swell.store/sodu/69a4ba2e45f8730012dac5ad/316735b10404791c02c5f0bedf7e022c/bobanabr-serum-brwith-jojoba-oil-688273.webp,Bobana,bobana@sodu.com,,USD,Hair Serum,Bobana Hair Serum Jojoba Oil 100 ML ,0,0,45,60,18 x 15 x 16 cm,,24
69a4ba2d45f8730012dac591,Bobana Hair Serum With Argan Oil 100 ML ,Bobana Hair Serum With Argan Oil 100 ML ,37.2,,,50,24,Carton,Bobana,False,physical,https://cdn.swell.store/sodu/69a4ba2d45f8730012dac58e/bb0e6ed7b1928e45907b20043d56ade7/bobana-hair-serum-with-argan-oil-1279117.jpg,Bobana,bobana@sodu.com,,USD,Hair Serum,Bobana Hair Serum With Argan Oil 100 ML ,0,0,45,60,18 x 15 x 16 cm,,24
69a4ba2c45f8730012dac569,Bobana Hair Mask  Black Garlic Oil 500 ML ,Bobana Hair Mask  Black Garlic Oil 500 ML ,16.8,,,50,12,Carton,Bobana,False,physical,https://cdn.swell.store/sodu/69a4ba2b45f8730012dac567/7ed80fcb3c67b6e3b103dff688269648/bobana-br-hair-mask-br-with-black-garlic-oil-464594.webp,Bobana,bobana@sodu.com,,USD,Hair Mask,Bobana Hair Mask  Black Garlic Oil 500 ML ,0,0,45,60,29 x 20 x 21 cm,,12
69a4ba2a45f8730012dac554,Bobana Hair Mask Coconut Oil 500 ML ,Bobana Hair Mask Coconut Oil 500 ML ,16.8,,,50,12,Carton,Bobana,False,physical,https://cdn.swell.store/sodu/69a4ba2a45f8730012dac551/c8a1006f4102092bc0915156022da09b/bobana-br-hair-mask-br-with-coconut-oil-690268.png,Bobana,bobana@sodu.com,,USD,Hair Mask,Bobana Hair Mask Coconut Oil 500 ML ,0,0,45,60,29 x 20 x 21 cm,,12
69a4ba2845f8730012dac531,Bobana Hair Mask Argan Oil 500 ML ,Bobana Hair Mask Argan Oil 500 ML ,16.8,,,50,12,Carton,Bobana,False,physical,https://cdn.swell.store/sodu/69a4ba2845f8730012dac52e/d96e56d8ac743cbc69ca9ddca183be97/bobanabr-hair-mask-brwith-argan-oil-850361.png,Bobana,bobana@sodu.com,,USD,Hair Mask,Bobana Hair Mask Argan Oil 500 ML ,0,0,45,60,29 x 20 x 21 cm,,12
69a4ba2645f8730012dac506,Bobana Conditioner Coconut Oil 400 ML ,Bobana Conditioner Coconut Oil 400 ML ,15.6,,,50,12,Carton,Bobana,False,physical,https://cdn.swell.store/sodu/69a4ba2645f8730012dac500/ff155dd1449433655fa4ebc26165a500/bobana-conditioner-with-black-garlic-oil-625504.png,Bobana,bobana@sodu.com,,USD,Conditioner,Bobana Conditioner Coconut Oil 400 ML ,0,0,45,60,31 x 23 x 19 cm,,12
69a4ba2545f8730012dac4c5,Bobana Conditioner Black Garlic Oil 400 ML ,Bobana Conditioner Black Garlic Oil 400 ML ,15.6,,,50,12,Carton,Bobana,False,physical,https://cdn.swell.store/sodu/69a4ba2445f8730012dac4b6/ff155dd1449433655fa4ebc26165a500/bobana-conditioner-with-black-garlic-oil-625504.png,Bobana,bobana@sodu.com,,USD,Conditioner,Bobana Conditioner Black Garlic Oil 400 ML ,0,0,45,60,31 x 23 x 19 cm,,12
69a4ba2345f8730012dac498,Bobana Conditioner Argan Oil 400 ML ,Bobana Conditioner Argan Oil 400 ML ,15.6,,,50,12,Carton,Bobana,False,physical,https://cdn.swell.store/sodu/69a4ba2245f8730012dac493/bb0db121e963cf122ba71ec7a9014b4a/bobana-conditioner-with-argan-oil-109498.png,Bobana,bobana@sodu.com,,USD,Conditioner,Bobana Conditioner Argan Oil 400 ML ,0,0,45,60,31 x 23 x 19 cm,,12
69a4ba2145f8730012dac447,Bobana Shampoo Black Garlic Oil 400 ML ,Bobana Shampoo Black Garlic Oil 400 ML ,19.2,,,50,12,Carton,Bobana,False,physical,https://cdn.swell.store/sodu/69a4ba2045f8730012dac444/200e55ff6e071f91e0e525a09eac5fcf/bobana-shampoo-with-black-garlic-oil-892538.png,Bobana,bobana@sodu.com,,USD,Shampoo,Bobana Shampoo Black Garlic Oil 400 ML ,0,0,45,60,31 x 23 x 19 cm,,12
69a4ba1e45f8730012dac428,Bobana Shampoo Coconut Oil 400 ML ,Bobana Shampoo Coconut Oil 400 ML ,19.2,,,50,12,Carton,Bobana,False,physical,https://cdn.swell.store/sodu/69a4ba1e45f8730012dac426/5823522ad4ce37617af5b7e33cc74187/bobana-shampoo-with-coconut-oil-408166.png,Bobana,bobana@sodu.com,,USD,Shampoo,Bobana Shampoo Coconut Oil 400 ML ,0,0,45,60,31 x 23 x 19 cm,,12
69a4ba1c45f8730012dac40d,Bobana Shampoo Argan Oil 400 ML ,Bobana Shampoo Argan Oil 400 ML ,19.2,,,50,12,Carton,Bobana,False,physical,https://cdn.swell.store/sodu/69a4ba1c45f8730012dac408/931966addd7dac70ba61848790f4ef03/bobana-shampoo-with-argan-oil-320720.png,Bobana,bobana@sodu.com,,USD,Shampoo,Bobana Shampoo Argan Oil 400 ML ,0,0,45,60,31 x 23 x 19 cm,,12
695bd0823dddb900124eed20,"Mango Lovely juice, 200 ml",Lovely ( Fruits Less than 10%),2,,,415,27,Carton,Obour land,False,physical,https://cdn.swell.store/sodu/695bd0823dddb900124eed1e/70b282320cb7dc2e3c58faa295940817/28.jpg,Obour land,obourland@sodu.com,,USD,Juice,"Mango Lovely juice, 200 ml",4150,4560,10,15,35 x 16 x 13 cm,,27
695bd0813dddb900124eed0a,"Mango juice, Cross Garden 200 ml",Obour Garden ( Fruits from 30%-50%),3,,,415,27,Carton,Obour land,False,physical,https://cdn.swell.store/sodu/695bd0813dddb900124eed06/b691f479fc6b3300934b5c2608d1123f/49.jpg,Obour land,obourland@sodu.com,,USD,Juice,"Mango juice, Cross Garden 200 ml",4150,4560,10,15,35 x 16 x 13 cm,,27
695bd0803dddb900124eecf3,"Mango juice, 1 liter",Obour land ( Fruits more than 10%),6,,,145,12,Carton,Obour land,False,physical,https://cdn.swell.store/sodu/695bd0803dddb900124eecf0/c87527c653d1bbce61e7c732d4170896/39.png,Obour land,obourland@sodu.com,,USD,Juice,"Mango juice, 1 liter",1450,2100,10,15,31 x 25 x 25 cm,,12
695bd07f3dddb900124eecda,"Lovely cocktail juice, 200 ml",Lovely ( Fruits Less than 10%),2,,,415,27,Carton,Obour land,False,physical,https://cdn.swell.store/sodu/695bd07f3dddb900124eecd2/927da4497886c93d881ee6fb0cabf907/26.jpg,Obour land,obourland@sodu.com,,USD,Juice,"Lovely cocktail juice, 200 ml",4150,4560,10,15,35 x 16 x 13 cm,,27
695bd07f3dddb900124eecbf,"Cocktail juice, Cross Garden 200 ml",Obour Garden ( Fruits from 30%-50%),3,,,415,27,Carton,Obour land,False,physical,https://cdn.swell.store/sodu/695bd07e3dddb900124eecbc/f00bdfe0eb70a74abe686803e71a4822/45.jpg,Obour land,obourland@sodu.com,,USD,Juice,"Cocktail juice, Cross Garden 200 ml",4150,4560,10,15,35 x 16 x 13 cm,,27
695bd07e3dddb900124eeca3,"Cocktail juice, Cross Garden 1 liter",Obour Garden ( Fruits from 30%-50%),7,,,145,12,Carton,Obour land,False,physical,https://cdn.swell.store/sodu/695bd07e3dddb900124eeca0/5525a43f527d0b35a446b7eda17d1b8b/62.jpg,Obour land,obourland@sodu.com,,USD,Juice,"Cocktail juice, Cross Garden 1 liter",1450,2100,10,15,31 x 25 x 25 cm,,12
695bd07d3dddb900124eec8c,"Cocktail juice, 200 ml",Obour land ( Fruits more than 10%),2.6,,,415,27,Carton,Obour land,False,physical,https://cdn.swell.store/sodu/695bd07d3dddb900124eec88/c5e0fa1fcf884fb48d8a4c97b040dd7e/9-1.png,Obour land,obourland@sodu.com,,USD,Juice,"Cocktail juice, 200 ml",4150,4560,10,15,35 x 16 x 13 cm,,27
695bd07c3dddb900124eec6c,"Cocktail juice, 1 liter",Obour land ( Fruits more than 10%),6,,,145,12,Carton,Obour land,False,physical,https://cdn.swell.store/sodu/695bd07c3dddb900124eec6a/f40b45bdc4489ee5940004920984cbab/41.png,Obour land,obourland@sodu.com,,USD,Juice,"Cocktail juice, 1 liter",1450,2100,10,15,31 x 25 x 25 cm,,12
695bd07b3dddb900124eec57,"Red grape juice, Cross Garden 200 ml",Obour Garden ( Fruits from 30%-50%),3,,,415,27,Carton,Obour land,False,physical,https://cdn.swell.store/sodu/695bd07b3dddb900124eec54/2bb4858cc72eaca476fa51b07fa907c5/47.jpg,Obour land,obourland@sodu.com,,USD,Juice,"Red grape juice, Cross Garden 200 ml",4150,4560,10,15,35 x 16 x 13 cm,,27
695bd07a3dddb900124eec3f,"Pomegranate juice, Cross Garden 200 ml",Obour Garden ( Fruits from 30%-50%),3,,,415,27,Carton,Obour land,False,physical,https://cdn.swell.store/sodu/695bd07a3dddb900124eec3c/8c80b9de445ef561fa5f5d8a5081bf68/53.jpg,Obour land,obourland@sodu.com,,USD,Juice,"Pomegranate juice, Cross Garden 200 ml",4150,4560,10,15,35 x 16 x 13 cm,,27
695bd0793dddb900124eec19,"Pomegranate juice, Cross Garden 1 liter",Obour Garden ( Fruits from 30%-50%),7,,,145,12,Carton,Obour land,False,physical,https://cdn.swell.store/sodu/695bd0793dddb900124eec0d/bdef6b481e75f2bd5791c9980e0905c6/64.jpg,Obour land,obourland@sodu.com,,USD,Juice,"Pomegranate juice, Cross Garden 1 liter",1450,2100,10,15,31 x 25 x 25 cm,,12
695bd0783dddb900124eebc8,"Peach juice, Cross Garden 200 ml",Obour Garden ( Fruits from 30%-50%),3,,,415,27,Carton,Obour land,False,physical,https://cdn.swell.store/sodu/695bd0783dddb900124eebc5/bbe5958cd5fa568f24324dc8a2e293b8/51.jpg,Obour land,obourland@sodu.com,,USD,Juice,"Peach juice, Cross Garden 200 ml",4150,4560,10,15,35 x 16 x 13 cm,,27
695bd0773dddb900124eebaa,Abour Garden Peach Juice 1 liter,Obour Garden ( Fruits from 30%-50%),7,,,145,12,Carton,Obour land,False,physical,https://cdn.swell.store/sodu/695bd0773dddb900124eeba7/9e940760f3e6c80c5528290d578ef54b/63.jpg,Obour land,obourland@sodu.com,,USD,Juice,Abour Garden Peach Juice 1 liter,1450,2100,10,15,31 x 25 x 25 cm,,12
695bd0763dddb900124eeb91,Lovely Guava Juice 200 ml,Lovely ( Fruits Less than 10%),2,,,415,27,Carton,Obour land,False,physical,https://cdn.swell.store/sodu/695bd0753dddb900124eeb8c/3d99dff2d54ff8597deb47cdb613ab9b/27.jpg,Obour land,obourland@sodu.com,,USD,Juice,Lovely Guava Juice 200 ml,4150,4560,10,15,35 x 16 x 13 cm,,27
695bd0753dddb900124eeb78,Abour Garden Guava Juice 200 ml,Obour Garden ( Fruits from 30%-50%),3,,,415,27,Carton,Obour land,False,physical,https://cdn.swell.store/sodu/695bd0753dddb900124eeb76/1263f235c84a3f6cc82f7033ed094458/48.jpg,Obour land,obourland@sodu.com,,USD,Juice,Abour Garden Guava Juice 200 ml,4150,4560,10,15,35 x 16 x 13 cm,,27
695bd0743dddb900124eeb63,Guava Juice 200 ml,Obour land ( Fruits more than 10%),2.6,,,415,27,Carton,Obour land,False,physical,https://cdn.swell.store/sodu/695bd0743dddb900124eeb60/bd55f4975c5e62f4cb0d01fd04101147/7-1.png,Obour land,obourland@sodu.com,,USD,Juice,Guava Juice 200 ml,4150,4560,10,15,35 x 16 x 13 cm,,27
695bd0733dddb900124eeb4d,Guava Juice 1 Liter,Obour land ( Fruits more than 10%),6,,,145,12,Carton,Obour land,False,physical,https://cdn.swell.store/sodu/695bd0733dddb900124eeb4a/5c03b2a2b260e81283fb800a61d15b13/40-1.png,Obour land,obourland@sodu.com,,USD,Juice,Guava Juice 1 Liter,1450,2100,10,15,31 x 25 x 25 cm,,12
695bd0723dddb900124eeb36,Lovely Apple Juice 200 ml,Lovely ( Fruits Less than 10%),2,,,415,27,Carton,Obour land,False,physical,https://cdn.swell.store/sodu/695bd0723dddb900124eeb33/a594982bb60e887428bb876d53e2918d/25.jpg,Obour land,obourland@sodu.com,,USD,Juice,Lovely Apple Juice 200 ml,4150,4560,10,15,35 x 16 x 13 cm,,27
695bd0713dddb900124eeb20,Abour Garden Apple Juice 200 ml,Obour Garden ( Fruits from 30%-50%),3,,,415,27,Carton,Obour land,False,physical,https://cdn.swell.store/sodu/695bd0713dddb900124eeb1c/6356492910de558acbab272341c58a7a/43.jpg,Obour land,obourland@sodu.com,,USD,Juice,Abour Garden Apple Juice 200 ml,4150,4560,10,15,35 x 16 x 13 cm,,27
695bd0703dddb900124eeb06,Abour Garden Apple Juice 1 Liter,Obour Garden ( Fruits from 30%-50%),7,,,145,12,Carton,Obour land,False,physical,https://cdn.swell.store/sodu/695bd0703dddb900124eeb03/fa34e3a62a7bf609871217c04d00882e/61.jpg,Obour land,obourland@sodu.com,,USD,Juice,Abour Garden Apple Juice 1 Liter,1450,2100,10,15,31 x 25 x 25 cm,,12
695bd0703dddb900124eeaef,Apple Juice 200 ml,Obour land ( Fruits more than 10%),2.6,,,415,27,Carton,Obour land,False,physical,https://cdn.swell.store/sodu/695bd06f3dddb900124eeaec/1eebdb998cb4d018affbe52d7504782b/8.png,Obour land,obourland@sodu.com,,USD,Juice,Apple Juice 200 ml,4150,4560,10,15,35 x 16 x 13 cm,,27
695bd06f3dddb900124eead7,Lovely Orange Juice 200 ml,Lovely ( Fruits Less than 10%),2,,,415,27,Carton,Obour land,False,physical,https://cdn.swell.store/sodu/695bd06e3dddb900124eead4/3e4a4f85f6822eed5fe7b308e07bd970/30.jpg,Obour land,obourland@sodu.com,,USD,Juice,Lovely Orange Juice 200 ml,4150,4560,10,15,35 x 16 x 13 cm,,27
695bd06e3dddb900124eeab6,Abour Garden Orange Juice 200 ml,Obour Garden ( Fruits from 30%-50%),3,,,415,27,Carton,Obour land,False,physical,https://cdn.swell.store/sodu/695bd06e3dddb900124eeab4/7330f11d4b498c7aeb227c92677e0b9e/50.jpg,Obour land,obourland@sodu.com,,USD,Juice,Abour Garden Orange Juice 200 ml,4150,4560,10,15,35 x 16 x 13 cm,,27
695bd06d3dddb900124eea9f,Abour Garden Orange Juice 1 Liter,Obour Garden ( Fruits from 30%-50%),7,,,145,12,Carton,Obour land,False,physical,https://cdn.swell.store/sodu/695bd06d3dddb900124eea9c/946abd79312ac093416ee76c0b673e45/65.jpg,Obour land,obourland@sodu.com,,USD,Juice,Abour Garden Orange Juice 1 Liter,1450,2100,10,15,31 x 25 x 25 cm,,12
695bd06c3dddb900124eea89,Orange Juice 200 ml,Obour land ( Fruits more than 10%),2.6,,,415,27,Carton,Obour land,False,physical,https://cdn.swell.store/sodu/695bd06c3dddb900124eea86/e4a6a5eb7b9b85641a0a90da8a31d743/10-5.png,Obour land,obourland@sodu.com,,USD,Juice,Orange Juice 200 ml,4150,4560,10,15,35 x 16 x 13 cm,,27
695bd06b3dddb900124eea73,Orange Juice 1 Liter,Obour land ( Fruits more than 10%),6,,,145,12,Carton,Obour land,False,physical,https://cdn.swell.store/sodu/695bd06b3dddb900124eea70/62facff95a8be510c51a625a403148be/42.png,Obour land,obourland@sodu.com,,USD,Juice,Orange Juice 1 Liter,1450,2100,10,15,31 x 25 x 25 cm,,12
695bd06a3dddb900124eea58,Abour Garden Pineapple Juice 200 ml,Obour Garden ( Fruits from 30%-50%),3,,,415,27,Carton,Obour land,False,physical,https://cdn.swell.store/sodu/695bd06a3dddb900124eea55/5e257d77da7ebff48f62ae5d744c72aa/52.jpg,Obour land,obourland@sodu.com,,USD,Juice,Abour Garden Pineapple Juice 200 ml,4150,4560,10,15,35 x 16 x 13 cm,,27
695bd0693dddb900124eea3d,Pineapple Juice 200 ml,Obour land ( Fruits more than 10%),2.6,,,415,27,Carton,Obour land,False,physical,https://cdn.swell.store/sodu/695bd0693dddb900124eea3a/bb078179f20c603490a80a89f9793d45/2-5.png,Obour land,obourland@sodu.com,,USD,Juice,Pineapple Juice 200 ml,4150,4560,10,15,35 x 16 x 13 cm,,27
695bd0683dddb900124eea23,Whole Milk 200 ml,Whole Milk 200 ml,4.75,,,415,27,Carton,Obour land,False,physical,https://cdn.swell.store/sodu/695bd0673dddb900124eea1c/1af12f86aae74d7524441d7088086f6a/1-4.png,Obour land,obourland@sodu.com,,USD,Milk,Whole Milk 200 ml,4150,4560,10,15,35 x 16 x 13 cm,,27
695bd0673dddb900124eea0c,Whole Milk 1 Liter,Whole Milk 1 Liter,10.25,,,145,12,Carton,Obour land,False,physical,https://cdn.swell.store/sodu/695bd0663dddb900124eea0a/87beb4ba9eddba053c40e161e3d486de/6-2.png,Obour land,obourland@sodu.com,,USD,Milk,Whole Milk 1 Liter,1450,2100,10,15,31 x 25 x 25 cm,,12
695bd0643dddb900124ee9f4,Abour Garden Cornflake Milk 200 ml,Abour Garden Cornflake Milk 200 ml,4.75,,,415,27,Carton,Obour land,False,physical,https://cdn.swell.store/sodu/695bd0643dddb900124ee9f1/1d3685d50582c11c1167955692249e99/46.jpg,Obour land,obourland@sodu.com,,USD,Milk,Abour Garden Cornflake Milk 200 ml,4150,4560,10,15,35 x 16 x 13 cm,,27
695bd0633dddb900124ee9ce,Abour Garden Strawberry Milk 200 ml,Abour Garden Strawberry Milk 200 ml,4.75,,,415,27,Carton,Obour land,False,physical,https://cdn.swell.store/sodu/695bd0633dddb900124ee9cb/e21217dcad4b1b89faf7c6692d17d60f/56.jpg,Obour land,obourland@sodu.com,,USD,Milk,Abour Garden Strawberry Milk 200 ml,4150,4560,10,15,35 x 16 x 13 cm,,27
695bd0623dddb900124ee9b8,Abour Garden Banana Milk 200 ml,Abour Garden Banana Milk 200 ml,4.75,,,415,27,Carton,Obour land,False,physical,https://cdn.swell.store/sodu/695bd0623dddb900124ee9b3/f97ff3608fbd50d565c81c142411f575/42.jpg,Obour land,obourland@sodu.com,,USD,Milk,Abour Garden Banana Milk 200 ml,4150,4560,10,15,35 x 16 x 13 cm,,27
695bd0613dddb900124ee999,Abour Garden Chocolate Milk 200 ml,Abour Garden Chocolate Milk 200 ml,4.75,,,415,27,Carton,Obour land,False,physical,https://cdn.swell.store/sodu/695bd0613dddb900124ee997/ba3f95a1d50f30214c3fe1c637f7f1db/44.jpg,Obour land,obourland@sodu.com,,USD,Milk,Abour Garden Chocolate Milk 200 ml,4150,4560,10,15,35 x 16 x 13 cm,,27
695bd0603dddb900124ee981,Skimmed Milk 200 ml,Skimmed Milk 200 ml,4.75,,,415,27,Carton,Obour land,False,physical,https://cdn.swell.store/sodu/695bd0603dddb900124ee97f/422a5d542f575f1c98588f7c38fdcd31/5.png,Obour land,obourland@sodu.com,,USD,Milk,Skimmed Milk 200 ml,4150,4560,10,15,35 x 16 x 13 cm,,27
695bd05f3dddb900124ee95c,Skimmed Milk 1 Liter,Skimmed Milk 1 Liter,10.25,,,145,12,Carton,Obour land,False,physical,https://cdn.swell.store/sodu/695bd05e3dddb900124ee95a/0dde4a5b6c33d6e46092c83442e1501e/obour-land-new-photos-1.png,Obour land,obourland@sodu.com,,USD,Milk,Skimmed Milk 1 Liter,1450,2100,10,15,31 x 25 x 25 cm,,12
694435685a4ee800127cfc1d,Lite Bite Protein+ Lentil Pasta - Spaghetti - 250 g,Lite Bite Protein+ Lentil Pasta - Spaghetti - 250 g,26.4,,,80,22,Carton,Lite Bite,False,physical,https://cdn.swell.store/sodu/694435675a4ee800127cfc19/9bcfa74d0c66ac4576f0d601fc0ceec6/A191B8F5-7857-4DDC-B5E4-39CBA972AF4C_2048x2048.png,Lite Bite,litebite@sodu.com,,USD,Pasta,0725765236531,800,2000,20,30,29 x 27 x 18 cm,,22
694435665a4ee800127cfc01,Lite Bite Protein+ Chickpea Pasta - Penne - 250 g,Lite Bite Protein+ Chickpea Pasta - Penne - 250 g,14.4,,,80,12,Carton,Lite Bite,False,physical,https://cdn.swell.store/sodu/694435665a4ee800127cfbff/8c1bc276289e9edcb995837baea9de28/Pennefront_2048x2048.png,Lite Bite,litebite@sodu.com,,USD,Pasta,0725765236524,800,2000,20,30,29 x 27 x 18 cm,,12
694435645a4ee800127cfbeb,Lite Bite Gluten Free Pasta - Vermicelli - 250 g,Lite Bite Gluten Free Pasta - Vermicelli - 250 g,14.4,,,80,12,Carton,Lite Bite,False,physical,https://cdn.swell.store/sodu/694435645a4ee800127cfbe6/981976d35ed3396f22db01bd039a2144/GFVermicellifront_2048x2048.png,Lite Bite,litebite@sodu.com,,USD,Pasta,0725765236616,800,2000,20,30,29 x 27 x 18 cm,,12
694435625a4ee800127cfbd0,Lite Bite Gluten Free Pasta - Rings - 250 g,Lite Bite Gluten Free Pasta - Rings - 250 g,14.4,,,80,12,Carton,Lite Bite,False,physical,https://cdn.swell.store/sodu/694435625a4ee800127cfbce/eaedccaff7b93857e0970420f812e83c/GFRingsfront_grande.png,Lite Bite,litebite@sodu.com,,USD,Pasta,0725765236586,800,2000,20,30,29 x 27 x 18 cm,,12
694435615a4ee800127cfbb0,Lite Bite Gluten Free Pasta - Penne - 250 g,Lite Bite Gluten Free Pasta - Penne - 250 g,14.4,,,80,12,Carton,Lite Bite,False,physical,https://cdn.swell.store/sodu/694435615a4ee800127cfbae/c9b09a8221512cc2f3a7fd38c54f735f/GFPennefront_b038ebc1-553c-42e5-b268-a5fccc54f57b_4472x.png,Lite Bite,litebite@sodu.com,,USD,Pasta,0725765236579,800,2000,20,30,29 x 27 x 18 cm,,12
6944355c5a4ee800127cfb8f,Lite Bite Low Calorie Spinach Pasta - Fusilli - 250 g,Lite Bite Low Calorie Spinach Pasta - Fusilli - 250 g,14.4,,,80,12,Carton,Lite Bite,False,physical,https://cdn.swell.store/sodu/6944355c5a4ee800127cfb8a/7cf2d973c97d9d5be3c3e914b67f3743/Fusillifront_1200x1200.png,Lite Bite,litebite@sodu.com,,USD,Pasta,0725765236555,800,2000,20,30,29 x 27 x 18 cm,,12
694435555a4ee800127cfb6f,Lite Bite Power Bubbles - 250 g,Lite Bite Power Bubbles - 250 g,13,,,38,10,Carton,Lite Bite,False,physical,https://cdn.swell.store/sodu/69440538acfc050012cb779a/be421d85300bff6153a9edf9138cb4d4/6772504452640.jpg,Lite Bite,litebite@sodu.com,,USD,Cereal,6772504452640,384,960,20,30,38 x 29 x 26 cm,,10
694435545a4ee800127cfb5b,Lite Bite Corn Flakes - 250 g,Lite Bite Corn Flakes - 250 g,13,,,38,10,Carton,Lite Bite,False,physical,https://cdn.swell.store/sodu/694435545a4ee800127cfb57/2ad7c04e178a3cc792dcf3e6a92d369f/image_f1df4d93-5ebd-432e-9129-8f81cbcbc32d_1944x.png,Lite Bite,litebite@sodu.com,,USD,Cereal,0795697052899,384,960,20,30,38 x 29 x 26 cm,,10
6944354c5a4ee800127cfb2c,Lite Bite Cereal - Caramel Pillows - 250 g,Lite Bite Cereal - Caramel Pillows - 250 g,14,,,38,10,Carton,Lite Bite,False,physical,https://cdn.swell.store/sodu/69440532acfc050012cb7749/6c8a04a46c0694dfbc5e691e112c264c/0795697052905.jpg,Lite Bite,litebite@sodu.com,,USD,Cereal,0795697052905,384,960,20,30,38 x 29 x 26 cm,,10
6944354b5a4ee800127cfb1d,Lite Bite No Added Sugar Granola - Chocolate Hazelnut - 340 g ,Lite Bite No Added Sugar Granola - Chocolate Hazelnut - 340 g ,35.52,,,76,12,Carton,Lite Bite,False,physical,https://cdn.swell.store/sodu/69440553acfc050012cb7833/11698538f6d3142b4175aa5a0bd07b7f/0795697053100.jpg,Lite Bite,litebite@sodu.com,,USD,Granola,0795697053100,768,1920,20,30,39 x 30 x 16 cm,,12
6944354b5a4ee800127cfb0e,Lite Bite No Added Sugar Granola - Strawberry Oat- 340 g ,Lite Bite No Added Sugar Granola - Strawberry Oat- 340 g ,35.52,,,76,12,Carton,Lite Bite,False,physical,https://cdn.swell.store/sodu/69440552acfc050012cb7826/e33031969dfb05234ef8dd0280201e84/0795697053254.jpg,Lite Bite,litebite@sodu.com,,USD,Granola,0795697053254,768,1920,20,30,39 x 30 x 16 cm,,12
6944354b5a4ee800127cfafa,Lite Bite No Added Sugar Granola - Coconut Almond & Honey - 340 g ,Lite Bite No Added Sugar Granola - Coconut Almond & Honey - 340 g ,35.52,,,76,12,Carton,Lite Bite,False,physical,https://cdn.swell.store/sodu/69440553acfc050012cb782f/11167647e285f01964147c1de90c29d3/0795697053285.jpg,Lite Bite,litebite@sodu.com,,USD,Granola,0795697053285,768,1920,20,30,39 x 30 x 16 cm,,12
6944354a5a4ee800127cfae7,Lite Bite Preezo Pretzel - Sea Salt - 50 g,Lite Bite Preezo Pretzel - Sea Salt - 50 g,5.208,,,67,24,Carton,Lite Bite,False,physical,https://cdn.swell.store/sodu/69440554acfc050012cb783d/a97a892459f32a70d34710c1df5dfee1/0725765236876.jpg,Lite Bite,litebite@sodu.com,,USD,Snacks,0725765236876,672,1680,20,30,37 x 34 x 14 cm,,24
6944354a5a4ee800127cfad5,Lite Bite Preezo Pretzel - Chili Lemon - 50 g,Lite Bite Preezo Pretzel - Chili Lemon - 50 g,5.208,,,67,24,Carton,Lite Bite,False,physical,https://cdn.swell.store/sodu/69440535acfc050012cb7768/441ae1dc41ab607515e1c6677c9b6306/0725765236890.jpg,Lite Bite,litebite@sodu.com,,USD,Snacks,0725765236890,672,1680,20,30,37 x 34 x 14 cm,,24
694435495a4ee800127cfac3,Lite Bite Preezo Pretzel - Sweet Chili - 50 g  ,Lite Bite Preezo Pretzel - Sweet Chili - 50 g  ,5.208,,,67,24,Carton,Lite Bite,False,physical,https://cdn.swell.store/sodu/69440553acfc050012cb7839/441ae1dc41ab607515e1c6677c9b6306/0725765236906.jpg,Lite Bite,litebite@sodu.com,,USD,Snacks,0725765236906,672,1680,20,30,37 x 34 x 14 cm,,24
694435495a4ee800127cfab6,Lite Bite Preezo Pretzel - Cheese - 50 g,Lite Bite Preezo Pretzel - Cheese - 50 g,5.208,,,67,24,Carton,Lite Bite,False,physical,https://cdn.swell.store/sodu/69440534acfc050012cb7761/441ae1dc41ab607515e1c6677c9b6306/0725765236883.jpg,Lite Bite,litebite@sodu.com,,USD,Snacks,0725765236883,672,1680,20,30,37 x 34 x 14 cm,,24
694435495a4ee800127cfaa8,Lite Bite Preezo  Hi Protein Pretzel - Sweet Chili - 50 g  ,Lite Bite Preezo  Hi Protein Pretzel - Sweet Chili - 50 g  ,16.32,,,67,24,Carton,Lite Bite,False,physical,https://cdn.swell.store/sodu/69440550acfc050012cb7812/7f6f2802c51e97fdd00c23651fb41b01/0725765236920.jpg,Lite Bite,litebite@sodu.com,,USD,Snacks,0725765236807,672,1680,20,30,37 x 34 x 14 cm,,24
694435485a4ee800127cfa9a,Lite Bite Preezo Hi Protein Pretzel - Cheese - 50 g,Lite Bite Preezo Hi Protein Pretzel - Cheese - 50 g,16.32,,,67,24,Carton,Lite Bite,False,physical,https://cdn.swell.store/sodu/694435485a4ee800127cfa96/ae09c80ab572c54ff9fa8b61f5f8c5c0/NACHO-CH_2048x2048.png,Lite Bite,litebite@sodu.com,,USD,Snacks,0725765236999,672,1680,20,30,37 x 34 x 14 cm,,24
694435475a4ee800127cfa83,Lite Bite Preezo Hi Protein Pretzel - BBQ - 50 g,Lite Bite Preezo Hi Protein Pretzel - BBQ - 50 g,16.32,,,67,24,Carton,Lite Bite,False,physical,https://cdn.swell.store/sodu/694435475a4ee800127cfa80/2bc193d161c71fc96cf69670957242a2/PROTEINCRISP_4472x.png,Lite Bite,litebite@sodu.com,,USD,Snacks,0795697053186,672,1680,20,30,37 x 34 x 14 cm,,24
694435465a4ee800127cfa6c,Lite Bite Protein Puffs - Chili Lemon - 40 g,Lite Bite Protein Puffs - Chili Lemon - 40 g,5.7,,,64,20,Carton,Lite Bite,False,physical,https://cdn.swell.store/sodu/69440536acfc050012cb777c/4fd8207c092841fdc32760c75aa5ebd2/0795697052837.jpg,Lite Bite,litebite@sodu.com,,USD,Snacks,0795697052837,640,1600,20,30,46 x 28 x 15 cm,,20
694435455a4ee800127cfa5b,Lite Bite Hummus Puffs - Sour Cream - 40 g,Lite Bite Hummus Puffs - Sour Cream - 40 g,5.7,,,64,20,Carton,Lite Bite,False,physical,https://cdn.swell.store/sodu/69440552acfc050012cb781c/7f6f2802c51e97fdd00c23651fb41b01/0795697052820.jpg,Lite Bite,litebite@sodu.com,,USD,Snacks,0795697052820,640,1600,20,30,46 x 28 x 15 cm,,20
694435455a4ee800127cfa49,Lite Bite Protein Puffs - Nacho Cheese - 40 g,Lite Bite Protein Puffs - Nacho Cheese - 40 g,5.7,,,64,20,Carton,Lite Bite,False,physical,https://cdn.swell.store/sodu/69440551acfc050012cb7819/7f6f2802c51e97fdd00c23651fb41b01/0795697052813.jpg,Lite Bite,litebite@sodu.com,,USD,Snacks,0795697052813,640,1600,20,30,46 x 28 x 15 cm,,20
694435445a4ee800127cfa3a,Lite Bite Lentil Puffs - Honey Mustard - 40 g,Lite Bite Lentil Puffs - Honey Mustard - 40 g,5.7,,,64,20,Carton,Lite Bite,False,physical,https://cdn.swell.store/sodu/69440538acfc050012cb779e/ff64290d74509d9fbc24497a2088285c/0795697052974.jpg,Lite Bite,litebite@sodu.com,,USD,Snacks,0795697052974,640,1600,20,30,46 x 28 x 15 cm,,20
694435445a4ee800127cfa2a,Lite Bite Protein Puffs - BBQ - 40 g,Lite Bite Protein Puffs - BBQ - 40 g,5.7,,,64,20,Carton,Lite Bite,False,physical,https://cdn.swell.store/sodu/69440551acfc050012cb7815/7f6f2802c51e97fdd00c23651fb41b01/0795697052806.jpg,Lite Bite,litebite@sodu.com,,USD,Snacks,0795697052806,640,1600,20,30,46 x 28 x 15 cm,,20
694435445a4ee800127cfa1c,Lite Bite Honey Squeeze - Mountain Sidr - 420 g ,Lite Bite Honey Squeeze - Mountain Sidr - 420 g ,237.6,,,67,24,Carton,Lite Bite,False,physical,https://cdn.swell.store/sodu/69440536acfc050012cb7780/4fd8207c092841fdc32760c75aa5ebd2/0795697052844.jpg,Lite Bite,litebite@sodu.com,,USD,Honey Products,0795697052844,672,1680,20,30,35 x 28 x 17 cm,,24
694435435a4ee800127cfa0d,Lite Bite Honey Squeeze - Banana - 420 g ,Lite Bite Honey Squeeze - Banana - 420 g ,81.6,,,67,24,Carton,Lite Bite,False,physical,https://cdn.swell.store/sodu/69440537acfc050012cb7784/4fd8207c092841fdc32760c75aa5ebd2/0795697052851.jpg,Lite Bite,litebite@sodu.com,,USD,Honey Products,0795697052851,672,1680,20,30,35 x 28 x 17 cm,,24
694435435a4ee800127cf9fe,Lite Bite Honey Squeeze - Anise - 420 g ,Lite Bite Honey Squeeze - Anise - 420 g ,81.6,,,67,24,Carton,Lite Bite,False,physical,https://cdn.swell.store/sodu/694435435a4ee800127cf9fb/3663a73a7405bfe74194665a639563b6/576441_main.jpg,Lite Bite,litebite@sodu.com,,USD,Honey Products,0795697052868,672,1680,20,30,35 x 28 x 17 cm,,24
694435425a4ee800127cf9e7,Lite Bite Honey Squeeze - Marjoram - 420 g,Lite Bite Honey Squeeze - Marjoram - 420 g,81.6,,,67,24,Carton,Lite Bite,False,physical,https://cdn.swell.store/sodu/69440554acfc050012cb7841/05c8132ae35bfc63961772edaf31d823/0795697052875.jpg,Lite Bite,litebite@sodu.com,,USD,Honey Products,0795697052875,672,1680,20,30,35 x 28 x 17 cm,,24
694435415a4ee800127cf9d7,Lite Bite Honey Squeeze - Clover - 420 g ,Lite Bite Honey Squeeze - Clover - 420 g ,81.6,,,67,24,Carton,Lite Bite,False,physical,https://cdn.swell.store/sodu/69440534acfc050012cb7759/48d59d72b95ad12c6438f73db2e2876f/6772504452718.jpg,Lite Bite,litebite@sodu.com,,USD,Honey Products,6772504452718,672,1680,20,30,35 x 28 x 17 cm,,24
694435415a4ee800127cf9c8,Lite Bite Honey Squeeze - Citrus - 420 g ,Lite Bite Honey Squeeze - Citrus - 420 g ,81.6,,,67,24,Carton,Lite Bite,False,physical,https://cdn.swell.store/sodu/69440534acfc050012cb7756/5191887845bb4a96805b51b226769f08/6772504452701.jpg,Lite Bite,litebite@sodu.com,,USD,Honey Products,6772504452701,672,1680,20,30,35 x 28 x 17 cm,,24
694435415a4ee800127cf9b9,Lite Bite Honey Squeeze - Black Seed - 420 g ,Lite Bite Honey Squeeze - Black Seed - 420 g ,81.6,,,67,24,Carton,Lite Bite,False,physical,https://cdn.swell.store/sodu/69440552acfc050012cb781f/3ed77d4ff7aff7841020c3b248e49f97/6772504452169.jpg,Lite Bite,litebite@sodu.com,,USD,Honey Products,6772504452169,672,1680,20,30,35 x 28 x 17 cm,,24
694435405a4ee800127cf9a9,Lite Bite Hazelnut Chocolate Keto Spread - 200 g,Lite Bite Hazelnut Chocolate Keto Spread - 200 g,64.8,,,115,24,Carton,Lite Bite,False,physical,https://cdn.swell.store/sodu/69440537acfc050012cb7795/b52cdb1d830fca875dcfc508e17cead3/0725765236609.jpg,Lite Bite,litebite@sodu.com,,USD,Chocolate Spread,0725765236609,1152,2880,20,30,28 x 20 x 17 cm,,24
694435405a4ee800127cf993,Lite Bite Chocolate Spread Plus Protein - 200 g,Lite Bite Chocolate Spread Plus Protein - 200 g,64.8,,,115,24,Carton,Lite Bite,False,physical,https://cdn.swell.store/sodu/69440535acfc050012cb7772/0e97c1f8c6e72fb8f3a4b519625164b2/0725765236593.jpg,Lite Bite,litebite@sodu.com,,USD,Chocolate Spread,0725765236593,1152,2880,20,30,28 x 20 x 17 cm,,24
6944353f5a4ee800127cf983,Lite Bite 30% Whey Protein Bar - Cookies and Cream - 60 g         ,Lite Bite 30% Whey Protein Bar - Cookies and Cream - 60 g         ,64.8,,,84,72,Carton,Lite Bite,False,physical,https://cdn.swell.store/sodu/69440532acfc050012cb774e/50b13a7db9cb47648def540cf5c70472/0795697053049.jpg,Lite Bite,litebite@sodu.com,,USD,Protein Bars,0795697053049,840,2100,20,30,32 x 20 x 22 cm,,72
6944353f5a4ee800127cf972,Lite Bite Crisp Bar 30% Whey Protein - 60 g ,Lite Bite Crisp Bar 30% Whey Protein - 60 g ,64.8,,,84,72,Carton,Lite Bite,False,physical,https://cdn.swell.store/sodu/6944052facfc050012cb772f/6d2430f57c735927bf2082678fe4ab87/6772504452282.jpg,Lite Bite,litebite@sodu.com,,USD,Protein Bars,6772504452282,840,2100,20,30,32 x 20 x 22 cm,,72
6944353f5a4ee800127cf964,Lite Bite 30% Whey Protein Bar - Peanut Butter - 60 g         ,Lite Bite 30% Whey Protein Bar - Peanut Butter - 60 g         ,64.8,,,84,72,Carton,Lite Bite,False,physical,https://cdn.swell.store/sodu/69440535acfc050012cb776c/92431c7c8f75b4eaba624933fee46637/6772504452985.jpg,Lite Bite,litebite@sodu.com,,USD,Protein Bars,6772504452985,840,2100,20,30,32 x 20 x 22 cm,,72
6944353e5a4ee800127cf952,Lite Bite 30% Whey Protein Bar - Coconut - 60 g         ,Lite Bite 30% Whey Protein Bar - Coconut - 60 g         ,64.8,,,84,72,Carton,Lite Bite,False,physical,https://cdn.swell.store/sodu/69440530acfc050012cb7740/366f7c0a5129b07342b0d61f6947efe2/6772504452961.jpg,Lite Bite,litebite@sodu.com,,USD,Protein Bars,6772504452961,840,2100,20,30,32 x 20 x 22 cm,,72
6944353e5a4ee800127cf943,Lite Bite 30% Whey Protein Bar - Cappuccino - 60 g,Lite Bite 30% Whey Protein Bar - Cappuccino - 60 g,64.8,,,84,72,Carton,Lite Bite,False,physical,https://cdn.swell.store/sodu/6944353e5a4ee800127cf941/1c41ad2ea624bcd59caedfec01e77fec/PROTEIN30COCONUT_2048x2048.png,Lite Bite,litebite@sodu.com,,USD,Protein Bars,6772504452978,840,2100,20,30,32 x 20 x 22 cm,,72
6944353c5a4ee800127cf924,Lite Bite 30 % Whey Protein Bar - Red Velvet - 60 g         ,Lite Bite 30 % Whey Protein Bar - Red Velvet - 60 g         ,64.8,,,84,72,Carton,Lite Bite,False,physical,https://cdn.swell.store/sodu/69440531acfc050012cb7746/367bdc57a9312e716d6f5afa5b03af92/6772504452251.jpg,Lite Bite,litebite@sodu.com,,USD,Protein Bars,6772504452251,840,2100,20,30,32 x 20 x 22 cm,,72
6944353c5a4ee800127cf915,Lite Bite 30 % Whey Protein Bar - Hazelnut Fudge - 60 g,Lite Bite 30 % Whey Protein Bar - Hazelnut Fudge - 60 g,64.8,,,84,72,Carton,Lite Bite,False,physical,https://cdn.swell.store/sodu/6944353c5a4ee800127cf912/083bcf6c9b41e81fbc08fc7c89d5ccd1/PROTEIN_30_HAZ_F_2048x2048.png,Lite Bite,litebite@sodu.com,,USD,Protein Bars,6772504452244,840,2100,20,30,32 x 20 x 22 cm,,72
6944353a5a4ee800127cf8fb,Lite Bite 30 % Whey Protein Bar - Chocolate Brownies - 60 g         ,Lite Bite 30 % Whey Protein Bar - Chocolate Brownies - 60 g         ,64.8,,,84,72,Carton,Lite Bite,False,physical,https://cdn.swell.store/sodu/69440533acfc050012cb7751/bc6db97022037816ff24c0d9a5c40b0d/6772504452299.jpg,Lite Bite,litebite@sodu.com,,USD,Protein Bars,6772504452299,840,2100,20,30,32 x 20 x 22 cm,,72
6944353a5a4ee800127cf8ec,Lite Bite Vegan Bar - Nuts mix  20% Protein - 60 g ,Lite Bite Vegan Bar - Nuts mix  20% Protein - 60 g ,64.8,,,84,72,Carton,Lite Bite,False,physical,https://cdn.swell.store/sodu/6944353a5a4ee800127cf8e7/3ce7a87cbce8f75d008ad0995fc0a4fb/6772504452305.jpg,Lite Bite,litebite@sodu.com,,USD,Protein Bars,6772504452305,840,2100,20,30,32 x 20 x 22 cm,,72
694435395a4ee800127cf8d4,Lite Bite Keto Bar - Coconut - 60 g ,Lite Bite Keto Bar - Coconut - 60 g ,64.8,,,84,72,Carton,Lite Bite,False,physical,https://cdn.swell.store/sodu/694435395a4ee800127cf8d2/d38499f7877190810f2bbe8026c8e91e/61tWehlIQdL.jpg,Lite Bite,litebite@sodu.com,,USD,Protein Bars,6772504452329,840,2100,20,30,32 x 20 x 22 cm,,72
694435385a4ee800127cf8bf,Lite Bite Keto Bar - Chocolate Cocoa - 60 g ,Lite Bite Keto Bar - Chocolate Cocoa - 60 g ,64.8,,,84,72,Carton,Lite Bite,False,physical,https://cdn.swell.store/sodu/694435385a4ee800127cf8b3/bd00fae11abfd0164786efa74c47f955/61L93%2BlV0yL.jpg,Lite Bite,litebite@sodu.com,,USD,Protein Bars,6772504452336,840,2100,20,30,32 x 20 x 22 cm,,72
694435375a4ee800127cf8a2,Lite Bite Kiddo Protein Bar - Crispy Caramel - 25 g ,Lite Bite Kiddo Protein Bar - Crispy Caramel - 25 g ,50.4,,,120,144,Carton,Lite Bite,False,physical,https://cdn.swell.store/sodu/694435375a4ee800127cf8a0/958fbb580a3d37cdc4540bc326ac3d22/KIDDO3D_1944x.png,Lite Bite,litebite@sodu.com,,USD,Protein Bars,6772504452268,1200,3000,20,30,31 x 15 x 23 cm,,144
69435c96fad41100128459ef,"Tank Go, 800ml, Purple, PP Plastic Bottle, BPA free, Leakproof","• Capacity: 800ml
• Easy-Sip Lid for smooth and convenient drinking on the move
•Leak-Proof Design to prevent spills and protect your belongings
• Fits Car Cup Holders for on-the-go convenience
• Durable design built for everyday use
• BPA-Free for safe and healthy hydration
• Lightweight design for effortless carrying",16.8,,,66,12,Carton,Tank,False,physical,https://cdn.swell.store/sodu/6943434adcb4aa0012211b98/13c5570d7f23f3364c1bf9296786408d/6223018170563.png,Tank,tank@sodu.com,,USD, Flasks,6223018170563,660,1320,20,30,25 x 32 x 25 cm,,12
69435c95fad41100128459c8,"Tank Go, 800ml, Light Blue, PP Plastic Bottle, BPA free, Leakproof","• Capacity: 800ml
• Easy-Sip Lid for smooth and convenient drinking on the move
•Leak-Proof Design to prevent spills and protect your belongings
• Fits Car Cup Holders for on-the-go convenience
• Durable design built for everyday use
• BPA-Free for safe and healthy hydration
• Lightweight design for effortless carrying",16.8,,,66,12,Carton,Tank,False,physical,https://cdn.swell.store/sodu/6943434adcb4aa0012211b8e/edcafb5eb89bce1c40310f25b973c322/6223018170532.png,Tank,tank@sodu.com,,USD, Flasks,6223018170532,660,1320,20,30,25 x 32 x 25 cm,,12
69435c95fad41100128459ab,"Tank Go, 800ml, Black, PP Plastic Bottle, BPA free, Leakproof","• Capacity: 800ml
• Easy-Sip Lid for smooth and convenient drinking on the move
•Leak-Proof Design to prevent spills and protect your belongings
• Fits Car Cup Holders for on-the-go convenience
• Durable design built for everyday use
• BPA-Free for safe and healthy hydration
• Lightweight design for effortless carrying",16.8,,,66,12,Carton,Tank,False,physical,https://cdn.swell.store/sodu/6943430ddcb4aa0012211448/1c6c373215c5239c33329d7e863dfadb/6223018170525.png,Tank,tank@sodu.com,,USD, Flasks,6223018170525,660,1320,20,30,25 x 32 x 25 cm,,12
69435c94fad411001284599c,Tank BTL Super Cool Mini - Printed 650ml (Football + Girls),"Insulated Bottle for maximum cooling temperature retention up to 3 hours.
• Capacity: 650 ml.
• BPA Free.
• Wide Mouth.
• Twist N' Flip Cap.
• Heavy Duty.
• Easy To Carry.
• Leak Proof.
• Dimension: Length = 85 mm , Width = 88 mm , Height 260.5 mm",28.2,,,63,6,Carton,Tank,False,physical,https://cdn.swell.store/sodu/69434349dcb4aa0012211b80/9c64e130b136ac9b14475117ef942a74/6223018170365.png,Tank,tank@sodu.com,,USD, Flasks,6223018170365,630,1260,20,30,25 x 32 x 27 cm,,6
69435c93fad411001284598d,Tank BTL Super Cool Mini - Printed 650ml (Space + Girls),"Insulated Bottle for maximum cooling temperature retention up to 3 hours.
• Capacity: 650 ml.
• BPA Free.
• Wide Mouth.
• Twist N' Flip Cap.
• Heavy Duty.
• Easy To Carry.
• Leak Proof.
• Dimension: Length = 85 mm , Width = 88 mm , Height 260.5 mm",28.2,,,63,6,Carton,Tank,False,physical,https://cdn.swell.store/sodu/69434349dcb4aa0012211b75/57967e5674b3ec846ac5c4806f730319/6223018170358.png,Tank,tank@sodu.com,,USD, Flasks,6223018170358,630,1260,20,30,25 x 32 x 27 cm,,6
69435c93fad411001284597c,Tank BTL Super Cool Mini - Printed 650ml (Space + Football),"Insulated Bottle for maximum cooling temperature retention up to 3 hours.
• Capacity: 650 ml.
• BPA Free.
• Wide Mouth.
• Twist N' Flip Cap.
• Heavy Duty.
• Easy To Carry.
• Leak Proof.
• Dimension: Length = 85 mm , Width = 88 mm , Height 260.5 mm",28.2,,,63,6,Carton,Tank,False,physical,https://cdn.swell.store/sodu/69434349dcb4aa0012211b6b/447152c78a7e51f7438f18d01bd4c8c1/6223018170341.png,Tank,tank@sodu.com,,USD, Flasks,6223018170341,630,1260,20,30,25 x 32 x 27 cm,,6
69435c92fad4110012845966,"Tank Super Cool Mini - Printed, 650ml, Girls, Insulated Plastic Bottle, BPA free, Leakproof","Insulated Bottle for maximum cooling temperature retention up to 3 hours
• Capacity: 650 ml
• BPA Free
• Wide Mouth
• Twist N' Flip Cap
• Heavy Duty
• Easy To Carry
• Leak Proof
• Dimension: Length = 85 mm , Width = 88 mm , Height 260.5 mm",30,,,63,12,Carton,Tank,False,physical,https://cdn.swell.store/sodu/6943430cdcb4aa0012211416/677296db3db6bfeda392f3444b3862ed/6223018170235.png,Tank,tank@sodu.com,,USD, Flasks,6223018170235,630,1260,20,30,25 x 32 x 27 cm,,12
69435c92fad4110012845957,"Tank Super Cool Mini - Printed, 650ml, Football, Insulated Plastic Bottle, BPA free, Leakproof","Insulated Bottle for maximum cooling temperature retention up to 3 hours
• Capacity: 650 ml
• BPA Free
• Wide Mouth
• Twist N' Flip Cap
• Heavy Duty
• Easy To Carry
• Leak Proof
• Dimension: Length = 85 mm , Width = 88 mm , Height 260.5 mm",30,,,63,12,Carton,Tank,False,physical,https://cdn.swell.store/sodu/6943430cdcb4aa0012211409/586cf7ec36d29f85059dfddd9dab279a/6223018170228.png,Tank,tank@sodu.com,,USD, Flasks,6223018170228,630,1260,20,30,25 x 32 x 27 cm,,12
69435c91fad4110012845948,"Tank Super Cool Mini - Printed, 650ml, Space, Insulated Plastic Bottle, BPA free, Leakproof","Insulated Bottle for maximum cooling temperature retention up to 3 hours
• Capacity: 650 ml
• BPA Free
• Wide Mouth
• Twist N' Flip Cap
• Heavy Duty
• Easy To Carry
• Leak Proof
• Dimension: Length = 85 mm , Width = 88 mm , Height 260.5 mm",30,,,63,12,Carton,Tank,False,physical,https://cdn.swell.store/sodu/69434312dcb4aa00122114f5/88016d770f24be91f2d8f8dd3e48ed2c/6223018170211.png,Tank,tank@sodu.com,,USD, Flasks,6223018170211,630,1260,20,30,25 x 32 x 27 cm,,12
69435c91fad4110012845939,"Tank Tritan Flip Cap, 800ml, Light Grey, Plastic Bottle, BPA free, Leakproof","• Capacity: 800ml
• Easy-Sip Lid for smooth and convenient drinking on the move
•Leak-Proof Design to prevent spills and protect your belongings
• Fits Car Cup Holders for on-the-go convenience
• Durable design built for everyday use
• BPA-Free for safe and healthy hydration
• Flip Cap for quick access and secure closure
• Lightweight design for effortless carrying",24,,,63,12,Carton,Tank,False,physical,https://cdn.swell.store/sodu/694342d7dcb4aa0012210d5b/09806bb810019db67a6cbb64a0576e0b/6223018170112.png,Tank,tank@sodu.com,,USD, Flasks,6223018170112,630,1260,20,30,25 x 32 x 27 cm,,12
69435c90fad411001284592a,"Tank Tritan Flip Cap, 800ml, Pink, Plastic Bottle, BPA free, Leakproof","• Capacity: 800ml
• Easy-Sip Lid for smooth and convenient drinking on the move
•Leak-Proof Design to prevent spills and protect your belongings
• Fits Car Cup Holders for on-the-go convenience
• Durable design built for everyday use
• BPA-Free for safe and healthy hydration
• Flip Cap for quick access and secure closure
• Lightweight design for effortless carrying",24,,,63,12,Carton,Tank,False,physical,https://cdn.swell.store/sodu/694342d6dcb4aa0012210d41/60f777796c17892c1f09aa7a96a7b6b9/6223018170105.png,Tank,tank@sodu.com,,USD, Flasks,6223018170105,630,1260,20,30,25 x 32 x 27 cm,,12
69435c90fad4110012845916,"Tank Tritan Flip Cap, 800ml, Purple, Plastic Bottle, BPA free, Leakproof","• Capacity: 800ml
• Easy-Sip Lid for smooth and convenient drinking on the move
•Leak-Proof Design to prevent spills and protect your belongings
• Fits Car Cup Holders for on-the-go convenience
• Durable design built for everyday use
• BPA-Free for safe and healthy hydration
• Flip Cap for quick access and secure closure
• Lightweight design for effortless carrying",24,,,63,12,Carton,Tank,False,physical,https://cdn.swell.store/sodu/694342dddcb4aa0012210e49/672397d2ef1199b93d3a13b1355873c8/6223018170099.png,Tank,tank@sodu.com,,USD, Flasks,6223018170099,630,1260,20,30,25 x 32 x 27 cm,,12
69435c8ffad4110012845906,"Tank Tritan Flip Cap, 800ml, Blue, Plastic Bottle, BPA free, Leakproof","• Capacity: 800ml
• Easy-Sip Lid for smooth and convenient drinking on the move
•Leak-Proof Design to prevent spills and protect your belongings
• Fits Car Cup Holders for on-the-go convenience
• Durable design built for everyday use
• BPA-Free for safe and healthy hydration
• Flip Cap for quick access and secure closure
• Lightweight design for effortless carrying",24,,,63,12,Carton,Tank,False,physical,https://cdn.swell.store/sodu/694342dddcb4aa0012210e3d/94dfa8af1885396f47d997360454fd64/6223018170082.png,Tank,tank@sodu.com,,USD, Flasks,6223018170082,630,1260,20,30,25 x 32 x 27 cm,,12
69435c8ffad41100128458f7,"Tank Tritan Flip Cap, 800ml, Black, Plastic Bottle, BPA free, Leakproof","• Capacity: 800ml
• Easy-Sip Lid for smooth and convenient drinking on the move
•Leak-Proof Design to prevent spills and protect your belongings
• Fits Car Cup Holders for on-the-go convenience
• Durable design built for everyday use
• BPA-Free for safe and healthy hydration
• Flip Cap for quick access and secure closure
• Lightweight design for effortless carrying",24,,,63,12,Carton,Tank,False,physical,https://cdn.swell.store/sodu/694342dddcb4aa0012210e31/3f67f47889e64b8b49e9021213ce36bb/6223018170075.png,Tank,tank@sodu.com,,USD, Flasks,6223018170075,630,1260,20,30,25 x 32 x 27 cm,,12
69435c8efad41100128458e8,"Tank Classic, 0.75L, Red, Insulated Plastic Bottle, BPA Free, Leakproof","* Insulated Bottle for maximum cooling temperature retention up to 12 hours. 
* Material: PP 5
* Capacity: 750 ml.
* BPA Free.
* Easy to open and drink.
* Heavy Duty.
*Easy To Carry.
* Leak Proof.
 Dimension: Width = 11 Cm , Height 29 Cm ",14.4,,,21,12,Carton,Tank,False,physical,https://cdn.swell.store/sodu/694342d7dcb4aa0012210d6a/ec2ace9420ef77cae38a5d2f4b0625da/6223003246747.png,Tank,tank@sodu.com,,USD, Flasks,6223003246747,210,420,20,30,36 x 46 x 31 cm,,12
69435c8efad41100128458d9,"Tank Classic, 1.25L, Red, Insulated Plastic Bottle, BPA Free, Leakproof","* Insulated Bottle for maximum cooling temperature retention up to 12 hours. 
* Material: PP 5
* Capacity:  1.25 L.
* BPA Free.
* Easy to open and drink.
* Heavy Duty.
*Easy To Carry.
* Leak Proof.
 Dimension: Width = 11 Cm , Height 36.5 Cm ",16.8,,,16,12,Carton,Tank,False,physical,https://cdn.swell.store/sodu/694342d9dcb4aa0012210da1/1e18fea92faf259b6cbedcd5f62beef8/6223003246730.png,Tank,tank@sodu.com,,USD, Flasks,6223003246730,168,336,20,30,36 x 46 x 36 cm,,12
69435c8dfad41100128458c9,"Tank Super Cool Mini - Printed, 650ml, Games, Insulated Plastic Bottle, BPA free, Leakproof","Insulated Bottle for maximum cooling temperature retention up to 3 hours
• Capacity: 650 ml
• BPA Free
• Wide Mouth
• Twist N' Flip Cap
• Heavy Duty
• Easy To Carry
• Leak Proof
• Dimension: Length = 85 mm , Width = 88 mm , Height 260.5 mm",30,,,63,12,Carton,Tank,False,physical,https://cdn.swell.store/sodu/6943430ddcb4aa0012211440/f5f1386f2d7e4e74fa7fcdf906b15212/6223003245702.png,Tank,tank@sodu.com,,USD, Flasks,6223003245702,630,1260,20,30,25 x 32 x 27 cm,,12
69435c8dfad41100128458ba,"Tank Super Cool Mini - Printed, 650ml, Park, Insulated Plastic Bottle, BPA free, Leakproof","Insulated Bottle for maximum cooling temperature retention up to 3 hours
• Capacity: 650 ml
• BPA Free
• Wide Mouth
• Twist N' Flip Cap
• Heavy Duty
• Easy To Carry
• Leak Proof
• Dimension: Length = 85 mm , Width = 88 mm , Height 260.5 mm",30,,,63,12,Carton,Tank,False,physical,https://cdn.swell.store/sodu/6943430ddcb4aa0012211431/375abf51b31f18432f5534f8ac333492/6223003245696.png,Tank,tank@sodu.com,,USD, Flasks,6223003245696,630,1260,20,30,25 x 32 x 27 cm,,12
69435c8cfad41100128458ab,"Tank Super Cool Mini - Printed, 650ml, Circus, Insulated Plastic Bottle, BPA free, Leakproof","Insulated Bottle for maximum cooling temperature retention up to 3 hours
• Capacity: 650 ml
• BPA Free
• Wide Mouth
• Twist N' Flip Cap
• Heavy Duty
• Easy To Carry
• Leak Proof
• Dimension: Length = 85 mm , Width = 88 mm , Height 260.5 mm",30,,,63,12,Carton,Tank,False,physical,https://cdn.swell.store/sodu/6943430cdcb4aa0012211424/b04af487e2de2945db8003317c31f364/6223003245689.png,Tank,tank@sodu.com,,USD, Flasks,6223003245689,630,1260,20,30,25 x 32 x 27 cm,,12
69435c8cfad411001284589d,"Tank Tritan, 800ml, Light Grey, Plastic Bottle, BPA free, Leakproof","Capacity: 800 ml.
BPA Free and Food Safe.
Leak Proof.
Light weight.
Easy To Carry.
Heavy Duty.
Stain and Odour Resistant.
Wide Mouth.
Twist N' Flip Cap.",24,,,58,12,Carton,Tank,False,physical,https://cdn.swell.store/sodu/694342dcdcb4aa0012210e09/8b349488723689336412591f3687b569/6223003245320.png,Tank,tank@sodu.com,,USD, Flasks,6223003245320,588,1176,20,30,25 x 33 x 27 cm,,12
69435c8bfad411001284588a,"Tank Tritan, 800ml, Pink, Plastic Bottle, BPA free, Leakproof","Capacity: 800 ml.
BPA Free and Food Safe.
Leak Proof.
Light weight.
Easy To Carry.
Heavy Duty.
Stain and Odour Resistant.
Wide Mouth.
Twist N' Flip Cap.",24,,,58,12,Carton,Tank,False,physical,https://cdn.swell.store/sodu/694342dcdcb4aa0012210e14/84455e7dc6d493b8541f5637232b05e5/6223003245313.png,Tank,tank@sodu.com,,USD, Flasks,6223003245313,588,1176,20,30,25 x 33 x 27 cm,,12
69435c8bfad411001284587a,"Tank Tritan, 800ml, Purple, Plastic Bottle, BPA free, Leakproof","Capacity: 800 ml.
BPA Free and Food Safe.
Leak Proof.
Light weight.
Easy To Carry.
Heavy Duty.
Stain and Odour Resistant.
Wide Mouth.
Twist N' Flip Cap.",24,,,58,12,Carton,Tank,False,physical,https://cdn.swell.store/sodu/694342dcdcb4aa0012210e25/ce3ff4b7b3348676fd83d6bc92e5e05d/6223003245306.png,Tank,tank@sodu.com,,USD, Flasks,6223003245306,588,1176,20,30,25 x 33 x 27 cm,,12
69435c8afad411001284586b,"Tank Tritan, 800ml, Blue, Plastic Bottle, BPA free, Leakproof","Capacity: 800 ml.
BPA Free and Food Safe.
Leak Proof.
Light weight.
Easy To Carry.
Heavy Duty.
Stain and Odour Resistant.
Wide Mouth.
Twist N' Flip Cap.",24,,,58,12,Carton,Tank,False,physical,https://cdn.swell.store/sodu/694342dbdcb4aa0012210df1/18d20877586a1fbdedba5a1f0ea83acc/6223003245290.png,Tank,tank@sodu.com,,USD, Flasks,6223003245290,588,1176,20,30,25 x 33 x 27 cm,,12
69435c8afad411001284585b,"Tank Tritan, 800ml, Black, Plastic Bottle, BPA free, Leakproof","Capacity: 800 ml.
BPA Free and Food Safe.
Leak Proof.
Light weight.
Easy To Carry.
Heavy Duty.
Stain and Odour Resistant.
Wide Mouth.
Twist N' Flip Cap.",24,,,58,12,Carton,Tank,False,physical,https://cdn.swell.store/sodu/694342dbdcb4aa0012210dfb/96e88ae8aa2efcee375613735ae52e8c/6223003245283.png,Tank,tank@sodu.com,,USD, Flasks,6223003245283,588,1176,20,30,25 x 33 x 27 cm,,12
69435c89fad4110012845848,"Tank Tritan, 550ml, Light Grey, Plastic Bottle, BPA free, Leakproof","Capacity: 550 ml.
BPA Free and Food Safe.
Leak Proof.
Light weight.
Easy To Carry.
Heavy Duty.
Stain and Odour Resistant.
Wide Mouth.
Twist N' Flip Cap.",20.4,,,76,12,Carton,Tank,False,physical,https://cdn.swell.store/sodu/694342dadcb4aa0012210dca/6c220a20c549f1394492973c15ffaebb/6223003244194.png,Tank,tank@sodu.com,,USD, Flasks,6223003244194,768,1536,20,30,25 x 33 x 21 cm,,12
69435c89fad4110012845839,"Tank Tritan, 550ml, Pink, Plastic Bottle, BPA free, Leakproof","Capacity: 550 ml.
BPA Free and Food Safe.
Leak Proof.
Light weight.
Easy To Carry.
Heavy Duty.
Stain and Odour Resistant.
Wide Mouth.
Twist N' Flip Cap.",20.4,,,76,12,Carton,Tank,False,physical,https://cdn.swell.store/sodu/694342dadcb4aa0012210dd5/da6dd443b280e9f60b07d0e75f26cb20/6223003244187.png,Tank,tank@sodu.com,,USD, Flasks,6223003244187,768,1536,20,30,25 x 33 x 21 cm,,12
69435c88fad4110012845823,"Tank Tritan, 550ml, Purple, Plastic Bottle, BPA free, Leakproof","Capacity: 550 ml.
BPA Free and Food Safe.
Leak Proof.
Light weight.
Easy To Carry.
Heavy Duty.
Stain and Odour Resistant.
Wide Mouth.
Twist N' Flip Cap.",20.4,,,76,12,Carton,Tank,False,physical,https://cdn.swell.store/sodu/694342dbdcb4aa0012210de3/57170d0ae4d971002be40f1c68f6dd02/6223003244170.png,Tank,tank@sodu.com,,USD, Flasks,6223003244170,768,1536,20,30,25 x 33 x 21 cm,,12
69435c88fad4110012845814,"Tank Tritan, 550ml, Blue, Plastic Bottle, BPA free, Leakproof","Capacity: 550 ml.
BPA Free and Food Safe.
Leak Proof.
Light weight.
Easy To Carry.
Heavy Duty.
Stain and Odour Resistant.
Wide Mouth.
Twist N' Flip Cap.",20.4,,,76,12,Carton,Tank,False,physical,https://cdn.swell.store/sodu/694342d9dcb4aa0012210daf/e04f507f27dc234973098db19045ccd3/6223003244163.png,Tank,tank@sodu.com,,USD, Flasks,6223003244163,768,1536,20,30,25 x 33 x 21 cm,,12
69435c87fad4110012845805,"Tank Tritan, 550ml, Black, Plastic Bottle, BPA free, Leakproof","Capacity: 550 ml.
BPA Free and Food Safe.
Leak Proof.
Light weight.
Easy To Carry.
Heavy Duty.
Stain and Odour Resistant.
Wide Mouth.
Twist N' Flip Cap.",20.4,,,76,12,Carton,Tank,False,physical,https://cdn.swell.store/sodu/694342d9dcb4aa0012210dbb/bf1d84f3a788780160a84c7be08fe98c/6223003244156.png,Tank,tank@sodu.com,,USD, Flasks,6223003244156,768,1536,20,30,25 x 33 x 21 cm,,12
69435c87fad41100128457f5,"Tank Super Cool Mini, 650ml, Pink, Insulated Plastic Bottle, BPA free, Leakproof","Insulated Bottle for maximum cooling temperature retention up to 3 hours.
• Capacity: 650 ml.
• BPA Free.
• Wide Mouth.
• Twist N' Flip Cap.
• Heavy Duty.
• Easy To Carry.
• Leak Proof.
• Dimension: Length = 85 mm , Width = 88 mm , Height 260.5 mm",20.4,,,42,12,Carton,Tank,False,physical,https://cdn.swell.store/sodu/6943430fdcb4aa0012211496/f415518bc7d13e10c3717ba4661f59fa/6223003242473.png,Tank,tank@sodu.com,,USD, Flasks,6223003242473,420,840,20,30,28 x 37 x 28 cm,,12
69435c86fad41100128457e3,"Tank Super Cool Mini, 650ml, Dark Blue, Insulated Plastic Bottle, BPA free, Leakproof","Insulated Bottle for maximum cooling temperature retention up to 3 hours.
• Capacity: 650 ml.
• BPA Free.
• Wide Mouth.
• Twist N' Flip Cap.
• Heavy Duty.
• Easy To Carry.
• Leak Proof.
• Dimension: Length = 85 mm , Width = 88 mm , Height 260.5 mm",20.4,,,42,12,Carton,Tank,False,physical,https://cdn.swell.store/sodu/6943430fdcb4aa001221148c/9f40ac48b53f448a17b241eaebc4265d/6223003242466.png,Tank,tank@sodu.com,,USD, Flasks,6223003242466,420,840,20,30,28 x 37 x 28 cm,,12
69435c86fad41100128457d3,"Tank Super Cool Mini, 650ml, Purple, Insulated Plastic Bottle, BPA free, Leakproof","Insulated Bottle for maximum cooling temperature retention up to 3 hours.
• Capacity: 650 ml.
• BPA Free.
• Wide Mouth.
• Twist N' Flip Cap.
• Heavy Duty.
• Easy To Carry.
• Leak Proof.
• Dimension: Length = 85 mm , Width = 88 mm , Height 260.5 mm",20.4,,,42,12,Carton,Tank,False,physical,https://cdn.swell.store/sodu/69434310dcb4aa001221149f/87e4d508d3089e0d4e6cbd89e08761c6/6223003242459.png,Tank,tank@sodu.com,,USD, Flasks,6223003242459,420,840,20,30,28 x 37 x 28 cm,,12
69435c85fad41100128457c4,"Tank Super Cool Mini, 650ml, Silver, Insulated Plastic Bottle, BPA free, Leakproof","Insulated Bottle for maximum cooling temperature retention up to 3 hours.
• Capacity: 650 ml.
• BPA Free.
• Wide Mouth.
• Twist N' Flip Cap.
• Heavy Duty.
• Easy To Carry.
• Leak Proof.
• Dimension: Length = 85 mm , Width = 88 mm , Height 260.5 mm",20.4,,,42,12,Carton,Tank,False,physical,https://cdn.swell.store/sodu/69434310dcb4aa00122114af/83ec6acbae59ec68e6a17aa73f3e9774/6223003242442.png,Tank,tank@sodu.com,,USD, Flasks,6223003242442,420,840,20,30,28 x 37 x 28 cm,,12
69435c85fad41100128457b6,"Tank Super Cool Mini, 650ml, Light Blue, Insulated Plastic Bottle, BPA free, Leakproof","Insulated Bottle for maximum cooling temperature retention up to 3 hours.
• Capacity: 650 ml.
• BPA Free.
• Wide Mouth.
• Twist N' Flip Cap.
• Heavy Duty.
• Easy To Carry.
• Leak Proof.
• Dimension: Length = 85 mm , Width = 88 mm , Height 260.5 mm",20.4,,,42,12,Carton,Tank,False,physical,https://cdn.swell.store/sodu/6943430fdcb4aa001221147e/da240a6c033ac7f888272fb913984dc1/6223003242435.png,Tank,tank@sodu.com,,USD, Flasks,6223003242435,420,840,20,30,28 x 37 x 28 cm,,12
69435c84fad41100128457a7,"Tank Classic, 1.25L, Purple, Insulated Plastic Bottle, BPA Free, Leakproof","* Insulated Bottle for maximum cooling temperature retention up to 12 hours. 
* Material: PP 5
* Capacity:  1.25 L.
* BPA Free.
* Easy to open and drink.
* Heavy Duty.
*Easy To Carry.
* Leak Proof.
 Dimension: Width = 11 Cm , Height 36.5 Cm ",16.8,,,16,12,Carton,Tank,False,physical,https://cdn.swell.store/sodu/6943430edcb4aa001221145e/2a8cb167fb7984fef3d148a5065a2235/6223003241919.png,Tank,tank@sodu.com,,USD, Flasks,6223003241919,168,336,20,30,36 x 46 x 36 cm,,12
69435c84fad4110012845797,"Tank Classic, 1.25L, Silver, Insulated Plastic Bottle, BPA Free, Leakproof","* Insulated Bottle for maximum cooling temperature retention up to 12 hours. 
* Material: PP 5
* Capacity:  1.25 L.
* BPA Free.
* Easy to open and drink.
* Heavy Duty.
*Easy To Carry.
* Leak Proof.
 Dimension: Width = 11 Cm , Height 36.5 Cm ",16.8,,,16,12,Carton,Tank,False,physical,https://cdn.swell.store/sodu/6943430edcb4aa0012211452/48ad6a3d60c5c67af241c010541a8a41/6223003241902%C3%82%C2%A0.png,Tank,tank@sodu.com,,USD, Flasks,6223003241902,168,336,20,30,36 x 46 x 36 cm,,12
69435c83fad4110012845785,"Tank Classic,  0.75L, Purple, Insulated Plastic Bottle, BPA Free, Leakproof","* Insulated Bottle for maximum cooling temperature retention up to 12 hours. 
* Material: PP 5
* Capacity: 750 ml.
* BPA Free.
* Easy to open and drink.
* Heavy Duty.
*Easy To Carry.
* Leak Proof.
 Dimension: Width = 11 Cm , Height 29 Cm ",14.4,,,21,12,Carton,Tank,False,physical,https://cdn.swell.store/sodu/694342d8dcb4aa0012210d85/100eec0b96dcf9aa5afdef7e04fa0140/6223003241872.png,Tank,tank@sodu.com,,USD, Flasks,6223003241872,210,420,20,30,36 x 46 x 31 cm,,12
69435c83fad4110012845776,"Tank Classic,  0.75L, Silver, Insulated Plastic Bottle, BPA Free, Leakproof","* Insulated Bottle for maximum cooling temperature retention up to 12 hours. 
* Material: PP 5
* Capacity: 750 ml.
* BPA Free.
* Easy to open and drink.
* Heavy Duty.
*Easy To Carry.
* Leak Proof.
 Dimension: Width = 11 Cm , Height 29 Cm ",14.4,,,21,12,Carton,Tank,False,physical,https://cdn.swell.store/sodu/694342d8dcb4aa0012210d78/53bb4413d41f155e079e20ad69563227/6223003241865.png,Tank,tank@sodu.com,,USD, Flasks,6223003241865,210,420,20,30,36 x 46 x 31 cm,,12
69435c82fad4110012845768,"Tank Classic, 1.25L, Blue, Insulated Plastic Bottle, BPA Free, Leakproof","* Insulated Bottle for maximum cooling temperature retention up to 12 hours. 
* Material: PP 5
* Capacity:  1.25 L.
* BPA Free.
* Easy to open and drink.
* Heavy Duty.
*Easy To Carry.
* Leak Proof.
 Dimension: Width = 11 Cm , Height 36.5 Cm ",16.8,,,16,12,Carton,Tank,False,physical,https://cdn.swell.store/sodu/6943430edcb4aa001221146f/1c7235c72e4c175ad64c3f96abfc90b5/6223003241513.png,Tank,tank@sodu.com,,USD, Flasks,6223003241513,168,336,20,30,36 x 46 x 36 cm,,12
69435c82fad4110012845758,"Tank Classic, 0.75L, Blue, Insulated Plastic Bottle, BPA Free, Leakproof","* Insulated Bottle for maximum cooling temperature retention up to 12 hours. 
* Material: PP 5
* Capacity: 750 ml.
* BPA Free.
* Easy to open and drink.
* Heavy Duty.
*Easy To Carry.
* Leak Proof.
 Dimension: Width = 11 Cm , Height 29 Cm ",14.4,,,21,12,Carton,Tank,False,physical,https://cdn.swell.store/sodu/694342d8dcb4aa0012210d94/8e7ab4b2adbd64cd7752bd4d842b2ff4/6223003241506.png,Tank,tank@sodu.com,,USD, Flasks,6223003241506,210,420,20,30,36 x 46 x 31 cm,,12
69435c81fad4110012845748,Tank BTL Super Cool Mini - Printed 650ml (Games+Park),"Insulated Bottle for maximum cooling temperature retention up to 3 hours.
• Capacity: 650 ml.
• BPA Free.
• Wide Mouth.
• Twist N' Flip Cap.
• Heavy Duty.
• Easy To Carry.
• Leak Proof.
• Dimension: Length = 85 mm , Width = 88 mm , Height 260.5 mm",28.2,,,63,6,Carton,Tank,False,physical,https://cdn.swell.store/sodu/69434348dcb4aa0012211b56/3fa7b1213d4c56974935095991741b0a/6223003240691.png,Tank,tank@sodu.com,,USD, Flasks,6223003240691,630,1260,20,30,25 x 32 x 27 cm,,6
69435c81fad4110012845738,"Tank Super Cool, 1L, Dark Blue, Insulated Plastic Bottle, BPA free, Leakproof","Insulated Bottle for maximum cooling temperature retention up to 3 hours.
* Capacity: 1 liter.
* BPA Free.
* Wide Mouth.
* Twist N' Flip Cap.
* Heavy Duty.
*Easy To Carry.
* Leak Proof.
Dimension: Width of bottle nozzle = 10.1 cm , Width of bottle base = 10.4 cm , Height 33.4 cm",25.2,,,19,12,Carton,Tank,False,physical,https://cdn.swell.store/sodu/69434310dcb4aa00122114c7/9418f2b8163c1aef839f91bbaed824d0/6223003240585.png,Tank,tank@sodu.com,,USD, Flasks,6223003240585,192,384,20,30,35 x 44 x 36 cm,,12
69435c80fad4110012845727,"Tank Super Cool, 1L, Purple, Insulated Plastic Bottle, BPA free, Leakproof","Insulated Bottle for maximum cooling temperature retention up to 3 hours.
* Capacity: 1 liter.
* BPA Free.
* Wide Mouth.
* Twist N' Flip Cap.
* Heavy Duty.
*Easy To Carry.
* Leak Proof.
Dimension: Width of bottle nozzle = 10.1 cm , Width of bottle base = 10.4 cm , Height 33.4 cm",25.2,,,19,12,Carton,Tank,False,physical,https://cdn.swell.store/sodu/69434311dcb4aa00122114df/525fad04b2dae954e1d25e40fef19635/6223003240578.png,Tank,tank@sodu.com,,USD, Flasks,6223003240578,192,384,20,30,35 x 44 x 36 cm,,12
69435c80fad4110012845718,"Tank Super Cool, 1L, Silver, Insulated Plastic Bottle, BPA free, Leakproof","Insulated Bottle for maximum cooling temperature retention up to 3 hours.
* Capacity: 1 liter.
* BPA Free.
* Wide Mouth.
* Twist N' Flip Cap.
* Heavy Duty.
*Easy To Carry.
* Leak Proof.
Dimension: Width of bottle nozzle = 10.1 cm , Width of bottle base = 10.4 cm , Height 33.4 cm",25.2,,,19,12,Carton,Tank,False,physical,https://cdn.swell.store/sodu/69434311dcb4aa00122114e9/c779482b9eb04d478d200671dda75dde/6223003240561.png,Tank,tank@sodu.com,,USD, Flasks,6223003240561,192,384,20,30,35 x 44 x 36 cm,,12
69435c7ffad4110012845709,"Tank Super Cool, 1L, Light Blue, Insulated Plastic Bottle, BPA free, Leakproof","Insulated Bottle for maximum cooling temperature retention up to 3 hours.
* Capacity: 1 liter.
* BPA Free.
* Wide Mouth.
* Twist N' Flip Cap.
* Heavy Duty.
*Easy To Carry.
* Leak Proof.
Dimension: Width of bottle nozzle = 10.1 cm , Width of bottle base = 10.4 cm , Height 33.4 cm",25.2,,,19,12,Carton,Tank,False,physical,https://cdn.swell.store/sodu/69434310dcb4aa00122114ba/634bb4becfe0d193f824055ab8d8508c/6223003240554.png,Tank,tank@sodu.com,,USD, Flasks,6223003240554,192,384,20,30,35 x 44 x 36 cm,,12
69435c7ffad41100128456f9,Tank BTL Super Cool Mini 650ml (Purple + Blue),"Insulated Bottle for maximum cooling temperature retention up to 3 hours.
• Capacity: 650 ml.
• BPA Free.
• Wide Mouth.
• Twist N' Flip Cap.
• Heavy Duty.
• Easy To Carry.
• Leak Proof.
• Dimension: Length = 85 mm , Width = 88 mm , Height 260.5 mm",21,,,42,6,Carton,Tank,False,physical,https://cdn.swell.store/sodu/69434347dcb4aa0012211b36/6fda5ce8f33756339e958bd6434674f5/6223003240509.png,Tank,tank@sodu.com,,USD, Flasks,6223003240509,420,840,20,30,28 x 37 x 28 cm,,6
69435c7efad41100128456eb,Tank BTL Super Cool Mini 650ml (Purple + Silver),"Insulated Bottle for maximum cooling temperature retention up to 3 hours.
• Capacity: 650 ml.
• BPA Free.
• Wide Mouth.
• Twist N' Flip Cap.
• Heavy Duty.
• Easy To Carry.
• Leak Proof.
• Dimension: Length = 85 mm , Width = 88 mm , Height 260.5 mm",21,,,42,6,Carton,Tank,False,physical,https://cdn.swell.store/sodu/69434347dcb4aa0012211b29/0123965582830d148556f3494fca1a4f/6223003240455.png,Tank,tank@sodu.com,,USD, Flasks,6223003240455,420,840,20,30,28 x 37 x 28 cm,,6
69435c7efad41100128456dc,Tank BTL Super Cool Mini 650ml (Pink + Silver),"Insulated Bottle for maximum cooling temperature retention up to 3 hours.
• Capacity: 650 ml.
• BPA Free.
• Wide Mouth.
• Twist N' Flip Cap.
• Heavy Duty.
• Easy To Carry.
• Leak Proof.
• Dimension: Length = 85 mm , Width = 88 mm , Height 260.5 mm",21,,,42,6,Carton,Tank,False,physical,https://cdn.swell.store/sodu/6943434adcb4aa0012211ba3/1a1023f01279d456b9e042952c1c9682/6223003240448.png,Tank,tank@sodu.com,,USD, Flasks,6223003240448,420,840,20,30,28 x 37 x 28 cm,,6
69435c7dfad41100128456c6,Tank BTL Super Cool Mini 650ml (Blue + Pink),"Insulated Bottle for maximum cooling temperature retention up to 3 hours.
• Capacity: 650 ml.
• BPA Free.
• Wide Mouth.
• Twist N' Flip Cap.
• Heavy Duty.
• Easy To Carry.
• Leak Proof.
• Dimension: Length = 85 mm , Width = 88 mm , Height 260.5 mm",21,,,42,6,Carton,Tank,False,physical,https://cdn.swell.store/sodu/6943434adcb4aa0012211bae/d092bcb212a69aca84769c75d65a60b2/6223003240226.png,Tank,tank@sodu.com,,USD, Flasks,6223003240226,420,840,20,30,28 x 37 x 28 cm,,6
69435c7dfad41100128456b9,Tank BTL Super Cool Mini - Printed 650ml (Games+Circus),"Insulated Bottle for maximum cooling temperature retention up to 3 hours.
• Capacity: 650 ml.
• BPA Free.
• Wide Mouth.
• Twist N' Flip Cap.
• Heavy Duty.
• Easy To Carry.
• Leak Proof.
• Dimension: Length = 85 mm , Width = 88 mm , Height 260.5 mm",28.2,,,63,6,Carton,Tank,False,physical,https://cdn.swell.store/sodu/69434348dcb4aa0012211b64/5d24644af310931e56992a7354c9be75/6223003240189.png,Tank,tank@sodu.com,,USD, Flasks,6223003240189,630,1260,20,30,25 x 32 x 27 cm,,6
69435c7cfad41100128456ac,Tank BTL Super Cool Mini - Printed 650ml (Park+Circus),"Insulated Bottle for maximum cooling temperature retention up to 3 hours.
• Capacity: 650 ml.
• BPA Free.
• Wide Mouth.
• Twist N' Flip Cap.
• Heavy Duty.
• Easy To Carry.
• Leak Proof.
• Dimension: Length = 85 mm , Width = 88 mm , Height 260.5 mm",28.2,,,63,6,Carton,Tank,False,physical,https://cdn.swell.store/sodu/69434348dcb4aa0012211b48/35fa1c9136621b854f160b0752e7dfe0/6223003240127.png,Tank,tank@sodu.com,,USD, Flasks,6223003240127,630,1260,20,30,25 x 32 x 27 cm,,6
69435c7bfad411001284569b,"Tank Super Cool, 1L, Pink, Insulated Plastic Bottle, BPA free, Leakproof","Insulated Bottle for maximum cooling temperature retention up to 3 hours.
* Capacity: 1 liter.
* BPA Free.
* Wide Mouth.
* Twist N' Flip Cap.
* Heavy Duty.
*Easy To Carry.
* Leak Proof.
Dimension: Width of bottle nozzle = 10.1 cm , Width of bottle base = 10.4 cm , Height 33.4 cm",25.2,,,19,12,Carton,Tank,False,physical,https://cdn.swell.store/sodu/69434311dcb4aa00122114d3/7177dc0149cda6ade1e845b4ca46b279/6223003240042.png,Tank,tank@sodu.com,,USD, Flasks,6223003240042,192,384,20,30,35 x 44 x 36 cm,,12
692852061128f40012b13808,Sidr Honey1 KG,Sidr Honey1 KG,170,,,160,12,Carton,Areej Foods,False,physical,https://cdn.swell.store/sodu/692591e8a7a2580012e5cc12/9e0f23ef3e6c56852a86e667658e1281/Sidr%20honey%20.jpg,Areej Foods,areejfoods@sodu.com,asdf,USD,Honey Products,Sidr Honey1 KG,1600,1800,12,20,16 x 33 x 16 cm,,12
692852051128f40012b137e7,Wildflower Honey1 KG,Wildflower Honey1 KG,102,,,160,12,Carton,Areej Foods,False,physical,https://cdn.swell.store/sodu/69259229a7a2580012e5cd83/a2c3cfeafc1b664863feb41d744777ae/Wildfowler%20Honey%20.jpg,Areej Foods,areejfoods@sodu.com,asdf,USD,Honey Products,Wildflower Honey1 KG,1600,1800,12,20,16 x 33 x 16 cm,,12
692852041128f40012b137ca,Black Seed Honey1 KG,Black Seed Honey1 KG,60,,,160,12,Carton,Areej Foods,False,physical,https://cdn.swell.store/sodu/69259119a7a2580012e5c8ae/b900029fa3859b43b8363da822a70dcd/black%20seed%20honey%20.jpg,Areej Foods,areejfoods@sodu.com,asdf,USD,Honey Products,Black Seed Honey1 KG,1600,1800,12,20,16 x 33 x 16 cm,,12
692852031128f40012b137b6,Citrus Honey1 KG,Citrus Honey1 KG,58,,,160,12,Carton,Areej Foods,False,physical,https://cdn.swell.store/sodu/6925911ea7a2580012e5c8e2/a9474bd55e2bc2e94c7448281499e6be/Citrus%20honey.jpg,Areej Foods,areejfoods@sodu.com,asdf,USD,Honey Products,Citrus Honey1 KG,1600,1800,12,20,16 x 33 x 16 cm,,12
692852021128f40012b137a2,Clover Honey1 KG,Clover Honey1 KG,42,,,160,12,Carton,Areej Foods,False,physical,https://cdn.swell.store/sodu/6925911ea7a2580012e5c8e7/8dfc6c66b91a224497e71203f0213043/Clover%20honey%20.jpg,Areej Foods,areejfoods@sodu.com,asdf,USD,Honey Products,Clover Honey1 KG,1600,1800,12,20,16 x 33 x 16 cm,,12
692850293e9d120012f6064d,Sidr Honey 1 KG,Sidr Honey 1 KG,170,,,160,12,Carton,Areej Foods,False,physical,https://cdn.swell.store/sodu/692591e8a7a2580012e5cc12/9e0f23ef3e6c56852a86e667658e1281/Sidr%20honey%20.jpg,Areej Foods,areejfoods@sodu.com,asdf,USD,Honey Products,Sidr Honey 1 L,1600,1800,12,20,16 x 33 x 16 cm,,12
692850283e9d120012f60638,Sidr Honey 500 ML,Sidr Honey 500 ML,90,,,280,12,Carton,Areej Foods,False,physical,https://cdn.swell.store/sodu/692591e8a7a2580012e5cc12/9e0f23ef3e6c56852a86e667658e1281/Sidr%20honey%20.jpg,Areej Foods,areejfoods@sodu.com,asdf,USD,Honey Products,Sidr Honey 500 ML,2800,3000,12,20,14 x 28 x 16 cm,,12
692850283e9d120012f60629,Wildflower Honey 1 KG,Wildflower Honey 1 KG,102,,,160,12,Carton,Areej Foods,False,physical,https://cdn.swell.store/sodu/69259229a7a2580012e5cd83/a2c3cfeafc1b664863feb41d744777ae/Wildfowler%20Honey%20.jpg,Areej Foods,areejfoods@sodu.com,asdf,USD,Honey Products,Wildflower Honey 1 L,1600,1800,12,20,16 x 33 x 16 cm,,12
692850273e9d120012f6061a,Wildflower Honey 500 ML,Wildflower Honey 500 ML,54,,,280,12,Carton,Areej Foods,False,physical,https://cdn.swell.store/sodu/69259229a7a2580012e5cd83/a2c3cfeafc1b664863feb41d744777ae/Wildfowler%20Honey%20.jpg,Areej Foods,areejfoods@sodu.com,asdf,USD,Honey Products,Wildflower Honey 500 ML,2800,3000,12,20,14 x 28 x 16 cm,,12
692850273e9d120012f6060b,Black Seed Honey 1 KG,Black Seed Honey 1 KG,60,,,160,12,Carton,Areej Foods,False,physical,https://cdn.swell.store/sodu/69259119a7a2580012e5c8ae/b900029fa3859b43b8363da822a70dcd/black%20seed%20honey%20.jpg,Areej Foods,areejfoods@sodu.com,asdf,USD,Honey Products,Black Seed Honey 1 L,1600,1800,12,20,16 x 33 x 16 cm,,12
692850273e9d120012f605fc,Black Seed Honey 500 ML,Black Seed Honey 500 ML,30,,,280,12,Carton,Areej Foods,False,physical,https://cdn.swell.store/sodu/69259119a7a2580012e5c8ae/b900029fa3859b43b8363da822a70dcd/black%20seed%20honey%20.jpg,Areej Foods,areejfoods@sodu.com,asdf,USD,Honey Products,Black Seed Honey 500 ML,2800,3000,12,20,14 x 28 x 16 cm,,12
692850263e9d120012f605ec,Citrus Honey 1 KG,Citrus Honey 1 KG,58,,,160,12,Carton,Areej Foods,False,physical,https://cdn.swell.store/sodu/6925911ea7a2580012e5c8e2/a9474bd55e2bc2e94c7448281499e6be/Citrus%20honey.jpg,Areej Foods,areejfoods@sodu.com,asdf,USD,Honey Products,Citrus Honey 1 L,1600,1800,12,20,16 x 33 x 16 cm,,12
692850263e9d120012f605dc,Citrus Honey 500 ML,Citrus Honey 500 ML,29,,,280,12,Carton,Areej Foods,False,physical,https://cdn.swell.store/sodu/6925911ea7a2580012e5c8e2/a9474bd55e2bc2e94c7448281499e6be/Citrus%20honey.jpg,Areej Foods,areejfoods@sodu.com,asdf,USD,Honey Products,Citrus Honey 500 ML,2800,3000,12,20,14 x 28 x 16 cm,,12
692850253e9d120012f605cd,Clover Honey 1 KG,Clover Honey 1 KG,42,,,160,12,Carton,Areej Foods,False,physical,https://cdn.swell.store/sodu/6925911ea7a2580012e5c8e7/8dfc6c66b91a224497e71203f0213043/Clover%20honey%20.jpg,Areej Foods,areejfoods@sodu.com,asdf,USD,Honey Products,Clover Honey 1 L,1600,1800,12,20,16 x 33 x 16 cm,,12
692850253e9d120012f605be,Clover Honey 500 ML,Clover Honey 500 ML,25,,,280,12,Carton,Areej Foods,False,physical,https://cdn.swell.store/sodu/6925911ea7a2580012e5c8e7/8dfc6c66b91a224497e71203f0213043/Clover%20honey%20.jpg,Areej Foods,areejfoods@sodu.com,asdf,USD,Honey Products,Clover Honey 500 ML,2800,3000,12,20,14 x 28 x 16 cm,,12
692850243e9d120012f605aa,Dried Lemon 25 KG,Dried Lemon 25 KG,78,,,300,1,Carton,Areej Foods,False,physical,https://cdn.swell.store/sodu/692591638a32fb001215a3b9/f2deeb7c4b640e82043770118efb1a0e/Dried%20lemon.jpg,Areej Foods,areejfoods@sodu.com,asdf,USD,Spices & Seasonings,Dried Lemon 25 KG,3000,6000,12,20,0 x 0 x 0 cm,,1
692850243e9d120012f6059b,Chili 25 KG,Chili 25 KG,58,,,300,1,Carton,Areej Foods,False,physical,https://cdn.swell.store/sodu/6925911da7a2580012e5c8d3/21a03f25d7fa2ed39016fd803edd0564/Chili%20Flakes.jpg,Areej Foods,areejfoods@sodu.com,asdf,USD,Spices & Seasonings,Chili 25 KG,3000,6000,12,20,0 x 0 x 0 cm,,1
692850233e9d120012f6058c,Fenugreek 25 KG,Fenugreek 25 KG,25,,,300,1,Carton,Areej Foods,False,physical,https://cdn.swell.store/sodu/692591658a32fb001215a3ce/07a76b4765cba53236f75605251c3892/Fenugreek.jpg,Areej Foods,areejfoods@sodu.com,asdf,USD,Herbs,Fenugreek 25 KG,3000,6000,12,20,0 x 0 x 0 cm,,1
692850233e9d120012f6057d,Moringa 25 KG,Moringa 25 KG,90,,,400,1,Carton,Areej Foods,False,physical,https://cdn.swell.store/sodu/692591bda7a2580012e5cb48/b503f9ce93ccd19838e4d2f2da6756b4/Moringa.jpg,Areej Foods,areejfoods@sodu.com,asdf,USD,Herbs,Moringa 25 KG,4000,5000,12,20,0 x 0 x 0 cm,,1
692850223e9d120012f6056e,Spearmint 25 KG,Spearmint 25 KG,10,,,400,1,Carton,Areej Foods,False,physical,https://cdn.swell.store/sodu/69259222a7a2580012e5cd3f/0f6e8cfdc88f831e2056698ad8591c0a/Spearmint.jpg,Areej Foods,areejfoods@sodu.com,asdf,USD,Herbs,Spearmint 25 KG,4000,5000,12,20,0 x 0 x 0 cm,,1
692850223e9d120012f6055f,Hibiscus 25 KG,Hibiscus 25 KG,55,,,400,1,Carton,Areej Foods,False,physical,https://cdn.swell.store/sodu/6925916a8a32fb001215a403/1079619d7be709b120e0760b425a9d1c/Hibiscus.jpg,Areej Foods,areejfoods@sodu.com,asdf,USD,Herbs,Hibiscus 25 KG,4000,5000,12,20,0 x 0 x 0 cm,,1
692850213e9d120012f60550,Chamomile 25 KG,Chamomile 25 KG,200,,,400,1,Carton,Areej Foods,False,physical,https://cdn.swell.store/sodu/6925911ca7a2580012e5c8c8/0fd2de4f52283ccc7c2586cb731bc051/Chamomile.jpg,Areej Foods,areejfoods@sodu.com,asdf,USD,Herbs,Chamomile 25 KG,4000,5000,12,20,0 x 0 x 0 cm,,1
692850213e9d120012f60540,Fava beans 25 KG,Fava beans 25 KG,16,,,100,1,Carton,Areej Foods,False,physical,https://cdn.swell.store/sodu/69259227a7a2580012e5cd6d/000ce9bc9b398b7acd1fcfc03b0886ec/Whole%20faba%20beans.jpg,Areej Foods,areejfoods@sodu.com,asdf,USD,Legumes,Fava beans 25 KG,1000,1050,12,20,0 x 0 x 0 cm,,1
692850203e9d120012f6052d,Green lentils 25 KG,Green lentils 25 KG,26,,,100,1,Carton,Areej Foods,False,physical,https://cdn.swell.store/sodu/69259228a7a2580012e5cd72/10baa62a0a253039cb0a2d54537ed733/Whole%20green%20lentils.jpg,Areej Foods,areejfoods@sodu.com,asdf,USD,Legumes,Green lentils 25 KG,1000,1050,12,20,0 x 0 x 0 cm,,1
692850203e9d120012f6051e,Broad beans 25 KG,Broad beans 25 KG,27,,,100,1,Carton,Areej Foods,False,physical,https://cdn.swell.store/sodu/69259227a7a2580012e5cd69/120e6b8c56ff6d710dc186d92f41ac24/Whole%20broad%20beans.jpg,Areej Foods,areejfoods@sodu.com,asdf,USD,Legumes,Broad beans 25 KG,1000,1050,12,20,0 x 0 x 0 cm,,1
6928501f3e9d120012f6050d,White kidney beans 25 KG,White kidney beans 25 KG,27,,,100,1,Carton,Areej Foods,False,physical,https://cdn.swell.store/sodu/69259226a7a2580012e5cd61/4de10c74cd419016269df3fc77559fd7/White%20beans%201.jpg,Areej Foods,areejfoods@sodu.com,asdf,USD,Legumes,White kidney beans 25 KG,1000,1050,12,20,0 x 0 x 0 cm,,1
6928501f3e9d120012f604fe,Peanuts 25 KG,Peanuts 25 KG,60,,,100,1,Carton,Areej Foods,False,physical,https://cdn.swell.store/sodu/692591e3a7a2580012e5cbcd/0a65f70b3e667542efea5de0a7a426ca/peanuts.jpg,Areej Foods,areejfoods@sodu.com,asdf,USD,Legumes,Peanuts 25 KG,1000,1050,12,20,0 x 0 x 0 cm,,1
6928501e3e9d120012f604ed,Red lentils 25 KG,Red lentils 25 KG,24,,,100,1,Carton,Areej Foods,False,physical,https://cdn.swell.store/sodu/69259229a7a2580012e5cd7a/b4eed501e19c8b8675affcfb8c11f075/Whole%20red%20lentils%202.jpg,Areej Foods,areejfoods@sodu.com,asdf,USD,Legumes,Red lentils 25 KG,1000,1050,12,20,0 x 0 x 0 cm,,1
6928501e3e9d120012f604ce,Green peas 25 KG,Green peas 25 KG,20,,,100,1,Carton,Areej Foods,False,physical,https://cdn.swell.store/sodu/69259228a7a2580012e5cd76/2420ebca4f4339e1ed93224271356c5f/Whole%20green%20peas.jpg,Areej Foods,areejfoods@sodu.com,asdf,USD,Legumes,Green peas 25 KG,1000,1050,12,20,0 x 0 x 0 cm,,1
6928501e3e9d120012f604c0,Lupins 25 KG,Lupins 25 KG,18,,,100,1,Carton,Areej Foods,False,physical,https://cdn.swell.store/sodu/692591bba7a2580012e5cb36/a3ef052189080fb0bfa8fe3229217073/Lupins.jpg,Areej Foods,areejfoods@sodu.com,asdf,USD,Legumes,Lupins 25 KG,1000,1050,12,20,0 x 0 x 0 cm,,1
6928501d3e9d120012f604af,Popcorn 25 KG,Popcorn 25 KG,18,,,100,1,Carton,Areej Foods,False,physical,https://cdn.swell.store/sodu/692591e5a7a2580012e5cbef/75ebf026591cbfe3f1c030cc98c27378/Popcorn.jpg,Areej Foods,areejfoods@sodu.com,asdf,USD,Legumes,Popcorn 25 KG,1000,1050,12,20,0 x 0 x 0 cm,,1
6928501d3e9d120012f604a0,Chickpeas 25 KG,Chickpeas 25 KG,27,,,100,1,Carton,Areej Foods,False,physical,https://cdn.swell.store/sodu/6925911ca7a2580012e5c8cd/6c11a7ecf2f1ef17dbac85defed41b03/Chickpeas.jpg,Areej Foods,areejfoods@sodu.com,asdf,USD,Legumes,Chickpeas 25 KG,1000,1050,12,20,0 x 0 x 0 cm,,1
6928501c3e9d120012f6048e,Black-eyed beans 25 KG,Black-eyed beans 25 KG,23,,,100,1,Carton,Areej Foods,False,physical,https://cdn.swell.store/sodu/69259118a7a2580012e5c8ab/f9b69ad3a3137c6ba8c8dc674f5ad7e5/Black%20eye%20beans.jpg,Areej Foods,areejfoods@sodu.com,asdf,USD,Legumes,Black-eyed beans 25 KG,1000,1050,12,20,0 x 0 x 0 cm,,1
6928501b3e9d120012f60481,Extra Virgin Olive Oil 1 L,Extra Virgin Olive Oil 1 L,80,,,200,12,Carton,Areej Foods,False,physical,https://cdn.swell.store/sodu/6928501b3e9d120012f6047f/4ea92ccaa55499b6279a20241691bc11/OliveOil1LFront.jpg,Areej Foods,areejfoods@sodu.com,asdf,USD,Olive Oil,Extra Virgin Olive Oil 1 L,2000,2000,12,20,35 x 22 x 30 cm,,12
692850193e9d120012f6046a,Extra Virgin Olive Oil 750 ML,Extra Virgin Olive Oil 750 ML,62,,,150,12,Carton,Areej Foods,False,physical,https://cdn.swell.store/sodu/692850193e9d120012f60467/4ea92ccaa55499b6279a20241691bc11/OliveOil1LFront.jpg,Areej Foods,areejfoods@sodu.com,asdf,USD,Olive Oil,Extra Virgin Olive Oil 750 ML,1500,1500,12,20,32 x 20 x 28 cm,,12
692850183e9d120012f60451,Extra Virgin Olive Oil 500 ML,Extra Virgin Olive Oil 500 ML,45,,,400,12,Carton,Areej Foods,False,physical,https://cdn.swell.store/sodu/692850183e9d120012f6044f/4ea92ccaa55499b6279a20241691bc11/OliveOil1LFront.jpg,Areej Foods,areejfoods@sodu.com,asdf,USD,Olive Oil,Extra Virgin Olive Oil 500 ML,4000,4000,12,20,28 x 18 x 26 cm,,12
692850173e9d120012f6043e,Extra Virgin Olive Oil 250 ML,Extra Virgin Olive Oil 250 ML,26,,,800,12,Carton,Areej Foods,False,physical,https://cdn.swell.store/sodu/692850173e9d120012f6043b/4ea92ccaa55499b6279a20241691bc11/OliveOil1LFront.jpg,Areej Foods,areejfoods@sodu.com,asdf,USD,Olive Oil,Extra Virgin Olive Oil 250 ML,8000,8000,12,20,23 x 15 x 25 cm,,12
692850153e9d120012f6041d,Fine Cumin 50 GM,Fine Cumin 50 GM,13,,,85,60,Carton,Areej Foods,False,physical,https://cdn.swell.store/sodu/692850153e9d120012f6041b/b201b47f74e0abd7ab731f255b6d8549/Cumin.jpg,Areej Foods,areejfoods@sodu.com,asdf,USD,Spices & Seasonings,Fine Cumin 50 GM,850,1000,12,20,50 x 40 x 30 cm,,60
692850133e9d120012f603fa,Whole Cumin Seeds 50 GM,Whole Cumin Seeds 50 GM,16,,,85,60,Carton,Areej Foods,False,physical,https://cdn.swell.store/sodu/692850133e9d120012f603f7/dd65ebafbeeff67ab8dfd8ba067be8d1/CuminWholeSeed.jpg,Areej Foods,areejfoods@sodu.com,asdf,USD,Spices & Seasonings,Whole Cumin Seeds 50 GM,850,1000,12,20,50 x 40 x 30 cm,,60
692850113e9d120012f603da,Coriander 50 GM,Coriander 50 GM,7,,,85,60,Carton,Areej Foods,False,physical,https://cdn.swell.store/sodu/692850113e9d120012f603d4/1cf97ba84f6ab5c44dccfb670c0cfe05/D88A473B-7D2C-439C-85C2-37F2617F54C8.jpg,Areej Foods,areejfoods@sodu.com,asdf,USD,Spices & Seasonings,Coriander 50 GM,850,1000,12,20,50 x 40 x 30 cm,,60
6928500f3e9d120012f603b8,Turmeric 50 GM,Turmeric 50 GM,12,,,85,60,Carton,Areej Foods,False,physical,https://cdn.swell.store/sodu/6928500e3e9d120012f603b5/108547fee2c68c82a7df0e0539213794/Turmeric.jpg,Areej Foods,areejfoods@sodu.com,asdf,USD,Spices & Seasonings,Turmeric 50 GM,850,1000,12,20,50 x 40 x 30 cm,,60
6928500d3e9d120012f6039e,Curry 50 GM,Curry 50 GM,18,,,85,60,Carton,Areej Foods,False,physical,https://cdn.swell.store/sodu/6928500c3e9d120012f6039a/1528ea716486fdfdc421596f0a13a9f6/Curry.jpg,Areej Foods,areejfoods@sodu.com,asdf,USD,Spices & Seasonings,Curry 50 GM,850,1000,12,20,50 x 40 x 30 cm,,60
6928500a3e9d120012f60381,Fine Chili 50 GM,Fine Chili 50 GM,10,,,85,60,Carton,Areej Foods,False,physical,https://cdn.swell.store/sodu/6928500a3e9d120012f6037f/68ff2a51b6b6eb20d949c0b697a03ab4/Chili.jpg,Areej Foods,areejfoods@sodu.com,asdf,USD,Spices & Seasonings,Fine Chili 50 GM,850,1000,12,20,50 x 40 x 30 cm,,60
692850093e9d120012f6036b,Sumac 50 GM,Sumac 50 GM,20,,,85,60,Carton,Areej Foods,False,physical,https://cdn.swell.store/sodu/692850083e9d120012f60367/970665ca62bd7c1508096309d9d9b075/Sumac.jpg,Areej Foods,areejfoods@sodu.com,asdf,USD,Spices & Seasonings,Sumac 50 GM,850,1000,12,20,50 x 40 x 30 cm,,60
692850073e9d120012f6033e,Zaatar 50 GM,Zaatar 50 GM,8,,,85,60,Carton,Areej Foods,False,physical,https://cdn.swell.store/sodu/692850063e9d120012f60337/06b06a510da470c97f64600587ee2112/Thyme.jpg,Areej Foods,areejfoods@sodu.com,asdf,USD,Spices & Seasonings,Zaatar 50 GM,850,1000,12,20,50 x 40 x 30 cm,,60
692850053e9d120012f60300,Black Seed 50 GM,Black Seed 50 GM,11,,,85,60,Carton,Areej Foods,False,physical,https://cdn.swell.store/sodu/692850043e9d120012f602fe/e21c0cebe728571e8ef6d61efa6c5199/BlackSeed.jpg,Areej Foods,areejfoods@sodu.com,asdf,USD,Spices & Seasonings,Black Seed 50 GM,850,1000,12,20,50 x 40 x 30 cm,,60
692850033e9d120012f602e0,Garlic Powder 50 GM,Garlic Powder 50 GM,14,,,85,60,Carton,Areej Foods,False,physical,https://cdn.swell.store/sodu/692850023e9d120012f602dd/a3359df05bd609bc1b21b01f5310e2c5/Garlic.jpg,Areej Foods,areejfoods@sodu.com,asdf,USD,Spices & Seasonings,Garlic Powder 50 GM,850,1000,12,20,50 x 40 x 30 cm,,60
692850013e9d120012f602c6,Meat Spices 50 GM,Meat Spices 50 GM,21,,,85,60,Carton,Areej Foods,False,physical,https://cdn.swell.store/sodu/692850003e9d120012f602c3/1688ebdcbf5d08ebca64bf1cdef98e49/MeatSpices.jpg,Areej Foods,areejfoods@sodu.com,asdf,USD,Spices & Seasonings,Meat Spices 50 GM,850,1000,12,20,50 x 40 x 30 cm,,60
69284fff3e9d120012f602ac,Chicken Spices 50 GM,Chicken Spices 50 GM,18,,,85,60,Carton,Areej Foods,False,physical,https://cdn.swell.store/sodu/69284fff3e9d120012f602a5/fea1343aa44ba59f8d96f94e630462d8/ChickenSpices.jpg,Areej Foods,areejfoods@sodu.com,asdf,USD,Spices & Seasonings,Chicken Spices 50 GM,850,1000,12,20,50 x 40 x 30 cm,,60
69284ffd3e9d120012f60289,Fish Seasoning 50 GM,Fish Seasoning 50 GM,13,,,85,60,Carton,Areej Foods,False,physical,https://cdn.swell.store/sodu/69284ffd3e9d120012f60287/87fc69730db913802d2c6488b7dd746a/FishSpices.jpg,Areej Foods,areejfoods@sodu.com,asdf,USD,Spices & Seasonings,Fish Seasoning 50 GM,850,1000,12,20,50 x 40 x 30 cm,,60
69284ffb2e56b100138f4475,Potato Seasoning 50 GM,Potato Seasoning 50 GM,11,,,85,60,Carton,Areej Foods,False,physical,https://cdn.swell.store/sodu/69284ffb2e56b100138f4473/150eff4da6633f59cbe6975b9b5c0f9b/FB94479E-99E5-41A6-8965-D33322AB4F8F.jpg,Areej Foods,areejfoods@sodu.com,asdf,USD,Spices & Seasonings,Potato Seasoning 50 GM,850,1000,12,20,50 x 40 x 30 cm,,60
69284ff92e56b100138f4450,Onion Powder 50 GM,Onion Powder 50 GM,13,,,85,60,Carton,Areej Foods,False,physical,https://cdn.swell.store/sodu/69284ff92e56b100138f444b/037e5afd310a17cf129ebe960f751e93/OnionPowder.jpg,Areej Foods,areejfoods@sodu.com,asdf,USD,Spices & Seasonings,Onion Powder 50 GM,850,1000,12,20,50 x 40 x 30 cm,,60
69284ff72e56b100138f4430,Paprika 50 GM,Paprika 50 GM,13,,,85,60,Carton,Areej Foods,False,physical,https://cdn.swell.store/sodu/69284ff72e56b100138f4427/bd3b7a791f21be08b4200763faef5b39/Paprika.jpg,Areej Foods,areejfoods@sodu.com,asdf,USD,Spices & Seasonings,Paprika 50 GM,850,1000,12,20,50 x 40 x 30 cm,,60
69284ff52e56b100138f440b,Seven Spices 50 GM,Seven Spices 50 GM,21,,,85,60,Carton,Areej Foods,False,physical,https://cdn.swell.store/sodu/69284ff42e56b100138f4404/0aa0a1812e4f0a01a1dc120f279a7b23/SevenSpices.jpg,Areej Foods,areejfoods@sodu.com,asdf,USD,Spices & Seasonings,Seven Spices 50 GM,850,1000,12,20,50 x 40 x 30 cm,,60
69284ff22e56b100138f43ea,Crushed Fava Beans 1 KG,Crushed Fava Beans 1 KG,13,,,200,12,Carton,Areej Foods,False,physical,https://cdn.swell.store/sodu/69284ff22e56b100138f43e7/6739ab2f2eb48e6132bdd9953c152dcb/0F50D7C7-6CA6-424A-A6EF-1E465D71D868.jpg,Areej Foods,areejfoods@sodu.com,asdf,USD,Legumes,Crushed Fava Beans 1 KG,2000,2100,12,20,30 x 26 x 16 cm,,12
69284fef2e56b100138f43cb,Beans 1 KG,Beans 1 KG,13,,,200,12,Carton,Areej Foods,False,physical,https://cdn.swell.store/sodu/69284fee2e56b100138f43c9/9464419c220035f2fd9af299f055e4a1/WhiteBeansFront.jpg,Areej Foods,areejfoods@sodu.com,asdf,USD,Legumes,Beans 1 KG,2000,2100,12,20,30 x 26 x 16 cm,,12
69284feb2e56b100138f4391,Yellow Lentils 1 KG,Yellow Lentils 1 KG,13,,,200,12,Carton,Areej Foods,False,physical,https://cdn.swell.store/sodu/69284fea2e56b100138f438e/d86eeffaca2ca360fa17809adef931bd/LentilFront.jpg,Areej Foods,areejfoods@sodu.com,asdf,USD,Legumes,Yellow Lentils 1 KG,2000,2100,12,20,30 x 26 x 16 cm,,12
69284fe72e56b100138f4362,Popcorn 1 KG,Popcorn 1 KG,9,,,200,12,Carton,Areej Foods,False,physical,https://cdn.swell.store/sodu/69284fe62e56b100138f435f/dccbdab524fa608383423d2df6e09755/CornKernelFront.jpg,Areej Foods,areejfoods@sodu.com,asdf,USD,Legumes,Popcorn 1 KG,2000,2100,12,20,30 x 26 x 16 cm,,12
69284fe02e56b100138f4337,Hummus 1 KG,Hummus 1 KG,14,,,200,12,Carton,Areej Foods,False,physical,https://cdn.swell.store/sodu/69284fe02e56b100138f4335/137783da37b0ba23db226b86b413c6b6/HummusFront.jpg,Areej Foods,areejfoods@sodu.com,asdf,USD,Legumes,Hummus 1 KG,2000,2100,12,20,30 x 26 x 16 cm,,12
692624ac403bb8001201fabc,Tomato Sauce 50g,Tomato Sauce 50g,5.75,,,220,96,Carton,Egypt Man,False,physical,https://cdn.swell.store/sodu/69261e9d403bb8001201e722/1e534e6c8298f06f8af6c992cd9760ae/15.png,Egypt Man,egyptman@sodu.com,97,USD,Tomato Paste,Tomato Sauce 50g,2200,3380,5,15,34 x 29 x 15 cm,,96
692624ab403bb8001201faa9,Tetra Pak 200ml Guava Juice,Tetra Pak 200ml Guava Juice,2.25,,,440,27,Carton,Egypt Man,False,physical,https://cdn.swell.store/sodu/69261e9c403bb8001201e713/201ce3132238dd4226a1280bb071c3a4/12.png,Egypt Man,egyptman@sodu.com,97,USD,Juice,Tetra Pak 200ml Guava Juice,4389,4600,5,15,36 x 15 x 13 cm,,27
692624ab403bb8001201fa9b,Tetra Pak 200ml Apple Juice,Tetra Pak 200ml Apple Juice,2.25,,,440,27,Carton,Egypt Man,False,physical,https://cdn.swell.store/sodu/69261e9d403bb8001201e71f/174de1760ebb6d00083e2a4619814db6/14.png,Egypt Man,egyptman@sodu.com,97,USD,Juice,Tetra Pak 200ml Apple Juice,4389,4600,5,15,36 x 15 x 13 cm,,27
692624aa403bb8001201fa8d,Tetra Pak 200ml Mango Juice,Tetra Pak 200ml Mango Juice,2.25,,,440,27,Carton,Egypt Man,False,physical,https://cdn.swell.store/sodu/69261e9d403bb8001201e71c/8952911abe66506b28d3368c1a6c4e13/13.png,Egypt Man,egyptman@sodu.com,97,USD,Juice,Tetra Pak 200ml Mango Juice,4389,4600,5,15,36 x 15 x 13 cm,,27
692617a18f5c720012263656,Aqua 650ml Water Bottle,Aqua 650ml Water Bottle,1.56,,,110,20,Carton,Aqua,False,physical,https://cdn.swell.store/sodu/692617dd403bb8001201d1c7/264341445c3e44d70afbb5a159eb09a0/Aqua-650-mL.png,Aqua,aqua@sodu.com,,USD,Water,6224000453121,1150,0,5,10,28 x 35 x 24 cm,,20
692617a08f5c720012263649,Aqua 1.5 Liter Water Bottle,Aqua 1.5 Liter Water Bottle,1.56,,,80,12,Carton,Aqua,False,physical,https://cdn.swell.store/sodu/692617de403bb8001201d1ca/689151d8f2e08b4b46383e7d9eb35e92/Aqua-1.5-liters-1.png,Aqua,aqua@sodu.com,,USD,Water,6224000453114,800,0,5,10,28 x 35 x 32 cm,,12
691b2c870817af001204b844,GO MIX Salt & Vinegar 60 GM,GO MIX Salt & Vinegar 60 GM,2.7,,,175,12,Carton,Right Foods,False,physical,https://cdn.swell.store/sodu/691b2c870817af001204b841/005d4a065f77de17eb5e7dc7e3bdba04/mix1.jpg,Right Foods,rightfoods@sodu.com,,USD,Chips,GO MIX Salt & Vinegar 60 GM,0,1750,15,30,47 x 31 x 25 cm,,12
691b2c850817af001204b82a,GO MIX Sour Cream & Herbs 60 GM,GO MIX Sour Cream & Herbs 60 GM,2.7,,,175,12,Carton,Right Foods,False,physical,https://cdn.swell.store/sodu/691b2c850817af001204b820/68e48d30e264e2efef63bf22e714479e/mix2.jpg,Right Foods,rightfoods@sodu.com,,USD,Chips,GO MIX Sour Cream & Herbs 60 GM,0,1750,15,30,47 x 31 x 25 cm,,12
691b2c830817af001204b80c,GO MIX Paprika 60 GM,GO MIX Paprika 60 GM,2.7,,,175,12,Carton,Right Foods,False,physical,https://cdn.swell.store/sodu/691b2c830817af001204b809/982b6ad90304181354686cf406aff850/mix3.jpg,Right Foods,rightfoods@sodu.com,,USD,Chips,GO MIX Paprika 60 GM,0,1750,15,30,47 x 31 x 25 cm,,12
691b2c810817af001204b7ef,GO MIX Salt & Vinegar 24 GM,GO MIX Salt & Vinegar 24 GM,1.3,,,285,12,Carton,Right Foods,False,physical,https://cdn.swell.store/sodu/691b2c810817af001204b7ec/005d4a065f77de17eb5e7dc7e3bdba04/mix1.jpg,Right Foods,rightfoods@sodu.com,,USD,Chips,GO MIX Salt & Vinegar 24 GM,0,2850,15,30,40 x 27 x 21 cm,,12
691b2c7f0817af001204b7d9,GO MIX Sour Cream & Herbs 24 GM,GO MIX Sour Cream & Herbs 24 GM,1.3,,,285,12,Carton,Right Foods,False,physical,https://cdn.swell.store/sodu/691b2c7f0817af001204b7d6/68e48d30e264e2efef63bf22e714479e/mix2.jpg,Right Foods,rightfoods@sodu.com,,USD,Chips,GO MIX Sour Cream & Herbs 24 GM,0,2850,15,30,40 x 27 x 21 cm,,12
691b2c7d0817af001204b7bc,GO MIX Paprika 24 GM,GO MIX Paprika 24 GM,1.3,,,285,12,Carton,Right Foods,False,physical,https://cdn.swell.store/sodu/691b2c7c0817af001204b7b9/982b6ad90304181354686cf406aff850/mix3.jpg,Right Foods,rightfoods@sodu.com,,USD,Chips,GO MIX Paprika 24 GM,0,2850,15,30,40 x 27 x 21 cm,,12
691b2c7a0817af001204b7a1,Puffitos Chili & Lemon 60 GM,Puffitos Chili & Lemon 60 GM,2.7,,,175,12,Carton,Right Foods,False,physical,https://cdn.swell.store/sodu/691b2c7a0817af001204b79f/f6b3287834ee25500cb14b970b60620b/3-3.jpg,Right Foods,rightfoods@sodu.com,,USD,Chips,Puffitos Chili & Lemon 60 GM,0,1750,15,30,47 x 31 x 25 cm,,12
691b2c790817af001204b78b,Puffitos Ketchup 60 GM,Puffitos Ketchup 60 GM,2.7,,,175,12,Carton,Right Foods,False,physical,https://cdn.swell.store/sodu/691b2c790817af001204b788/a0a20d7c47000cca4543df99a7295e65/3-2.jpg,Right Foods,rightfoods@sodu.com,,USD,Chips,Puffitos Ketchup 60 GM,0,1750,15,30,47 x 31 x 25 cm,,12
691b2c770817af001204b773,Puffitos Cheese 60 GM,Puffitos Cheese 60 GM,2.7,,,175,12,Carton,Right Foods,False,physical,https://cdn.swell.store/sodu/691b2c770817af001204b771/244a4f6f4457b72ed44797570ac7d859/3-4.jpg,Right Foods,rightfoods@sodu.com,,USD,Chips,Puffitos Cheese 60 GM,0,1750,15,30,47 x 31 x 25 cm,,12
691b2c750817af001204b758,Puffitos Chili & Lemon 24 GM,Puffitos Chili & Lemon 24 GM,1.3,,,285,12,Carton,Right Foods,False,physical,https://cdn.swell.store/sodu/691b2c750817af001204b756/f6b3287834ee25500cb14b970b60620b/3-3.jpg,Right Foods,rightfoods@sodu.com,,USD,Chips,Puffitos Chili & Lemon 24 GM,0,2850,15,30,40 x 27 x 21 cm,,12
691b2c740817af001204b73b,Puffitos Ketchup 24 GM,Puffitos Ketchup 24 GM,1.3,,,285,12,Carton,Right Foods,False,physical,https://cdn.swell.store/sodu/691b2c730817af001204b739/a0a20d7c47000cca4543df99a7295e65/3-2.jpg,Right Foods,rightfoods@sodu.com,,USD,Chips,Puffitos Ketchup 24 GM,0,2850,15,30,40 x 27 x 21 cm,,12
691b2c720817af001204b721,Puffitos Cheese 24 GM,Puffitos Cheese 24 GM,1.3,,,285,12,Carton,Right Foods,False,physical,https://cdn.swell.store/sodu/691b2c710817af001204b71f/244a4f6f4457b72ed44797570ac7d859/3-4.jpg,Right Foods,rightfoods@sodu.com,,USD,Chips,Puffitos Cheese 24 GM,0,2850,15,30,40 x 27 x 21 cm,,12
691b2c700817af001204b70b,Nachos Tortilla Chips Lightly Salted 60 GM,Nachos Tortilla Chips Lightly Salted 60 GM,3,,,260,15,Carton,Right Foods,False,physical,https://cdn.swell.store/sodu/691b2c700817af001204b707/fc16e720b8b7771c30e1c0caf6032267/buc.jpg,Right Foods,rightfoods@sodu.com,,USD,Chips,Nachos Tortilla Chips Lightly Salted 60 GM,0,2600,15,30,45 x 34 x 22 cm,,15
691b2c6d0817af001204b6f1,Nachos Tortilla Chips Burning Hot 60 GM,Nachos Tortilla Chips Burning Hot 60 GM,3,,,260,15,Carton,Right Foods,False,physical,https://cdn.swell.store/sodu/691b2c6d0817af001204b6ef/7ad8165dbd56b4af86d9203a10a4fcc2/Nackh.jpg,Right Foods,rightfoods@sodu.com,,USD,Chips,Nachos Tortilla Chips Burning Hot 60 GM,0,2600,15,30,45 x 34 x 22 cm,,15
691b2c6b0817af001204b6d5,Nachos Tortilla Chips Paprika 60 GM,Nachos Tortilla Chips Paprika 60 GM,3,,,260,15,Carton,Right Foods,False,physical,https://cdn.swell.store/sodu/691b2c6b0817af001204b6d3/f85a89d5e256a5710b6b245226d53803/Nachos2.jpg,Right Foods,rightfoods@sodu.com,,USD,Chips,Nachos Tortilla Chips Paprika 60 GM,0,2600,15,30,45 x 34 x 22 cm,,15
691b2c680817af001204b6bc,Nachos Tortilla Chips Nacho Cheese 60 GM,Nachos Tortilla Chips Nacho Cheese 60 GM,3,,,260,15,Carton,Right Foods,False,physical,https://cdn.swell.store/sodu/691b2c680817af001204b6ba/4eb5c14864e1fa8ac8e8ee5c187031ff/Nachos3.jpg,Right Foods,rightfoods@sodu.com,,USD,Chips,Nachos Tortilla Chips Nacho Cheese 60 GM,0,2600,15,30,45 x 34 x 22 cm,,15
691b2c650817af001204b69a,Nachos Tortilla Chips Lightly Salted 25 GM,Nachos Tortilla Chips Lightly Salted 25 GM,1.9,,,330,20,Carton,Right Foods,False,physical,https://cdn.swell.store/sodu/691b2c640817af001204b698/fc16e720b8b7771c30e1c0caf6032267/buc.jpg,Right Foods,rightfoods@sodu.com,,USD,Chips,Nachos Tortilla Chips Lightly Salted 25 GM,0,3300,15,30,47 x 27 x 16 cm,,20
691b2c620817af001204b67a,Nachos Tortilla Chips Burning Hot 25 GM,Nachos Tortilla Chips Burning Hot 25 GM,1.9,,,330,20,Carton,Right Foods,False,physical,https://cdn.swell.store/sodu/691b2c610817af001204b678/7ad8165dbd56b4af86d9203a10a4fcc2/Nackh.jpg,Right Foods,rightfoods@sodu.com,,USD,Chips,Nachos Tortilla Chips Burning Hot 25 GM,0,3300,15,30,47 x 27 x 16 cm,,20
691b2c5e0817af001204b658,Nachos Tortilla Chips Paprika 25 GM,Nachos Tortilla Chips Paprika 25 GM,1.9,,,330,20,Carton,Right Foods,False,physical,https://cdn.swell.store/sodu/691b2c5e0817af001204b656/f85a89d5e256a5710b6b245226d53803/Nachos2.jpg,Right Foods,rightfoods@sodu.com,,USD,Chips,Nachos Tortilla Chips Paprika 25 GM,0,3300,15,30,47 x 27 x 16 cm,,20
691b2c590817af001204b60e,Nachos Tortilla Chips Nacho Cheese 25 GM,Nachos Tortilla Chips Nacho Cheese 25 GM,1.9,,,330,20,Carton,Right Foods,False,physical,https://cdn.swell.store/sodu/691b2c580817af001204b60b/4eb5c14864e1fa8ac8e8ee5c187031ff/Nachos3.jpg,Right Foods,rightfoods@sodu.com,,USD,Chips,Nachos Tortilla Chips Nacho Cheese 25 GM,0,3300,15,30,47 x 27 x 16 cm,,20
691b2c560817af001204b5eb,Bravo Chips Salt & Vinegar 80 GM,Bravo Chips Salt & Vinegar 80 GM,4.2,,,205,12,Carton,Right Foods,False,physical,https://cdn.swell.store/sodu/691b2c560817af001204b5e5/c5004651c22b6dc5229b6203cc74067e/4-1.jpg,Right Foods,rightfoods@sodu.com,,USD,Chips,Bravo Chips Salt & Vinegar 80 GM,0,2045,15,30,46 x 32 x 23 cm,,12
691b2c540817af001204b5d0,Bravo Chips Roasted Chicken 80 GM,Bravo Chips Roasted Chicken 80 GM,4.2,,,205,12,Carton,Right Foods,False,physical,https://cdn.swell.store/sodu/691b2c540817af001204b5c9/ef4b4e8d320feae4d87780ceaf54d68d/4-2.jpg,Right Foods,rightfoods@sodu.com,,USD,Chips,Bravo Chips Roasted Chicken 80 GM,0,2045,15,30,46 x 32 x 23 cm,,12
691b2c520817af001204b5b5,Bravo Chips Ketchup 80 GM,Bravo Chips Ketchup 80 GM,4.2,,,205,12,Carton,Right Foods,False,physical,https://cdn.swell.store/sodu/691b2c520817af001204b5b3/63c03a9ef34388b63f7a2a2c5c3c59c4/4-3.jpg,Right Foods,rightfoods@sodu.com,,USD,Chips,Bravo Chips Ketchup 80 GM,0,2045,15,30,46 x 32 x 23 cm,,12
691b2c510817af001204b59d,Bravo Chips Salt 80 GM,Bravo Chips Salt 80 GM,4.2,,,205,12,Carton,Right Foods,False,physical,https://cdn.swell.store/sodu/691b2c510817af001204b59a/7e43e22f4aab5693accd34b9e060a67d/4-4.jpg,Right Foods,rightfoods@sodu.com,,USD,Chips,Bravo Chips Salt 80 GM,0,2045,15,30,46 x 32 x 23 cm,,12
691b2c4f0817af001204b580,Bravo Chips Chilli & Lemon 80 GM,Bravo Chips Chilli & Lemon 80 GM,4.2,,,205,12,Carton,Right Foods,False,physical,https://cdn.swell.store/sodu/691b2c4f0817af001204b57e/b5745c7b0dd6c72d75058f76893c8505/4-5.jpg,Right Foods,rightfoods@sodu.com,,USD,Chips,Bravo Chips Chilli & Lemon 80 GM,0,2045,15,30,46 x 32 x 23 cm,,12
691b2c4e0817af001204b566,Bravo Chips Kebab 80 GM,Bravo Chips Kebab 80 GM,4.2,,,205,12,Carton,Right Foods,False,physical,https://cdn.swell.store/sodu/691b2c4e0817af001204b563/4e24749f10584f9b2d671710e2726347/4-6.jpg,Right Foods,rightfoods@sodu.com,,USD,Chips,Bravo Chips Kebab 80 GM,0,2045,15,30,46 x 32 x 23 cm,,12
691b2c4c0817af001204b549,Bravo Chips Cheese Mix 80 GM,Bravo Chips Cheese Mix 80 GM,4.2,,,205,12,Carton,Right Foods,False,physical,https://cdn.swell.store/sodu/691b2c4c0817af001204b547/88f99571ce96fd5aca075ed697e5e59d/4-7.jpg,Right Foods,rightfoods@sodu.com,,USD,Chips,Bravo Chips Cheese Mix 80 GM,0,2045,15,30,46 x 32 x 23 cm,,12
691b2c4a0817af001204b533,Bravo Chips Burning Hot 80 GM,Bravo Chips Burning Hot 80 GM,4.2,,,205,12,Carton,Right Foods,False,physical,https://cdn.swell.store/sodu/691b2c4a0817af001204b531/d314e558c4b166b03413c58796215bc3/4-8.jpg,Right Foods,rightfoods@sodu.com,,USD,Chips,Bravo Chips Burning Hot 80 GM,0,2045,15,30,46 x 32 x 23 cm,,12
691b2c480817af001204b51b,Bravo Chips Salt & Vinegar 45 GM,Bravo Chips Salt & Vinegar 45 GM,3.2,,,180,15,Carton,Right Foods,False,physical,https://cdn.swell.store/sodu/691b2c480817af001204b519/c5004651c22b6dc5229b6203cc74067e/4-1.jpg,Right Foods,rightfoods@sodu.com,,USD,Chips,Bravo Chips Salt & Vinegar 45 GM,0,1800,15,30,47 x 36 x 21 cm,,15
691b2c470817af001204b504,Bravo Chips Roasted Chicken 45 GM,Bravo Chips Roasted Chicken 45 GM,3.2,,,180,15,Carton,Right Foods,False,physical,https://cdn.swell.store/sodu/691b2c470817af001204b4fa/ef4b4e8d320feae4d87780ceaf54d68d/4-2.jpg,Right Foods,rightfoods@sodu.com,,USD,Chips,Bravo Chips Roasted Chicken 45 GM,0,1800,15,30,47 x 36 x 21 cm,,15
691b2c450817af001204b4e4,Bravo Chips Ketchup 45 GM,Bravo Chips Ketchup 45 GM,3.2,,,180,15,Carton,Right Foods,False,physical,https://cdn.swell.store/sodu/691b2c440817af001204b4e2/63c03a9ef34388b63f7a2a2c5c3c59c4/4-3.jpg,Right Foods,rightfoods@sodu.com,,USD,Chips,Bravo Chips Ketchup 45 GM,0,1800,15,30,47 x 36 x 21 cm,,15
691b2c430817af001204b4c5,Bravo Chips Salt 45 GM,Bravo Chips Salt 45 GM,3.2,,,180,15,Carton,Right Foods,False,physical,https://cdn.swell.store/sodu/691b2c430817af001204b4be/7e43e22f4aab5693accd34b9e060a67d/4-4.jpg,Right Foods,rightfoods@sodu.com,,USD,Chips,Bravo Chips Salt 45 GM,0,1800,15,30,47 x 36 x 21 cm,,15
691b2c410817af001204b49f,Bravo Chips Chilli & Lemon 45 GM,Bravo Chips Chilli & Lemon 45 GM,3.2,,,180,15,Carton,Right Foods,False,physical,https://cdn.swell.store/sodu/691b2c410817af001204b49c/b5745c7b0dd6c72d75058f76893c8505/4-5.jpg,Right Foods,rightfoods@sodu.com,,USD,Chips,Bravo Chips Chilli & Lemon 45 GM,0,1800,15,30,47 x 36 x 21 cm,,15
691b2c3f0817af001204b484,Bravo Chips Kebab 45 GM,Bravo Chips Kebab 45 GM,3.2,,,180,15,Carton,Right Foods,False,physical,https://cdn.swell.store/sodu/691b2c3f0817af001204b481/4e24749f10584f9b2d671710e2726347/4-6.jpg,Right Foods,rightfoods@sodu.com,,USD,Chips,Bravo Chips Kebab 45 GM,0,1800,15,30,47 x 36 x 21 cm,,15
691b2c3d0817af001204b466,Bravo Chips Cheese Mix 45 GM,Bravo Chips Cheese Mix 45 GM,3.2,,,180,15,Carton,Right Foods,False,physical,https://cdn.swell.store/sodu/691b2c3d0817af001204b45f/88f99571ce96fd5aca075ed697e5e59d/4-7.jpg,Right Foods,rightfoods@sodu.com,,USD,Chips,Bravo Chips Cheese Mix 45 GM,0,1800,15,30,47 x 36 x 21 cm,,15
691b2c3b0817af001204b41b,Bravo Chips Burning Hot 45 GM,Bravo Chips Burning Hot 45 GM,3.2,,,180,15,Carton,Right Foods,False,physical,https://cdn.swell.store/sodu/691b2c3a0817af001204b418/d314e558c4b166b03413c58796215bc3/4-8.jpg,Right Foods,rightfoods@sodu.com,,USD,Chips,Bravo Chips Burning Hot 45 GM,0,1800,15,30,47 x 36 x 21 cm,,15
691b2c390817af001204b3fd,Bravo Chips Salt & Vinegar 20 GM,Bravo Chips Salt & Vinegar 20 GM,1.95,,,330,20,Carton,Right Foods,False,physical,https://cdn.swell.store/sodu/691b2c380817af001204b3f9/c5004651c22b6dc5229b6203cc74067e/4-1.jpg,Right Foods,rightfoods@sodu.com,,USD,Chips,Bravo Chips Salt & Vinegar 20 GM,0,3300,15,30,47 x 27 x 16 cm,,20
691b2c360817af001204b3e1,Bravo Chips Roasted Chicken 20 GM,Bravo Chips Roasted Chicken 20 GM,1.95,,,330,20,Carton,Right Foods,False,physical,https://cdn.swell.store/sodu/691b2c350817af001204b3df/ef4b4e8d320feae4d87780ceaf54d68d/4-2.jpg,Right Foods,rightfoods@sodu.com,,USD,Chips,Bravo Chips Roasted Chicken 20 GM,0,3300,15,30,47 x 27 x 16 cm,,20
691b2c340817af001204b3ca,Bravo Chips Ketchup 20 GM,Bravo Chips Ketchup 20 GM,1.95,,,330,20,Carton,Right Foods,False,physical,https://cdn.swell.store/sodu/691b2c330817af001204b3c8/63c03a9ef34388b63f7a2a2c5c3c59c4/4-3.jpg,Right Foods,rightfoods@sodu.com,,USD,Chips,Bravo Chips Ketchup 20 GM,0,3300,15,30,47 x 27 x 16 cm,,20
691b2c320817af001204b3b1,Bravo Chips Salt 20 GM,Bravo Chips Salt 20 GM,1.95,,,330,20,Carton,Right Foods,False,physical,https://cdn.swell.store/sodu/691b2c310817af001204b3ab/7e43e22f4aab5693accd34b9e060a67d/4-4.jpg,Right Foods,rightfoods@sodu.com,,USD,Chips,Bravo Chips Salt 20 GM,0,3300,15,30,47 x 27 x 16 cm,,20
691b2c300817af001204b393,Bravo Chips Chilli & Lemon 20 GM,Bravo Chips Chilli & Lemon 20 GM,1.95,,,330,20,Carton,Right Foods,False,physical,https://cdn.swell.store/sodu/691b2c2f0817af001204b390/b5745c7b0dd6c72d75058f76893c8505/4-5.jpg,Right Foods,rightfoods@sodu.com,,USD,Chips,Bravo Chips Chilli & Lemon 20 GM,0,3300,15,30,47 x 27 x 16 cm,,20
691b2c2d0817af001204b371,Bravo Chips Kebab 20 GM,Bravo Chips Kebab 20 GM,1.95,,,330,20,Carton,Right Foods,False,physical,https://cdn.swell.store/sodu/691b2c2d0817af001204b36e/4e24749f10584f9b2d671710e2726347/4-6.jpg,Right Foods,rightfoods@sodu.com,,USD,Chips,Bravo Chips Kebab 20 GM,0,3300,15,30,47 x 27 x 16 cm,,20
691b2c2b0817af001204b358,Bravo Chips Cheese Mix 20 GM,Bravo Chips Cheese Mix 20 GM,1.95,,,330,20,Carton,Right Foods,False,physical,https://cdn.swell.store/sodu/691b2c2b0817af001204b356/88f99571ce96fd5aca075ed697e5e59d/4-7.jpg,Right Foods,rightfoods@sodu.com,,USD,Chips,Bravo Chips Cheese Mix 20 GM,0,3300,15,30,47 x 27 x 16 cm,,20
691b2c290817af001204b33a,Bravo Chips Burning Hot 20 GM,Bravo Chips Burning Hot 20 GM,1.95,,,330,20,Carton,Right Foods,False,physical,https://cdn.swell.store/sodu/691b2c290817af001204b335/d314e558c4b166b03413c58796215bc3/4-8.jpg,Right Foods,rightfoods@sodu.com,,USD,Chips,Bravo Chips Burning Hot 20 GM,0,3300,15,30,47 x 27 x 16 cm,,20
68f0bcc3c63493001247af49,Kol Youm Juice Cocktail juice - 225 ML ,Kol Youm Juice Cocktail juice - 225 ML ,2.25,,,352,27,Carton,Kol Youm,False,physical,https://cdn.swell.store/sodu/68f0bcc2c63493001247af47/8dbc9e86af847da3e7e161248796a3c3/524004_main.jpg,Kol Youm,kolyoum@sodu.com,,USD,Juice,6223001870050,3520,0,20,30,,,27
68f0bcc1c63493001247af2f,Kol Youm Juice Guava juice - 225 ML ,Kol Youm Juice Guava juice - 225 ML ,2.25,,,352,27,Carton,Kol Youm,False,physical,https://cdn.swell.store/sodu/68f0bcc0c63493001247af2c/647a5d6d83d762abcb4625e3b77131c7/524003_main.jpg,Kol Youm,kolyoum@sodu.com,,USD,Juice,6223001870067,3520,0,20,30,,,27
68f0bcbfc63493001247af19,Kol Youm  Juice Mango juice - 225 ML ,Kol Youm  Juice Mango juice - 225 ML ,2.25,,,352,27,Carton,Kol Youm,False,physical,https://cdn.swell.store/sodu/68f0bcbec63493001247af16/845bb1da36f4a0e1060e617abec399a0/524008_main.jpg,Kol Youm,kolyoum@sodu.com,,USD,Juice,6223001870043,3520,0,20,30,,,27
68f0bcbcc63493001247aef3,Kol Youm Juice Apple juice - 225 ML ,Kol Youm Juice Apple juice - 225 ML ,2.25,,,352,27,Carton,Kol Youm,False,physical,https://cdn.swell.store/sodu/68f0bcbcc63493001247aef1/caf4cb915214a4df7a088ff141c23e5b/524002_main.jpg,Kol Youm,kolyoum@sodu.com,,USD,Juice,6223001870036,3520,0,20,30,,,27
68f0bcd0c63493001247afed,Roumy Feta Cheese 500 GM - Vegetable Fat ,Roumy Feta Cheese 500 GM - Vegetable Fat Shipped in refrigerated container,9.45,,,250,27,Carton,Almarai,False,physical,https://cdn.swell.store/sodu/68f0bcd0c63493001247afeb/2a0471689453fc90691c2bfe07e912ac/641561_main.jpg,Almarai,almarai@sodu.com,,USD,Cheese,6223007525756,0,0,20,30,,,27
68f0bccec63493001247afd4,Roumy Feta Cheese 250 GM - Vegetable Fat ,Roumy Feta Cheese 250 GM - Vegetable Fat Shipped in refrigerated container,10.5,,,104,12,Carton,Almarai,False,physical,https://cdn.swell.store/sodu/68f0bccdc63493001247afd1/01971bdbafcd06cc30abdd2540c7c71b/637556_main.jpg,Almarai,almarai@sodu.com,,USD,Cheese,6223007525398,1040,0,20,30,,,12
68f0bccbc63493001247afb0,Cheddar Feta Cheese 500 GM - Vegetable Fat ,Cheddar Feta Cheese 500 GM - Vegetable Fat Shipped in refrigerated container,9.45,,,125,27,Carton,Almarai,False,physical,https://cdn.swell.store/sodu/68f0bccbc63493001247afad/47c07797c741fd2bc58a11e918882ac9/641562_main.jpg,Almarai,almarai@sodu.com,,USD,Cheese,6223007525763,0,0,20,30,,,27
68f0bcc9c63493001247af99,Cheddar Feta Cheese 250 GM - Vegetable Fat ,Cheddar Feta Cheese 250 GM - Vegetable Fat Shipped in refrigerated container,10.5,,,104,12,Carton,Almarai,False,physical,https://cdn.swell.store/sodu/68f0bcc9c63493001247af96/79fbc42467aa9c0acf07b76fb2d4b848/637555_main.jpg,Almarai,almarai@sodu.com,,USD,Cheese,6223007525404,1040,0,20,30,,,12
68f0bcc7c63493001247af82,Plain Feta Cheese 500 GM ,Plain Feta Cheese 500 GM Shipped in refrigerated container,9.45,,,125,27,Carton,Almarai,False,physical,https://cdn.swell.store/sodu/68f0bcc7c63493001247af80/1ff4b656b39102776c8250fceb30fd53/641563_main.jpg,Almarai,almarai@sodu.com,,USD,Cheese,6223007525459,0,0,20,30,,,27
68f0bcc5c63493001247af6b,Plain Feta Cheese 250 GM ,Plain Feta Cheese 250 GM Shipped in refrigerated container,10.5,,,104,12,Carton,Almarai,False,physical,https://cdn.swell.store/sodu/68f0bcc5c63493001247af68/b9b864dacc962a9d0f44314dcfad3e4f/637554_main.jpg,Almarai,almarai@sodu.com,,USD,Cheese,6223007525008,1040,0,20,30,,,12
68f0bc92c63493001247ad60,Almarai Juice Pineapple 1.0L Combi ,Almarai Juice Pineapple 1.0L Combi ,7.45,,,196,12,Carton,Almarai,False,physical,https://cdn.swell.store/sodu/68f0bc92c63493001247ad5b/c2f1481984a7dd1d403388e98c39787f/61WdKhp%2BwGL.jpg,Almarai,almarai@sodu.com,,USD,Juice,6223007521284,1960,0,20,30,,,12
68f0bc91c63493001247ad42,Almarai Juice Orange 1.0L Combi ,Almarai Juice Orange 1.0L Combi ,7.87,,,196,12,Carton,Almarai,False,physical,https://cdn.swell.store/sodu/68f0bc90c63493001247ad3d/09d01f6e0661489dee772e19eb6bd9fb/71Q9kwlXJNL.jpg,Almarai,almarai@sodu.com,,USD,Juice,6223007520751,1960,0,20,30,,,12
68f0bc8fc63493001247ad22,Almarai Juice Mango 1.0L Combi ,Almarai Juice Mango 1.0L Combi ,6.51,,,196,12,Carton,Almarai,False,physical,https://cdn.swell.store/sodu/68f0bc8fc63493001247ad1c/42510c2325ce4490583a9c263b350a42/71ScdNJ21sL.jpg,Almarai,almarai@sodu.com,,USD,Juice,6223007520720,1960,0,20,30,,,12
68f0bc8ec63493001247ad08,Almarai Juice Guava 1.0L Combi ,Almarai Juice Guava 1.0L Combi ,6.3,,,196,12,Carton,Almarai,False,physical,https://cdn.swell.store/sodu/68f0bc8dc63493001247ad01/c47dbd680590b7e9199dbf66ee5b2294/71uN-Ekh9sL.jpg,Almarai,almarai@sodu.com,,USD,Juice,6223007520744,1960,0,20,30,,,12
68f0bc8cc63493001247acee,Almarai Juice Apple 1.0L Combi ,Almarai Juice Apple 1.0L Combi ,6.3,,,196,12,Carton,Almarai,False,physical,https://cdn.swell.store/sodu/68f0bc8cc63493001247acec/cf6b82801d263f7c4627b483c146a806/586471_main.jpg,Almarai,almarai@sodu.com,,USD,Juice,6223007521383,1960,0,20,30,,,12
68f0bc8ac63493001247acd2,Almarai Juice Pineapple 235 ML ,Almarai Juice Pineapple 235 ML ,4.51,,,342,27,Carton,Almarai,False,physical,https://cdn.swell.store/sodu/68f0bc8ac63493001247acd0/f71d45065531918e48efe8adc359abb5/607903_main.jpg,Almarai,almarai@sodu.com,,USD,Juice,6223007521253,3420,0,20,30,,,27
68f0bc87c63493001247acbb,Almarai Juice Orange 235 ML ,Almarai Juice Orange 235 ML ,4.41,,,342,27,Carton,Almarai,False,physical,https://cdn.swell.store/sodu/68f0bc87c63493001247acb9/5adabd6ff877ae667c0985089f8cfe04/81FnSY7fCyL.jpg,Almarai,almarai@sodu.com,,USD,Juice,6223007520713,3420,0,20,30,,,27
68f0bc85c63493001247ac95,Almarai Juice Mango 235 ML ,Almarai Juice Mango 235 ML ,4.2,,,342,27,Carton,Almarai,False,physical,https://cdn.swell.store/sodu/68f0bc85c63493001247ac92/294143396043277215e0fa8061cc2e4d/51-FY1dHGhL.jpg,Almarai,almarai@sodu.com,,USD,Juice,6223007520683,3420,0,20,30,,,27
68f0bc84c63493001247ac7c,Almarai Juice Guava 235 ML ,Almarai Juice Guava 235 ML ,4.2,,,342,27,Carton,Almarai,False,physical,https://cdn.swell.store/sodu/68f0bc84c63493001247ac7a/84688bab1efd9bab7521809ccf36a9ea/61pCBIx4wvL.jpg,Almarai,almarai@sodu.com,,USD,Juice,6223007520706,3420,0,20,30,,,27
68f0bc82c63493001247ac5f,Almarai Juice Apple 235 ML ,Almarai Juice Apple 235 ML ,4.2,,,342,27,Carton,Almarai,False,physical,https://cdn.swell.store/sodu/68f0bc82c63493001247ac5d/03c83d90aea62b18cdd9d49ab31b8a53/51TQnjd6cyL.jpg,Almarai,almarai@sodu.com,,USD,Juice,6223007520690,3420,0,20,30,,,27
68f0bcb8c63493001247aedf,Beyti Guava juice - 1.0L ,Beyti Guava juice - 1.0L ,4.2,,,196,12,Carton,Beyti,False,physical,https://cdn.swell.store/sodu/68f0bcb8c63493001247aedc/02ec4c5ad2eab738b344617e94c8a0a9/aMqO82GNHVfTPURw_Guava3d1Lcopy.png,Beyti,beyti@sodu.com,,USD,Juice,6223001879121,1960,0,20,30,,,12
68f0bcb5c63493001247aec6,Beyti Orange juice - 1.0L ,Beyti Orange juice - 1.0L ,4.46,,,196,12,Carton,Beyti,False,physical,https://cdn.swell.store/sodu/68f0bcb5c63493001247aec4/6a9d6f6631c66ef98a61339471af71b1/aMqPKGGNHVfTPUR3_Orange3d1Lcopy.png,Beyti,beyti@sodu.com,,USD,Juice,6223001879138,1960,0,20,30,,,12
68f0bcb1c63493001247aeae,Beyti Mango juice - 1.0L ,Beyti Mango juice - 1.0L ,4.46,,,196,12,Carton,Beyti,False,physical,https://cdn.swell.store/sodu/68f0bcb1c63493001247aeac/c891e4ccd2c6f8c245f4289aa40d3a53/aMqPCGGNHVfTPURy_MANGO3d1Lcopy.png,Beyti,beyti@sodu.com,,USD,Juice,6223001879114,1960,0,20,30,,,12
68f0bcaec63493001247ae8b,Beyti Cocktail juice - 1.0L ,Beyti Cocktail juice - 1.0L ,4.2,,,196,12,Carton,Beyti,False,physical,https://cdn.swell.store/sodu/68f0bcaec63493001247ae89/260830f931acb678a87fa95e29495eb6/aMqOs2GNHVfTPURs_Cocktail3d1Lcopy.png,Beyti,beyti@sodu.com,,USD,Juice,6223001879145,1960,0,20,30,,,12
68f0bcaac63493001247ae74,Beyti Apple juice - 1.0L   ,Beyti Apple juice - 1.0L   ,4.2,,,196,12,Carton,Beyti,False,physical,https://cdn.swell.store/sodu/68f0bcaac63493001247ae72/a3b955bdd0fc2c7ac46dba0255e8b067/aMqOVmGNHVfTPURX_Apple3d1Lcopy.png,Beyti,beyti@sodu.com,,USD,Juice,6223001879107,1960,0,20,30,,,12
68f0bca7c63493001247ae5d,Beyti Pineapple juice - 1.0L ,Beyti Pineapple juice - 1.0L ,4.46,,,196,12,Carton,Beyti,False,physical,https://cdn.swell.store/sodu/68f0bca7c63493001247ae57/a5d934f778252fadbd10936a80d7bf69/aMqPSGGNHVfTPUR5_Pineapple3d1Lcopy.png,Beyti,beyti@sodu.com,,USD,Juice,6223001879206,1960,0,20,30,,,12
68f0bca2c63493001247ae3f,Beyti Guava juice - 235 ML ,Beyti Guava juice - 235 ML ,3.15,,,342,27,Carton,Beyti,False,physical,https://cdn.swell.store/sodu/68f0bca2c63493001247ae3a/717e838d93133385ee09fff434ff7d72/aMqB5mGNHVfTPT4b_BeytiGuava235ml.jpg,Beyti,beyti@sodu.com,,USD,Juice,6223007521215,3420,0,20,30,,,27
68f0bca1c63493001247ae28,Beyti Orange juice - 235 ML ,Beyti Orange juice - 235 ML ,3.41,,,342,27,Carton,Beyti,False,physical,https://cdn.swell.store/sodu/68f0bca1c63493001247ae23/f2f8aec14870f53de55fd9bef1bc5565/aMqCgGGNHVfTPT47_BeytiOrange235ml.jpg,Beyti,beyti@sodu.com,,USD,Juice,6223007521208,3420,0,20,30,,,27
68f0bc9fc63493001247ae11,Beyti Mango juice - 235 ML ,Beyti Mango juice - 235 ML ,3.15,,,342,27,Carton,Beyti,False,physical,https://cdn.swell.store/sodu/68f0bc9fc63493001247ae0c/b8587449cadff3e0cd0d8637ff2a6ec4/aMqDM2GNHVfTPT63_BeytiMango235ml.jpg,Beyti,beyti@sodu.com,,USD,Juice,6223007521239,3420,0,20,30,,,27
68f0bc9ec63493001247adfa,Beyti Cocktail juice - 235 ML ,Beyti Cocktail juice - 235 ML ,3.15,,,342,27,Carton,Beyti,False,physical,https://cdn.swell.store/sodu/68f0bc9ec63493001247adf3/af9ffee892802936a4311bda8f2536e1/aMqDZ2GNHVfTPT7n_BeytiCocktail235ml.jpg,Beyti,beyti@sodu.com,,USD,Juice,6223007521222,3420,0,20,30,,,27
68f0bc9dc63493001247addd,Beyti Apple juice - 235 ML ,Beyti Apple juice - 235 ML ,3.15,,,342,27,Carton,Beyti,False,physical,https://cdn.swell.store/sodu/68f0bc9cc63493001247adda/b6db9891c6f1de1615c0f9014607b3bc/aMqC02GNHVfTPT53_BeytiApple235ml.jpg,Beyti,beyti@sodu.com,,USD,Juice,6223007521192,3420,0,20,30,,,27
68f0bc9bc63493001247adc2,Beyti Pineapple juice - 235 ML ,Beyti Pineapple juice - 235 ML ,3.41,,,342,27,Carton,Beyti,False,physical,https://cdn.swell.store/sodu/68f0bc9bc63493001247adbe/6dd3e08b847214b692b2ef5f5c5d55f2/aMqCr2GNHVfTPT5P_BeytiPineapple235ml.jpg,Beyti,beyti@sodu.com,,USD,Juice,6223001875215,3420,0,20,30,,,27
68f0bc99c63493001247ada9,Beyti Plus - Mixed Berries 235 ML ,Beyti Plus - Mixed Berries 235 ML ,3.41,,,342,27,Carton,Beyti,False,physical,https://cdn.swell.store/sodu/68f0bc99c63493001247ada7/6bad4261200a42a27a1da7b5193d6a14/634175_main.jpg,Beyti,beyti@sodu.com,,USD,Juice,6223007525299,3420,0,20,30,,,27
68f0bc97c63493001247ad91,Beyti Plus - Lemon Mint 235 ML ,Beyti Plus - Lemon Mint 235 ML ,3.41,,,342,27,Carton,Beyti,False,physical,https://cdn.swell.store/sodu/68f0bc96c63493001247ad8f/cd530318468b70bfa219c6bdc06a4ab1/634174_main.jpg,Beyti,beyti@sodu.com,,USD,Juice,6223007525282,3420,0,20,30,,,27
68f0bc94c63493001247ad7a,Beyti Plus - Orange 235 ML ,Beyti Plus - Orange 235 ML ,3.41,,,342,27,Carton,Beyti,False,physical,https://cdn.swell.store/sodu/68f0bc94c63493001247ad78/721308dccb1eed6376360ec22233e00b/634173_main.jpg,Beyti,beyti@sodu.com,,USD,Juice,6223007525275,3420,0,20,30,,,27
6911dd40601b9b0012b38525,Star Pasta Big Rings 250 Gram,Made From 100% Wheat Flour,2.89,,,500,20,Carton,Stae,False,physical,https://cdn.swell.store/sodu/68f8f4f460bf240012608506/2df941faebeeda9ed12bb690a601a6b4/07-Big-Rings.jpg,Stae,stae@sodu.com,,USD,Pasta,Star-Pasta-Big-Rings-250-Gram,0,0,15,45,,,20
6911dd3f601b9b0012b38514,Star Pasta Big Rings 400 Gram,Made From 100% Wheat Flour,4.67,,,500,20,Carton,Stae,False,physical,https://cdn.swell.store/sodu/68f8f4f960bf24001260852a/2df941faebeeda9ed12bb690a601a6b4/07-Big-Rings.jpg,Stae,stae@sodu.com,,USD,Pasta,Star-Pasta-Big-Rings-400-Gram,0,0,15,45,,,20
6911dd3f601b9b0012b38505,Star Pasta Big Rings 500 Gram,Made From 100% Wheat Flour,5.85,,,500,20,Carton,Stae,False,physical,https://cdn.swell.store/sodu/68f8f4fe60bf240012608548/2df941faebeeda9ed12bb690a601a6b4/07-Big-Rings.jpg,Stae,stae@sodu.com,,USD,Pasta,Star-Pasta-Big-Rings-500-Gram,0,0,15,45,,,20
6911dd3e601b9b0012b384f5,Star Pasta Elbow 250 Gram,Made From 100% Wheat Flour,2.89,,,500,20,Carton,Stae,False,physical,https://cdn.swell.store/sodu/68f8f50260bf24001260856c/453fd64abc121aa0263bbdd14b3eab2f/10-Elbow.jpg,Stae,stae@sodu.com,,USD,Pasta,Star-Pasta-Elbow-250-Gram,0,0,15,45,,,20
6911dd3e601b9b0012b384e5,Star Pasta Elbow 400 Gram,Made From 100% Wheat Flour,4.67,,,500,20,Carton,Stae,False,physical,https://cdn.swell.store/sodu/68f8f50660bf240012608587/453fd64abc121aa0263bbdd14b3eab2f/10-Elbow.jpg,Stae,stae@sodu.com,,USD,Pasta,Star-Pasta-Elbow-400-Gram,0,0,15,45,,,20
6911dd3d601b9b0012b384d6,Star Pasta Elbow 500 Gram,Made From 100% Wheat Flour,5.85,,,500,20,Carton,Stae,False,physical,https://cdn.swell.store/sodu/68f8f50960bf2400126085a2/453fd64abc121aa0263bbdd14b3eab2f/10-Elbow.jpg,Stae,stae@sodu.com,,USD,Pasta,Star-Pasta-Elbow-500-Gram,0,0,15,45,,,20
6911dd3d601b9b0012b384c3,Star Pasta Fusilli 250 Gram,Made From 100% Wheat Flour,2.89,,,500,20,Carton,Stae,False,physical,https://cdn.swell.store/sodu/68f8f50c60bf2400126085c3/7a2dc2c81fcf0736182f3ca5daad516f/12-Fusilli.jpg,Stae,stae@sodu.com,,USD,Pasta,Star-Pasta-Fusilli-250-Gram,0,0,15,45,,,20
6911dd3d601b9b0012b384b4,Star Pasta Fusilli 400 Gram,Made From 100% Wheat Flour,4.67,,,500,20,Carton,Stae,False,physical,https://cdn.swell.store/sodu/68f8f5128e4f380012ddfdf7/7a2dc2c81fcf0736182f3ca5daad516f/12-Fusilli.jpg,Stae,stae@sodu.com,,USD,Pasta,Star-Pasta-Fusilli-400-Gram,0,0,15,45,,,20
6911dd3c601b9b0012b384a5,Star Pasta Fusilli 500 Gram,Made From 100% Wheat Flour,5.85,,,500,20,Carton,Stae,False,physical,https://cdn.swell.store/sodu/68f8f5168e4f380012ddfe1f/7a2dc2c81fcf0736182f3ca5daad516f/12-Fusilli.jpg,Stae,stae@sodu.com,,USD,Pasta,Star-Pasta-Fusilli-500-Gram,0,0,15,45,,,20
6911dd3c601b9b0012b38495,Star Pasta Penne 250 Gram,Made From 100% Wheat Flour,2.89,,,500,20,Carton,Stae,False,physical,https://cdn.swell.store/sodu/68f8f5198e4f380012ddfe44/bfbee9f399f73a60358626185ecee1df/13-Penne.jpg,Stae,stae@sodu.com,,USD,Pasta,Star-Pasta-Penne-250-Gram,0,0,15,45,,,20
6911dd3b601b9b0012b38484,Star Pasta Penne 400 Gram,Made From 100% Wheat Flour,4.67,,,500,20,Carton,Stae,False,physical,https://cdn.swell.store/sodu/68f8f51d8e4f380012ddfe5b/bfbee9f399f73a60358626185ecee1df/13-Penne.jpg,Stae,stae@sodu.com,,USD,Pasta,Star-Pasta-Penne-400-Gram,0,0,15,45,,,20
6911dd3b601b9b0012b38475,Star Pasta Penne 500 Gram,Made From 100% Wheat Flour,5.85,,,500,20,Carton,Stae,False,physical,https://cdn.swell.store/sodu/68f8f5208e4f380012ddfe78/bfbee9f399f73a60358626185ecee1df/13-Penne.jpg,Stae,stae@sodu.com,,USD,Pasta,Star-Pasta-Penne-500-Gram,0,0,15,45,,,20
6911dd3a601b9b0012b38465,Star Pasta Rice 250 Gram,Made From 100% Wheat Flour,2.89,,,500,20,Carton,Stae,False,physical,https://cdn.swell.store/sodu/68f8f5248e4f380012ddfe93/0fc5bbc2b29b9bb1e6a39d2b4c7a6890/02-Rice.jpg,Stae,stae@sodu.com,,USD,Pasta,Star-Pasta-Rice-250-Gram,0,0,15,45,,,20
6911dd3a601b9b0012b38452,Star Pasta Rice 400 Gram,Made From 100% Wheat Flour,4.67,,,500,20,Carton,Stae,False,physical,https://cdn.swell.store/sodu/68f8f5268e4f380012ddfead/0fc5bbc2b29b9bb1e6a39d2b4c7a6890/02-Rice.jpg,Stae,stae@sodu.com,,USD,Pasta,Star-Pasta-Rice-400-Gram,0,0,15,45,,,20
6911dd39601b9b0012b38443,Star Pasta Rice 500 Gram,Made From 100% Wheat Flour,5.85,,,500,20,Carton,Stae,False,physical,https://cdn.swell.store/sodu/68f8f52a8e4f380012ddfecc/0fc5bbc2b29b9bb1e6a39d2b4c7a6890/02-Rice.jpg,Stae,stae@sodu.com,,USD,Pasta,Star-Pasta-Rice-500-Gram,0,0,15,45,,,20
6911dd39601b9b0012b38432,Star Pasta Shells 250 Gram,Made From 100% Wheat Flour,2.89,,,500,20,Carton,Stae,False,physical,https://cdn.swell.store/sodu/68f8f52c8e4f380012ddfef9/ed8f2408c90029f2b9ffc777ed527aa7/03-Shells.jpg,Stae,stae@sodu.com,,USD,Pasta,Star-Pasta-Shells-250-Gram,0,0,15,45,,,20
6911dd38601b9b0012b3841a,Star Pasta Shells 400 Gram,Made From 100% Wheat Flour,4.67,,,500,20,Carton,Stae,False,physical,https://cdn.swell.store/sodu/68f8f52f8e4f380012ddff16/ed8f2408c90029f2b9ffc777ed527aa7/03-Shells.jpg,Stae,stae@sodu.com,,USD,Pasta,Star-Pasta-Shells-400-Gram,0,0,15,45,,,20
6911dd38601b9b0012b38407,Star Pasta Shells 500 Gram,Made From 100% Wheat Flour,5.85,,,500,20,Carton,Stae,False,physical,https://cdn.swell.store/sodu/68f8f5318e4f380012ddff39/ed8f2408c90029f2b9ffc777ed527aa7/03-Shells.jpg,Stae,stae@sodu.com,,USD,Pasta,Star-Pasta-Shells-500-Gram,0,0,15,45,,,20
6911dd37601b9b0012b383f3,Star Pasta Small Rings 250 Gram,Made From 100% Wheat Flour,2.89,,,500,20,Carton,Stae,False,physical,https://cdn.swell.store/sodu/68f8f5348e4f380012ddff5a/b8c200495ca7b0627d4c8d1ee0fd889e/04-Small-Rings.jpg,Stae,stae@sodu.com,,USD,Pasta,Star-Pasta-Small-Rings-250-Gram,0,0,15,45,,,20
6911dd37601b9b0012b383e5,Star Pasta Small Rings 400 Gram,Made From 100% Wheat Flour,4.67,,,500,20,Carton,Stae,False,physical,https://cdn.swell.store/sodu/68f8f5378e4f380012ddff84/b8c200495ca7b0627d4c8d1ee0fd889e/04-Small-Rings.jpg,Stae,stae@sodu.com,,USD,Pasta,Star-Pasta-Small-Rings-400-Gram,0,0,15,45,,,20
6911dd36601b9b0012b383cc,Star Pasta Small Rings 500 Gram,Made From 100% Wheat Flour,5.85,,,500,20,Carton,Stae,False,physical,https://cdn.swell.store/sodu/68f8f53a8e4f380012ddff9e/b8c200495ca7b0627d4c8d1ee0fd889e/04-Small-Rings.jpg,Stae,stae@sodu.com,,USD,Pasta,Star-Pasta-Small-Rings-500-Gram,0,0,15,45,,,20
6911dd36601b9b0012b383bb,Star Pasta Snails 250 Gram,Made From 100% Wheat Flour,2.89,,,500,20,Carton,Stae,False,physical,https://cdn.swell.store/sodu/68f8f53e8e4f380012ddffda/e7b892025c4820bf89e2d3cdd92130b0/11-Snails.jpg,Stae,stae@sodu.com,,USD,Pasta,Star-Pasta-Snails-250-Gram,0,0,15,45,,,20
6911dd36601b9b0012b383aa,Star Pasta Snails 400 Gram,Made From 100% Wheat Flour,4.67,,,500,20,Carton,Stae,False,physical,https://cdn.swell.store/sodu/68f8f5418e4f380012ddfff2/e7b892025c4820bf89e2d3cdd92130b0/11-Snails.jpg,Stae,stae@sodu.com,,USD,Pasta,Star-Pasta-Snails-400-Gram,0,0,15,45,,,20
6911dd35601b9b0012b38391,Star Pasta Snails 500 Gram,Made From 100% Wheat Flour,5.85,,,500,20,Carton,Stae,False,physical,https://cdn.swell.store/sodu/68f8f5448e4f380012de0017/e7b892025c4820bf89e2d3cdd92130b0/11-Snails.jpg,Stae,stae@sodu.com,,USD,Pasta,Star-Pasta-Snails-500-Gram,0,0,15,45,,,20
6911dd34601b9b0012b38382,Star Pasta Spaghetti 250 Gram,Made From 100% Wheat Flour,2.78,,,500,20,Carton,Stae,False,physical,https://cdn.swell.store/sodu/68f8f5478e4f380012de0033/62453b4cd96f436b1ba9ae181c6a06ae/01-Spaghetti.jpg,Stae,stae@sodu.com,,USD,Pasta,Star-Pasta-Spaghetti-250-Gram,0,0,15,45,,,20
6911dd34601b9b0012b38373,Star Pasta Spaghetti 400 Gram,Made From 100% Wheat Flour,4.49,,,500,20,Carton,Stae,False,physical,https://cdn.swell.store/sodu/68f8f5498e4f380012de0052/62453b4cd96f436b1ba9ae181c6a06ae/01-Spaghetti.jpg,Stae,stae@sodu.com,,USD,Pasta,Star-Pasta-Spaghetti-400-Gram,0,0,15,45,,,20
6911dd33601b9b0012b38364,Star Pasta Spaghetti 500 Gram,Made From 100% Wheat Flour,5.63,,,500,20,Carton,Stae,False,physical,https://cdn.swell.store/sodu/68f8f54b8e4f380012de007a/62453b4cd96f436b1ba9ae181c6a06ae/01-Spaghetti.jpg,Stae,stae@sodu.com,,USD,Pasta,Star-Pasta-Spaghetti-500-Gram,0,0,15,45,,,20
6911dd33601b9b0012b38351,Star Pasta Vermicelli 250 Gram,Made From 100% Wheat Flour,2.89,,,500,20,Carton,Stae,False,physical,https://cdn.swell.store/sodu/68f8f54e8e4f380012de0096/cc2cc9759da5c9e9ecfb17b1f54c3e92/05-Vermicelli.jpg,Stae,stae@sodu.com,,USD,Pasta,Star-Pasta-Vermicelli-250-Gram,0,0,15,45,,,20
6911dd32601b9b0012b3833f,Star Pasta Vermicelli 400 Gram,Made From 100% Wheat Flour,4.67,,,500,20,Carton,Stae,False,physical,https://cdn.swell.store/sodu/68f8f5528e4f380012de00b8/cc2cc9759da5c9e9ecfb17b1f54c3e92/05-Vermicelli.jpg,Stae,stae@sodu.com,,USD,Pasta,Star-Pasta-Vermicelli-400-Gram,0,0,15,45,,,20
6911dd32601b9b0012b3832e,Star Pasta Vermicelli 500 Gram,Made From 100% Wheat Flour,5.85,,,500,20,Carton,Stae,False,physical,https://cdn.swell.store/sodu/68f8f5568e4f380012de00da/cc2cc9759da5c9e9ecfb17b1f54c3e92/05-Vermicelli.jpg,Stae,stae@sodu.com,,USD,Pasta,Star-Pasta-Vermicelli-500-Gram,0,0,15,45,,,20
6911dd31601b9b0012b3831a,Delicia Masreya Big Rings 250 Gram,Made From Mix 30% Durum Wheat 70% Wheat Flour,3.1,,,500,20,Carton,Delicia-Masreya,False,physical,https://cdn.swell.store/sodu/68f8f55a8e4f380012de0116/aa064f0c2b32f8262e32382c5a1ac4fc/473351100-11-big-rings.jpg,Delicia-Masreya,delicia-masreya@sodu.com,123,USD,Pasta,Delicia-Masreya-Big-Rings-250-Gram,0,0,15,45,,,20
6911dd31601b9b0012b3830b,Delicia Masreya Big Rings 400 Gram,Made From Mix 30% Durum Wheat 70% Wheat Flour,5.02,,,500,20,Carton,Delicia-Masreya,False,physical,https://cdn.swell.store/sodu/68f8f55d8e4f380012de013b/aa064f0c2b32f8262e32382c5a1ac4fc/473351100-11-big-rings.jpg,Delicia-Masreya,delicia-masreya@sodu.com,123,USD,Pasta,Delicia-Masreya-Big-Rings-400-Gram,0,0,15,45,,,20
6911dd30601b9b0012b382fb,Delicia Masreya Big Rings 500 Gram,Made From Mix 30% Durum Wheat 70% Wheat Flour,6.3,,,500,20,Carton,Delicia-Masreya,False,physical,https://cdn.swell.store/sodu/68f8f5628e4f380012de0160/aa064f0c2b32f8262e32382c5a1ac4fc/473351100-11-big-rings.jpg,Delicia-Masreya,delicia-masreya@sodu.com,123,USD,Pasta,Delicia-Masreya-Big-Rings-500-Gram,0,0,15,45,,,20
6911dd30601b9b0012b382ec,Delicia Masreya Elbow 250 Gram,Made From Mix 30% Durum Wheat 70% Wheat Flour,3.1,,,500,20,Carton,Delicia-Masreya,False,physical,https://cdn.swell.store/sodu/68f8f5648e4f380012de017b/533ef476c7a4868d53cfa42388212708/473351085-09-elbow.jpg,Delicia-Masreya,delicia-masreya@sodu.com,123,USD,Pasta,Delicia-Masreya-Elbow-250-Gram,0,0,15,45,,,20
6911dd2f601b9b0012b382d8,Delicia Masreya Elbow 400 Gram,Made From Mix 30% Durum Wheat 70% Wheat Flour,5.02,,,500,20,Carton,Delicia-Masreya,False,physical,https://cdn.swell.store/sodu/68f8f5668e4f380012de019b/533ef476c7a4868d53cfa42388212708/473351085-09-elbow.jpg,Delicia-Masreya,delicia-masreya@sodu.com,123,USD,Pasta,Delicia-Masreya-Elbow-400-Gram,0,0,15,45,,,20
6911dd2f601b9b0012b382c9,Delicia Masreya Elbow 500 Gram,Made From Mix 30% Durum Wheat 70% Wheat Flour,6.3,,,500,20,Carton,Delicia-Masreya,False,physical,https://cdn.swell.store/sodu/68f8f56a8e4f380012de01be/533ef476c7a4868d53cfa42388212708/473351085-09-elbow.jpg,Delicia-Masreya,delicia-masreya@sodu.com,123,USD,Pasta,Delicia-Masreya-Elbow-500-Gram,0,0,15,45,,,20
6911dd2f601b9b0012b382b4,Delicia Masreya Farfalle 250 Gram,Made From Mix 30% Durum Wheat 70% Wheat Flour,3.1,,,500,20,Carton,Delicia-Masreya,False,physical,https://cdn.swell.store/sodu/68f8f56d8e4f380012de01e9/28bbeaa0b95fac04ff582959cf7a5579/473351148-14-farfalle.jpg,Delicia-Masreya,delicia-masreya@sodu.com,123,USD,Pasta,Delicia-Masreya-Farfalle-250-Gram,0,0,15,45,,,20
6911dd2e601b9b0012b382a4,Delicia Masreya Farfalle 400 Gram,Made From Mix 30% Durum Wheat 70% Wheat Flour,5.02,,,500,20,Carton,Delicia-Masreya,False,physical,https://cdn.swell.store/sodu/68f8f5708e4f380012de020b/28bbeaa0b95fac04ff582959cf7a5579/473351148-14-farfalle.jpg,Delicia-Masreya,delicia-masreya@sodu.com,123,USD,Pasta,Delicia-Masreya-Farfalle-400-Gram,0,0,15,45,,,20
6911dd2e601b9b0012b38288,Delicia Masreya Farfalle 500 Gram,Made From Mix 30% Durum Wheat 70% Wheat Flour,6.3,,,500,20,Carton,Delicia-Masreya,False,physical,https://cdn.swell.store/sodu/68f8f5738e4f380012de022a/28bbeaa0b95fac04ff582959cf7a5579/473351148-14-farfalle.jpg,Delicia-Masreya,delicia-masreya@sodu.com,123,USD,Pasta,Delicia-Masreya-Farfalle-500-Gram,0,0,15,45,,,20
6911dd2d601b9b0012b38277,Delicia Masreya Fiocchi 250 Gram,Made From Mix 30% Durum Wheat 70% Wheat Flour,3.1,,,500,20,Carton,Delicia-Masreya,False,physical,https://cdn.swell.store/sodu/68f8f5788e4f380012de0248/1cd5d7a70f7c5ed42dc5e75f70a178c4/473351135-13-fiocchi.jpg,Delicia-Masreya,delicia-masreya@sodu.com,123,USD,Pasta,Delicia-Masreya-Fiocchi-250-Gram,0,0,15,45,,,20
6911dd2d601b9b0012b38265,Delicia Masreya Fiocchi 400 Gram,Made From Mix 30% Durum Wheat 70% Wheat Flour,5.02,,,500,20,Carton,Delicia-Masreya,False,physical,https://cdn.swell.store/sodu/68f8f57c8e4f380012de0273/1cd5d7a70f7c5ed42dc5e75f70a178c4/473351135-13-fiocchi.jpg,Delicia-Masreya,delicia-masreya@sodu.com,123,USD,Pasta,Delicia-Masreya-Fiocchi-400-Gram,0,0,15,45,,,20
6911dd2c601b9b0012b3824d,Delicia Masreya Fiocchi 500 Gram,Made From Mix 30% Durum Wheat 70% Wheat Flour,6.3,,,500,20,Carton,Delicia-Masreya,False,physical,https://cdn.swell.store/sodu/68f8f5808e4f380012de0298/1cd5d7a70f7c5ed42dc5e75f70a178c4/473351135-13-fiocchi.jpg,Delicia-Masreya,delicia-masreya@sodu.com,123,USD,Pasta,Delicia-Masreya-Fiocchi-500-Gram,0,0,15,45,,,20
6911dd2c601b9b0012b3823b,Delicia Masreya Fusilli 250 Gram,Made From Mix 30% Durum Wheat 70% Wheat Flour,3.1,,,500,20,Carton,Delicia-Masreya,False,physical,https://cdn.swell.store/sodu/68f8f5838e4f380012de02be/42ba585057068fe79a83555ddbdd50af/473351109-12-fusilli.jpg,Delicia-Masreya,delicia-masreya@sodu.com,123,USD,Pasta,Delicia-Masreya-Fusilli-250-Gram,0,0,15,45,,,20
6911dd2b601b9b0012b38229,Delicia Masreya Fusilli 400 Gram,Made From Mix 30% Durum Wheat 70% Wheat Flour,5.02,,,500,20,Carton,Delicia-Masreya,False,physical,https://cdn.swell.store/sodu/68f8f5888e4f380012de02ef/42ba585057068fe79a83555ddbdd50af/473351109-12-fusilli.jpg,Delicia-Masreya,delicia-masreya@sodu.com,123,USD,Pasta,Delicia-Masreya-Fusilli-400-Gram,0,0,15,45,,,20
6911dd2b601b9b0012b38216,Delicia Masreya Fusilli 500 Gram,Made From Mix 30% Durum Wheat 70% Wheat Flour,6.3,,,500,20,Carton,Delicia-Masreya,False,physical,https://cdn.swell.store/sodu/68f8f58b8e4f380012de0312/42ba585057068fe79a83555ddbdd50af/473351109-12-fusilli.jpg,Delicia-Masreya,delicia-masreya@sodu.com,123,USD,Pasta,Delicia-Masreya-Fusilli-500-Gram,0,0,15,45,,,20
6911dd2a601b9b0012b38207,Delicia Masreya Linguini 250 Gram,Made From Mix 30% Durum Wheat 70% Wheat Flour,3.1,,,500,20,Carton,Delicia-Masreya,False,physical,https://cdn.swell.store/sodu/68f8f58d8e4f380012de0341/6329a414e6e9441dc869d0446d14fadc/473351165-02-linguini.jpg,Delicia-Masreya,delicia-masreya@sodu.com,123,USD,Pasta,Delicia-Masreya-Linguini-250-Gram,0,0,15,45,,,20
6911dd2a601b9b0012b381f8,Delicia Masreya Linguini 400 Gram,Made From Mix 30% Durum Wheat 70% Wheat Flour,5.02,,,500,20,Carton,Delicia-Masreya,False,physical,https://cdn.swell.store/sodu/68f8f58f8e4f380012de0362/6329a414e6e9441dc869d0446d14fadc/473351165-02-linguini.jpg,Delicia-Masreya,delicia-masreya@sodu.com,123,USD,Pasta,Delicia-Masreya-Linguini-400-Gram,0,0,15,45,,,20
6911dd29601b9b0012b381e9,Delicia Masreya Linguini 500 Gram,Made From Mix 30% Durum Wheat 70% Wheat Flour,6.3,,,500,20,Carton,Delicia-Masreya,False,physical,https://cdn.swell.store/sodu/68f8f5928e4f380012de037e/6329a414e6e9441dc869d0446d14fadc/473351165-02-linguini.jpg,Delicia-Masreya,delicia-masreya@sodu.com,123,USD,Pasta,Delicia-Masreya-Linguini-500-Gram,0,0,15,45,,,20
6911dd29601b9b0012b381d9,Delicia Masreya Penne 250 Gram,Made From Mix 30% Durum Wheat 70% Wheat Flour,3.1,,,500,20,Carton,Delicia-Masreya,False,physical,https://cdn.swell.store/sodu/68f8f5958e4f380012de0398/2a567916cc0462221a522633263fe88e/473351077-08-penne.jpg,Delicia-Masreya,delicia-masreya@sodu.com,123,USD,Pasta,Delicia-Masreya-Penne-250-Gram,0,0,15,45,,,20
6911dd28601b9b0012b381c8,Delicia Masreya Penne 400 Gram,Made From Mix 30% Durum Wheat 70% Wheat Flour,5.02,,,500,20,Carton,Delicia-Masreya,False,physical,https://cdn.swell.store/sodu/68f8f5998e4f380012de03c1/2a567916cc0462221a522633263fe88e/473351077-08-penne.jpg,Delicia-Masreya,delicia-masreya@sodu.com,123,USD,Pasta,Delicia-Masreya-Penne-400-Gram,0,0,15,45,,,20
6911dd28601b9b0012b381b9,Delicia Masreya Penne 500 Gram,Made From Mix 30% Durum Wheat 70% Wheat Flour,6.3,,,500,20,Carton,Delicia-Masreya,False,physical,https://cdn.swell.store/sodu/68f8f59d8e4f380012de03e6/2a567916cc0462221a522633263fe88e/473351077-08-penne.jpg,Delicia-Masreya,delicia-masreya@sodu.com,123,USD,Pasta,Delicia-Masreya-Penne-500-Gram,0,0,15,45,,,20
6911dd27601b9b0012b381aa,Delicia Masreya Pipe 250 Gram,Made From Mix 30% Durum Wheat 70% Wheat Flour,3.1,,,500,20,Carton,Delicia-Masreya,False,physical,https://cdn.swell.store/sodu/68f8f5a08e4f380012de0403/4a065666d38693de362b41d386333a2b/473351160-16-pipe.jpg,Delicia-Masreya,delicia-masreya@sodu.com,123,USD,Pasta,Delicia-Masreya-Pipe-250-Gram,0,0,15,45,,,20
6911dd27601b9b0012b3819b,Delicia Masreya Pipe 400 Gram,Made From Mix 30% Durum Wheat 70% Wheat Flour,5.02,,,500,20,Carton,Delicia-Masreya,False,physical,https://cdn.swell.store/sodu/68f8f5a48e4f380012de0422/4a065666d38693de362b41d386333a2b/473351160-16-pipe.jpg,Delicia-Masreya,delicia-masreya@sodu.com,123,USD,Pasta,Delicia-Masreya-Pipe-400-Gram,0,0,15,45,,,20
6911dd27601b9b0012b3818c,Delicia Masreya Pipe 500 Gram,Made From Mix 30% Durum Wheat 70% Wheat Flour,6.3,,,500,20,Carton,Delicia-Masreya,False,physical,https://cdn.swell.store/sodu/68f8f5a78e4f380012de0444/4a065666d38693de362b41d386333a2b/473351160-16-pipe.jpg,Delicia-Masreya,delicia-masreya@sodu.com,123,USD,Pasta,Delicia-Masreya-Pipe-500-Gram,0,0,15,45,,,20
6911dd26601b9b0012b3817d,Delicia Masreya Rice 250 Gram,Made From Mix 30% Durum Wheat 70% Wheat Flour,3.1,,,500,20,Carton,Delicia-Masreya,False,physical,https://cdn.swell.store/sodu/68f8f5aa8e4f380012de047f/7e48c7e9f7ee3f6d1c5b0257698f6113/473351055-03-rice.jpg,Delicia-Masreya,delicia-masreya@sodu.com,123,USD,Pasta,Delicia-Masreya-Rice-250-Gram,0,0,15,45,,,20
6911dd26601b9b0012b3816d,Delicia Masreya Rice 400 Gram,Made From Mix 30% Durum Wheat 70% Wheat Flour,5.02,,,500,20,Carton,Delicia-Masreya,False,physical,https://cdn.swell.store/sodu/68f8f5ae8e4f380012de049c/7e48c7e9f7ee3f6d1c5b0257698f6113/473351055-03-rice.jpg,Delicia-Masreya,delicia-masreya@sodu.com,123,USD,Pasta,Delicia-Masreya-Rice-400-Gram,0,0,15,45,,,20
6911dd25601b9b0012b3815c,Delicia Masreya Rice 500 Gram,Made From Mix 30% Durum Wheat 70% Wheat Flour,6.3,,,500,20,Carton,Delicia-Masreya,False,physical,https://cdn.swell.store/sodu/68f8f5b28e4f380012de04bb/7e48c7e9f7ee3f6d1c5b0257698f6113/473351055-03-rice.jpg,Delicia-Masreya,delicia-masreya@sodu.com,123,USD,Pasta,Delicia-Masreya-Rice-500-Gram,0,0,15,45,,,20
6911dd25601b9b0012b3814d,Delicia Masreya Shells 250 Gram,Made From Mix 30% Durum Wheat 70% Wheat Flour,3.1,,,500,20,Carton,Delicia-Masreya,False,physical,https://cdn.swell.store/sodu/68f8f5b68e4f380012de04f3/e4e1a51e3739750c4ab0b75237fd3ed1/473351062-04-shells.jpg,Delicia-Masreya,delicia-masreya@sodu.com,123,USD,Pasta,Delicia-Masreya-Shells-250-Gram,0,0,15,45,,,20
6911dd24601b9b0012b3813e,Delicia Masreya Shells 400 Gram,Made From Mix 30% Durum Wheat 70% Wheat Flour,5.02,,,500,20,Carton,Delicia-Masreya,False,physical,https://cdn.swell.store/sodu/68f8f5bc8e4f380012de051c/e4e1a51e3739750c4ab0b75237fd3ed1/473351062-04-shells.jpg,Delicia-Masreya,delicia-masreya@sodu.com,123,USD,Pasta,Delicia-Masreya-Shells-400-Gram,0,0,15,45,,,20
6911dd24601b9b0012b38122,Delicia Masreya Shells 500 Gram,Made From Mix 30% Durum Wheat 70% Wheat Flour,6.3,,,500,20,Carton,Delicia-Masreya,False,physical,https://cdn.swell.store/sodu/68f8f5c08e4f380012de0556/e4e1a51e3739750c4ab0b75237fd3ed1/473351062-04-shells.jpg,Delicia-Masreya,delicia-masreya@sodu.com,123,USD,Pasta,Delicia-Masreya-Shells-500-Gram,0,0,15,45,,,20
6911dd23601b9b0012b38111,Delicia Masreya Small Rings 250 Gram,Made From Mix 30% Durum Wheat 70% Wheat Flour,3.1,,,500,20,Carton,Delicia-Masreya,False,physical,https://cdn.swell.store/sodu/68f8f5c48e4f380012de057f/4ce4cf68c0dc9e17707301eaa29f2ae8/473351068-05-small-rings.jpg,Delicia-Masreya,delicia-masreya@sodu.com,123,USD,Pasta,Delicia-Masreya-Small-Rings-250-Gram,0,0,15,45,,,20
6911dd23601b9b0012b38102,Delicia Masreya Small Rings 400 Gram,Made From Mix 30% Durum Wheat 70% Wheat Flour,5.02,,,500,20,Carton,Delicia-Masreya,False,physical,https://cdn.swell.store/sodu/68f8f5c88e4f380012de05ad/4ce4cf68c0dc9e17707301eaa29f2ae8/473351068-05-small-rings.jpg,Delicia-Masreya,delicia-masreya@sodu.com,123,USD,Pasta,Delicia-Masreya-Small-Rings-400-Gram,0,0,15,45,,,20
6911dd22601b9b0012b380f3,Delicia Masreya Small Rings 500 Gram,Made From Mix 30% Durum Wheat 70% Wheat Flour,6.3,,,500,20,Carton,Delicia-Masreya,False,physical,https://cdn.swell.store/sodu/68f8f5cc8e4f380012de05cb/4ce4cf68c0dc9e17707301eaa29f2ae8/473351068-05-small-rings.jpg,Delicia-Masreya,delicia-masreya@sodu.com,123,USD,Pasta,Delicia-Masreya-Small-Rings-500-Gram,0,0,15,45,,,20
6911dd22601b9b0012b380e2,Delicia Masreya Spaghetti 250 Gram,Made From Mix 30% Durum Wheat 70% Wheat Flour,2.99,,,500,20,Carton,Delicia-Masreya,False,physical,https://cdn.swell.store/sodu/68f8f5ce8e4f380012de05eb/f5619586badb86a2d5c750c3e9dca0f6/473351172-01-spaghetti.jpg,Delicia-Masreya,delicia-masreya@sodu.com,123,USD,Pasta,Delicia-Masreya-Spaghetti-250-Gram,0,0,15,45,,,20
6911dd21601b9b0012b380d1,Delicia Masreya Spaghetti 400 Gram,Made From Mix 30% Durum Wheat 70% Wheat Flour,4.85,,,500,20,Carton,Delicia-Masreya,False,physical,https://cdn.swell.store/sodu/68f8f5d08e4f380012de0603/f5619586badb86a2d5c750c3e9dca0f6/473351172-01-spaghetti.jpg,Delicia-Masreya,delicia-masreya@sodu.com,123,USD,Pasta,Delicia-Masreya-Spaghetti-400-Gram,0,0,15,45,,,20
6911dd21601b9b0012b380be,Delicia Masreya Spaghetti 500 Gram,Made From Mix 30% Durum Wheat 70% Wheat Flour,6.09,,,500,20,Carton,Delicia-Masreya,False,physical,https://cdn.swell.store/sodu/68f8f5d28e4f380012de061d/f5619586badb86a2d5c750c3e9dca0f6/473351172-01-spaghetti.jpg,Delicia-Masreya,delicia-masreya@sodu.com,123,USD,Pasta,Delicia-Masreya-Spaghetti-500-Gram,0,0,15,45,,,20
6911dd20601b9b0012b380af,Delicia Masreya Twist 250 Gram,Made From Mix 30% Durum Wheat 70% Wheat Flour,3.1,,,500,20,Carton,Delicia-Masreya,False,physical,https://cdn.swell.store/sodu/68f8f5d58e4f380012de0646/2ad4ba0800aae3aa5a6bca40d7b4af98/473351155-15-twist.jpg,Delicia-Masreya,delicia-masreya@sodu.com,123,USD,Pasta,Delicia-Masreya-Twist-250-Gram,0,0,15,45,,,20
6911dd20601b9b0012b3809e,Delicia Masreya Twist 400 Gram,Made From Mix 30% Durum Wheat 70% Wheat Flour,5.02,,,500,20,Carton,Delicia-Masreya,False,physical,https://cdn.swell.store/sodu/68f8f5d98e4f380012de066f/2ad4ba0800aae3aa5a6bca40d7b4af98/473351155-15-twist.jpg,Delicia-Masreya,delicia-masreya@sodu.com,123,USD,Pasta,Delicia-Masreya-Twist-400-Gram,0,0,15,45,,,20
6911dd20601b9b0012b38089,Delicia Masreya Twist 500 Gram,Made From Mix 30% Durum Wheat 70% Wheat Flour,6.3,,,500,20,Carton,Delicia-Masreya,False,physical,https://cdn.swell.store/sodu/68f8f5dd8e4f380012de068f/2ad4ba0800aae3aa5a6bca40d7b4af98/473351155-15-twist.jpg,Delicia-Masreya,delicia-masreya@sodu.com,123,USD,Pasta,Delicia-Masreya-Twist-500-Gram,0,0,15,45,,,20
6911dd1f601b9b0012b3807b,Delicia Masreya Vermicelli 250 Gram,Made From Mix 30% Durum Wheat 70% Wheat Flour,3.1,,,500,20,Carton,Delicia-Masreya,False,physical,https://cdn.swell.store/sodu/68f8f5e18e4f380012de06b3/55f138e23813f0b1cbb30d8ba1b6e0f0/473351070-06-vermicelli.jpg,Delicia-Masreya,delicia-masreya@sodu.com,123,USD,Pasta,Delicia-Masreya-Vermicelli-250-Gram,0,0,15,45,,,20
6911dd1e601b9b0012b3806e,Delicia Masreya Vermicelli 400 Gram,Made From Mix 30% Durum Wheat 70% Wheat Flour,5.02,,,500,20,Carton,Delicia-Masreya,False,physical,https://cdn.swell.store/sodu/68f8f5e48e4f380012de06d5/55f138e23813f0b1cbb30d8ba1b6e0f0/473351070-06-vermicelli.jpg,Delicia-Masreya,delicia-masreya@sodu.com,123,USD,Pasta,Delicia-Masreya-Vermicelli-400-Gram,0,0,15,45,,,20
6911dd1e601b9b0012b38060,Delicia Masreya Vermicelli 500 Gram,Made From Mix 30% Durum Wheat 70% Wheat Flour,6.3,,,500,20,Carton,Delicia-Masreya,False,physical,https://cdn.swell.store/sodu/68f8f5e78e4f380012de06f6/55f138e23813f0b1cbb30d8ba1b6e0f0/473351070-06-vermicelli.jpg,Delicia-Masreya,delicia-masreya@sodu.com,123,USD,Pasta,Delicia-Masreya-Vermicelli-500-Gram,0,0,15,45,,,20
691033e000eacc0013426bff,Yummy Noodles - 70g (Multiple Flavors) ,Yummy Noodles - 70g (Multiple Flavors) ,4.6,,,200,40,Carton,Silo Foods,False,physical,https://cdn.swell.store/sodu/691033e000eacc0013426bfd/e8d224e2e5ea1d83bf2d29f10b69777f/22.png.webp,Silo Foods,silofoods@sodu.com,,USD,Pasta,Yummy-Noodles-70g-(Multiple-Flavors)-,2000,4000,25,35,33 x 20 x 22 cm,,40
691033df00eacc0013426be6,Khatira Vermicelli - 280g ,Khatira Vermicelli - 280g ,2.99,,,230,20,Carton,Silo Foods,False,physical,https://cdn.swell.store/sodu/691033df00eacc0013426be4/358d0039a0e94330b94b1ec4e217c0aa/TijaraHub__21_.png.webp,Silo Foods,silofoods@sodu.com,,USD,Pasta,Khatira-Vermicelli-280g-,2300,4600,25,35,45 x 17 x 15 cm,,20
691033de00eacc0013426bcf,Khatira Spaghetti - 280g ,Khatira Spaghetti - 280g ,2.99,,,227,20,Carton,Silo Foods,False,physical,https://cdn.swell.store/sodu/691033dd00eacc0013426bcd/7cbd790ec1aeee67878329f0e706fa94/TijaraHub_15.png.webp,Silo Foods,silofoods@sodu.com,,USD,Pasta,Khatira-Spaghetti-280g-,2275,4550,25,35,25 x 9 x 28 cm,,20
691033dc00eacc0013426bb7,Khatira Small Rings Pasta - 280g ,Khatira Small Rings Pasta - 280g ,2.99,,,227,20,Carton,Silo Foods,False,physical,https://cdn.swell.store/sodu/691033dc00eacc0013426bb5/a019dc28e5b9bb84303a5e34a5fbf610/TijaraHub_19.png.webp,Silo Foods,silofoods@sodu.com,,USD,Pasta,Khatira-Small-Rings-Pasta-280g-,2275,4550,25,35,48 x 18 x 15 cm,,20
691033db00eacc0013426b9e,Khatira Risoni Pasta - 280g ,Khatira Risoni Pasta - 280g ,2.99,,,227,20,Carton,Silo Foods,False,physical,https://cdn.swell.store/sodu/691033db00eacc0013426b9c/6ab7e39fb7b3484ae093637757e06567/TijaraHub__20_.jpg.webp,Silo Foods,silofoods@sodu.com,,USD,Pasta,Khatira-Risoni-Pasta-280g-,2275,4550,25,35,46 x 16 x 11 cm,,20
691033da00eacc0013426b83,Khatira Penne Pasta - 280g ,Khatira Penne Pasta - 280g ,2.99,,,160,20,Carton,Silo Foods,False,physical,https://cdn.swell.store/sodu/691033da00eacc0013426b71/08fd7464821e2bded2021188d5ee7f64/TijaraHub__17_.jpg.webp,Silo Foods,silofoods@sodu.com,,USD,Pasta,Khatira-Penne-Pasta-280g-,1600,3200,25,35,48 x 19 x 20 cm,,20
691033d900eacc0013426b43,Khatira Elbow Pasta - 280g ,Khatira Elbow Pasta - 280g ,2.99,,,200,20,Carton,Silo Foods,False,physical,https://cdn.swell.store/sodu/691033d800eacc0013426b34/46ec430c22b9a3f5787091e9d966c72c/TijaraHub__16__m7it-12.jpg.webp,Silo Foods,silofoods@sodu.com,,USD,Pasta,Khatira-Elbow-Pasta-280g-,2000,4000,25,35,46 x 18 x 17 cm,,20
691033d700eacc0013426b1c,Khatira Big Rings Pasta - 280g ,Khatira Big Rings Pasta - 280g ,2.99,,,167,20,Carton,Silo Foods,False,physical,https://cdn.swell.store/sodu/691033d700eacc0013426b1a/4e45e8c65a89633573d3e522ba20803c/TijaraHub__18_.jpg.webp,Silo Foods,silofoods@sodu.com,,USD,Pasta,Khatira-Big-Rings-Pasta-280g-,1675,3350,25,35,47 x 21 x 18 cm,,20
691033d600eacc0013426b06,Cairo Vermicelli Pasta - 400g ,Cairo Vermicelli Pasta - 400g ,4.28,,,165,20,Carton,Silo Foods,False,physical,https://cdn.swell.store/sodu/691033d600eacc0013426b03/1ca05dee6db800e43670ecb27183443b/TijaraHub__7__tbzg-jg.jpg.webp,Silo Foods,silofoods@sodu.com,,USD,Pasta,Cairo-Vermicelli-Pasta-400g-,1650,3300,25,35,39 x 29 x 19 cm,,20
691033d500eacc0013426aee,Cairo Vermicelli Pasta - 300g ,Cairo Vermicelli Pasta - 300g ,3.21,,,217,20,Carton,Silo Foods,False,physical,https://cdn.swell.store/sodu/691033d500eacc0013426aec/1ca05dee6db800e43670ecb27183443b/TijaraHub__7__tbzg-jg.jpg.webp,Silo Foods,silofoods@sodu.com,,USD,Pasta,Cairo-Vermicelli-Pasta-300g-,2175,4350,25,35,45 x 17 x 15 cm,,20
691033d400eacc0013426ad9,Cairo Vermicelli Pasta - 1 Kilogram ,Cairo Vermicelli Pasta - 1 Kilogram ,5.35,,,132,10,Carton,Silo Foods,False,physical,https://cdn.swell.store/sodu/691033d400eacc0013426ad6/1ca05dee6db800e43670ecb27183443b/TijaraHub__7__tbzg-jg.jpg.webp,Silo Foods,silofoods@sodu.com,,USD,Pasta,Cairo-Vermicelli-Pasta-1-Kilogram-,1325,2650,25,35,39 x 29 x 19 cm,,10
691033d200eacc0013426aba,Cairo Spaghetti Pasta - 500 gm ,Cairo Spaghetti Pasta - 500 gm ,5.35,,,132,20,Carton,Silo Foods,False,physical,https://cdn.swell.store/sodu/691033d200eacc0013426ab7/7b98b4bcc9b60d18431ac1c96a219746/TijaraHub__35__p0vu-9e.jpg.webp,Silo Foods,silofoods@sodu.com,,USD,Pasta,Cairo-Spaghetti-Pasta-500-gm-,1325,2650,25,35,39 x 29 x 19 cm,,20
691033d100eacc0013426a99,Cairo Spaghetti Pasta - 400g ,Cairo Spaghetti Pasta - 400g ,4.28,,,165,20,Carton,Silo Foods,False,physical,https://cdn.swell.store/sodu/691033d100eacc0013426a95/7b98b4bcc9b60d18431ac1c96a219746/TijaraHub__1__tw35-mm.jpg.webp,Silo Foods,silofoods@sodu.com,,USD,Pasta,Cairo-Spaghetti-Pasta-400g-,1650,3300,25,35,39 x 29 x 19 cm,,20
691033d000eacc0013426a81,Cairo Spaghetti Pasta - 300g ,Cairo Spaghetti Pasta - 300g ,3.21,,,217,20,Carton,Silo Foods,False,physical,https://cdn.swell.store/sodu/691033d000eacc0013426a7e/7b98b4bcc9b60d18431ac1c96a219746/TijaraHub__1__tw35-mm.jpg.webp,Silo Foods,silofoods@sodu.com,,USD,Pasta,Cairo-Spaghetti-Pasta-300g-,2175,4350,25,35,25 x 9 x 28 cm,,20
691033cf00eacc0013426a6b,Cairo Small Rings Pasta - 400g ,Cairo Small Rings Pasta - 400g ,4.28,,,165,20,Carton,Silo Foods,False,physical,https://cdn.swell.store/sodu/691033ce00eacc0013426a68/baf7ac63de85b9f317481d39ca61e2fb/TijaraHub__5_.png.webp,Silo Foods,silofoods@sodu.com,,USD,Pasta,Cairo-Small-Rings-Pasta-400g-,1650,3300,25,35,39 x 29 x 19 cm,,20
691033ce00eacc0013426a4f,Cairo Small Rings Pasta - 300g ,Cairo Small Rings Pasta - 300g ,3.21,,,217,20,Carton,Silo Foods,False,physical,https://cdn.swell.store/sodu/691033cd00eacc0013426a4d/baf7ac63de85b9f317481d39ca61e2fb/TijaraHub__5_.png.webp,Silo Foods,silofoods@sodu.com,,USD,Pasta,Cairo-Small-Rings-Pasta-300g-,2175,4350,25,35,48 x 18 x 15 cm,,20
691033cd00eacc0013426a33,Cairo Small Rings Pasta - 1 Kilogram ,Cairo Small Rings Pasta - 1 Kilogram ,5.35,,,132,10,Carton,Silo Foods,False,physical,https://cdn.swell.store/sodu/691033cc00eacc0013426a30/baf7ac63de85b9f317481d39ca61e2fb/TijaraHub__5_.png.webp,Silo Foods,silofoods@sodu.com,,USD,Pasta,Cairo-Small-Rings-Pasta-1-Kilogram-,1325,2650,25,35,39 x 29 x 19 cm,,10
691033cb00eacc0013426a1c,Cairo Risoni Pasta - 400g ,Cairo Risoni Pasta - 400g ,4.28,,,165,20,Carton,Silo Foods,False,physical,https://cdn.swell.store/sodu/691033cb00eacc0013426a18/2986b58df752d7783dd832bca648f793/TijaraHub__6_.png.webp,Silo Foods,silofoods@sodu.com,,USD,Pasta,Cairo-Risoni-Pasta-400g-,1650,3300,25,35,39 x 29 x 19 cm,,20
691033ca00eacc0013426a00,Cairo Risoni Pasta - 300g ,Cairo Risoni Pasta - 300g ,3.21,,,217,20,Carton,Silo Foods,False,physical,https://cdn.swell.store/sodu/691033ca00eacc00134269fa/2986b58df752d7783dd832bca648f793/TijaraHub__6_.png.webp,Silo Foods,silofoods@sodu.com,,USD,Pasta,Cairo-Risoni-Pasta-300g-,2175,4350,25,35,46 x 16 x 11 cm,,20
691033c900eacc00134269e5,Cairo Penne Pasta - 400g ,Cairo Penne Pasta - 400g ,4.28,,,115,20,Carton,Silo Foods,False,physical,https://cdn.swell.store/sodu/691033c800eacc00134269e2/a269fa5690f8d3bef62c97cb9396d863/TijaraHub__30_.png.webp,Silo Foods,silofoods@sodu.com,,USD,Pasta,Cairo-Penne-Pasta-400g-,1150,2300,25,35,39 x 29 x 19 cm,,20
691033c700eacc00134269ca,Cairo Penne Pasta - 300g ,Cairo Penne Pasta - 300g ,3.21,,,150,20,Carton,Silo Foods,False,physical,https://cdn.swell.store/sodu/691033c600eacc00134269c8/a269fa5690f8d3bef62c97cb9396d863/TijaraHub__3__zykc-er.png.webp,Silo Foods,silofoods@sodu.com,,USD,Pasta,Cairo-Penne-Pasta-300g-,1500,3000,25,35,48 x 19 x 20 cm,,20
691033c400eacc00134269ae,Cairo Penne Pasta - 1 Kilogram ,Cairo Penne Pasta - 1 Kilogram ,5.35,,,100,10,Carton,Silo Foods,False,physical,https://cdn.swell.store/sodu/691033c400eacc00134269a9/a269fa5690f8d3bef62c97cb9396d863/TijaraHub__37_.png.webp,Silo Foods,silofoods@sodu.com,,USD,Pasta,Cairo-Penne-Pasta-1-Kilogram-,1000,2000,25,35,39 x 29 x 19 cm,,10
691033c300eacc0013426991,Cairo Elbow Pasta - 400g ,Cairo Elbow Pasta - 400g ,4.28,,,150,20,Carton,Silo Foods,False,physical,https://cdn.swell.store/sodu/691033c300eacc001342698e/d499a9547e5b185c0de15f6041c8b794/TijaraHub__2_.jpg.webp,Silo Foods,silofoods@sodu.com,,USD,Pasta,Cairo-Elbow-Pasta-400g-,1500,3000,25,35,39 x 29 x 19 cm,,20
691033c200eacc0013426978,Cairo Elbow Pasta - 300g ,Cairo Elbow Pasta - 300g ,3.21,,,205,20,Carton,Silo Foods,False,physical,https://cdn.swell.store/sodu/691033c200eacc0013426976/d499a9547e5b185c0de15f6041c8b794/TijaraHub__2_.jpg.webp,Silo Foods,silofoods@sodu.com,,USD,Pasta,Cairo-Elbow-Pasta-300g-,2050,4100,25,35,46 x 18 x 17 cm,,20
691033c100eacc0013426961,Cairo Elbow Pasta - 1 Kilogram ,Cairo Elbow Pasta - 1 Kilogram ,5.35,,,122,10,Carton,Silo Foods,False,physical,https://cdn.swell.store/sodu/691033c100eacc001342695e/d499a9547e5b185c0de15f6041c8b794/TijaraHub__2_.jpg.webp,Silo Foods,silofoods@sodu.com,,USD,Pasta,Cairo-Elbow-Pasta-1-Kilogram-,1225,2450,25,35,39 x 29 x 19 cm,,10
691033c000eacc0013426949,Cairo Big Rings Pasta - 400g ,Cairo Big Rings Pasta - 400g ,4.28,,,125,20,Carton,Silo Foods,False,physical,https://cdn.swell.store/sodu/691033bf00eacc0013426946/3b8f499cf05effdd11161e3fa2ab99eb/TijaraHub__4_.png.webp,Silo Foods,silofoods@sodu.com,,USD,Pasta,Cairo-Big-Rings-Pasta-400g-,1250,2500,25,35,39 x 29 x 19 cm,,20
691033bf00eacc001342692f,Cairo Big Rings Pasta - 300g ,Cairo Big Rings Pasta - 300g ,3.21,,,157,20,Carton,Silo Foods,False,physical,https://cdn.swell.store/sodu/691033bf00eacc001342692d/3b8f499cf05effdd11161e3fa2ab99eb/TijaraHub__4_.png.webp,Silo Foods,silofoods@sodu.com,,USD,Pasta,Cairo-Big-Rings-Pasta-300g-,1575,3150,25,35,47 x 21 x 18 cm,,20
691033be00eacc001342691b,Cairo Big Rings Pasta - 1 Kilogram ,Cairo Big Rings Pasta - 1 Kilogram ,5.35,,,110,10,Carton,Silo Foods,False,physical,https://cdn.swell.store/sodu/691033be00eacc0013426919/3b8f499cf05effdd11161e3fa2ab99eb/TijaraHub__4_.png.webp,Silo Foods,silofoods@sodu.com,,USD,Pasta,Cairo-Big-Rings-Pasta-1-Kilogram-,1100,2200,25,35,39 x 29 x 19 cm,,10
691033bc00eacc0013426905,Basata Vermicelli - 350g ,Basata Vermicelli - 350g ,3.74,,,187,20,Carton,Silo Foods,False,physical,https://cdn.swell.store/sodu/691033bc00eacc0013426902/50804a4c365da938fbc12f448b382ff3/TijaraHub__13__8n1v-g2.jpg.webp,Silo Foods,silofoods@sodu.com,,USD,Pasta,Basata-Vermicelli-350g-,1875,3750,25,35,44 x 19 x 16 cm,,20
691033bb00eacc00134268ef,Basata Vermicelli - 1 Kilogram ,Basata Vermicelli - 1 Kilogram ,5.35,,,132,10,Carton,Silo Foods,False,physical,https://cdn.swell.store/sodu/691033bb00eacc00134268ec/50804a4c365da938fbc12f448b382ff3/TijaraHub__13__8n1v-g2.jpg.webp,Silo Foods,silofoods@sodu.com,,USD,Pasta,Basata-Vermicelli-1-Kilogram-,1325,2650,25,35,39 x 29 x 19 cm,,10
691033ba00eacc00134268d4,Basata Spaghetti Pasta - 350g ,Basata Spaghetti Pasta - 350g ,3.74,,,187,20,Carton,Silo Foods,False,physical,https://cdn.swell.store/sodu/691033ba00eacc00134268d2/bccd1b7ec7e0c540aa5c70951a49f59c/TijaraHub__8__e699-d7.jpg.webp,Silo Foods,silofoods@sodu.com,,USD,Pasta,Basata-Spaghetti-Pasta-350g-,1875,3750,25,35,25 x 12 x 28 cm,,20
691033b900eacc00134268ba,Basata Spaghetti Pasta - 1 Kilogram ,Basata Spaghetti Pasta - 1 Kilogram ,5.35,,,132,20,Carton,Silo Foods,False,physical,https://cdn.swell.store/sodu/691033b900eacc00134268b5/bccd1b7ec7e0c540aa5c70951a49f59c/TijaraHub__8__e699-d7.jpg.webp,Silo Foods,silofoods@sodu.com,,USD,Pasta,Basata-Spaghetti-Pasta-1-Kilogram-,1325,2650,25,35,39 x 29 x 19 cm,,20
691033b800eacc001342689f,Basata Small Rings Pasta - 350g ,Basata Small Rings Pasta - 350g ,5.35,,,187,20,Carton,Silo Foods,False,physical,https://cdn.swell.store/sodu/691033b700eacc001342689c/5fc173ec017e224a0b5c9dc6e690b00f/TijaraHub__12__ed32-ro.jpg.webp,Silo Foods,silofoods@sodu.com,,USD,Pasta,Basata-Small-Rings-Pasta-350g-,1875,3750,25,35,48 x 19 x 15 cm,,20
691033b700eacc0013426887,Basata Small Rings Pasta - 1 Kilogram ,Basata Small Rings Pasta - 1 Kilogram ,5.35,,,132,10,Carton,Silo Foods,False,physical,https://cdn.swell.store/sodu/691033b600eacc0013426884/5fc173ec017e224a0b5c9dc6e690b00f/TijaraHub__12__ed32-ro.jpg.webp,Silo Foods,silofoods@sodu.com,,USD,Pasta,Basata-Small-Rings-Pasta-1-Kilogram-,1325,2650,25,35,39 x 29 x 19 cm,,10
691033b500eacc0013426869,Basata Rice - 350g ,Basata Rice - 350g ,3.74,,,187,20,Carton,Silo Foods,False,physical,https://cdn.swell.store/sodu/691033b500eacc0013426865/50804a4c365da938fbc12f448b382ff3/TijaraHub__13__7hff-3l.jpg.webp,Silo Foods,silofoods@sodu.com,,USD,Pasta,Basata-Rice-350g-,1875,3750,25,35,41 x 17 x 14 cm,,20
691033b400eacc0013426850,Basata Penne Pasta - 350g ,Basata Penne Pasta - 350g ,3.74,,,132,20,Carton,Silo Foods,False,physical,https://cdn.swell.store/sodu/691033b400eacc001342684c/44f17a21cff382a71f709ef8b69baa59/TijaraHub__10_.png.webp,Silo Foods,silofoods@sodu.com,,USD,Pasta,Basata-Penne-Pasta-350g-,1325,2650,25,35,50 x 21 x 21 cm,,20
691033b300eacc001342683a,Basata Penne Pasta - 1 Kilogram ,Basata Penne Pasta - 1 Kilogram ,5.71,,,100,10,Carton,Silo Foods,False,physical,https://cdn.swell.store/sodu/691033b300eacc0013426837/44f17a21cff382a71f709ef8b69baa59/TijaraHub__46_.png.webp,Silo Foods,silofoods@sodu.com,,USD,Pasta,Basata-Penne-Pasta-1-Kilogram-,1000,2000,25,35,39 x 29 x 19 cm,,10
691033b200eacc0013426822,Basata Elbow Pasta - 350g ,Basata Elbow Pasta - 350g ,3.74,,,172,20,Carton,Silo Foods,False,physical,https://cdn.swell.store/sodu/691033b100eacc001342681f/02b87a1f0b4e6a841430bf183720f538/TijaraHub__9__2km5-j4.jpg.webp,Silo Foods,silofoods@sodu.com,,USD,Pasta,Basata-Elbow-Pasta-350g-,1725,3450,25,35,46 x 20 x 19 cm,,20
691033b100eacc001342680a,Basata Elbow Pasta - 1 Kilogram ,Basata Elbow Pasta - 1 Kilogram ,5.35,,,122,10,Carton,Silo Foods,False,physical,https://cdn.swell.store/sodu/691033b000eacc0013426808/02b87a1f0b4e6a841430bf183720f538/TijaraHub__9__2km5-j4.jpg.webp,Silo Foods,silofoods@sodu.com,,USD,Pasta,Basata-Elbow-Pasta-1-Kilogram-,1225,2450,25,35,39 x 29 x 19 cm,,10
691033af00eacc00134267ed,Basata Big Rings Pasta - 350g ,Basata Big Rings Pasta - 350g ,3.74,,,140,20,Carton,Silo Foods,False,physical,https://cdn.swell.store/sodu/691033af00eacc00134267eb/5263b1262a7ea0a1d9ac2d48e321ae77/TijaraHub__11__vha2-c8.jpg.webp,Silo Foods,silofoods@sodu.com,,USD,Pasta,Basata-Big-Rings-Pasta-350g-,1400,2800,25,35,51 x 21 x 20 cm,,20
691033ae00eacc00134267d0,Basata Big Rings Pasta - 1 Kilogram ,Basata Big Rings Pasta - 1 Kilogram ,5.35,,,110,10,Carton,Silo Foods,False,physical,https://cdn.swell.store/sodu/691033ae00eacc00134267ce/5263b1262a7ea0a1d9ac2d48e321ae77/TijaraHub__11__vha2-c8.jpg.webp,Silo Foods,silofoods@sodu.com,,USD,Pasta,Basata-Big-Rings-Pasta-1-Kilogram-,1100,2200,25,35,39 x 29 x 19 cm,,10
690c316734ce8a00120847c2,Baby Milk Lacto LF Age 0–12 months,Baby Milk Lacto LF Age 0–12 months,5.55,,,105,24,Carton,Lacto,False,physical,https://cdn.swell.store/sodu/690c25ff34ce8a00120804c6/7a4aa441d9240327745c64cbe103f62a/Lacto%20LF.png,Lacto,lacto@sodu.com,,USD,Baby Milk,Baby-Milk-Lacto-LF-Age-0–12-months,0,1056,15,30,32 x 29 x 41 cm,,24
690c316634ce8a00120847ab,Baby Milk Lacto 1 Advance Age 6–12 months,Baby Milk Lacto 1 Advance Age 6–12 months,4.8,,,105,24,Carton,Lacto,False,physical,https://cdn.swell.store/sodu/690c260034ce8a00120804cf/32bdfbc6c01a13877d7849585fb61494/Lacto%202%20Advance.png,Lacto,lacto@sodu.com,,USD,Baby Milk,Baby-Milk-Lacto-1-Advance-Age-6–12-months,0,1056,15,30,32 x 29 x 41 cm,,24
690c316634ce8a001208479a,Baby Milk Lacto 1 Advance Age 0–6 months,Baby Milk Lacto 1 Advance Age 0–6 months,4.7,,,105,24,Carton,Lacto,False,physical,https://cdn.swell.store/sodu/690c260134ce8a00120804d2/07df0c4c5e7f4427e23e50baa5d8a0f3/Lacto%201%20Advance.png,Lacto,lacto@sodu.com,,USD,Baby Milk,Baby-Milk-Lacto-1-Advance-Age-0–6-months,0,1056,15,30,32 x 29 x 41 cm,,24
690c316534ce8a001208478c,Baby Milk Lacto 2 Age 6–12 months,Baby Milk Lacto 2 Age 6–12 months,3.8,,,105,24,Carton,Lacto,False,physical,https://cdn.swell.store/sodu/690c260234ce8a00120804dd/bc311b78940a93e4b7ba1a554081084a/Lacto%202.png,Lacto,lacto@sodu.com,,USD,Baby Milk,Baby-Milk-Lacto-2-Age-6–12-months,0,1056,15,30,32 x 29 x 41 cm,,24
690c316534ce8a001208477b,Baby Milk Lacto 1 Age 0–6 months,Baby Milk Lacto 1 Age 0–6 months,3.7,,,105,24,Carton,Lacto,False,physical,https://cdn.swell.store/sodu/690c260234ce8a00120804e0/b7c434281071905f55505809f0761300/Lacto%201.png,Lacto,lacto@sodu.com,,USD,Baby Milk,Baby-Milk-Lacto-1-Age-0–6-months,0,1056,15,30,32 x 29 x 41 cm,,24
68fa5cf4aa68da0012d3ab1b,Tourist Bubble Wafer (Vanilla),Tourist Bubble Wafer (Vanilla),8.32,,,500,12,Carton,Advanced Food Industries,False,physical,https://cdn.swell.store/sodu/68fa5829aa68da0012d39695/3699bb5812f1331139f099c31449c45b/Tourist%20Bubble%20Wafer%20(Vanilla).jpg,Advanced Food Industries,advancedfoodindustries@sodu.com,,USD,Cake and Cookies,Tourist Bubble Wafer (Vanilla),0,0,15,30,40 x 30 x 18 cm,,12
68fa5cf3aa68da0012d3ab0c,Tourist Bubble Wafer (Chocolate),Tourist Bubble Wafer (Chocolate),8.32,,,500,12,Carton,Advanced Food Industries,False,physical,https://cdn.swell.store/sodu/68fa5828aa68da0012d39690/b131b38aaff9f8ea2ddad722080a9855/Tourist%20Bubble%20Wafer%20(Chocolate).jpg,Advanced Food Industries,advancedfoodindustries@sodu.com,,USD,Cake and Cookies,Tourist Bubble Wafer (Chocolate),0,0,15,30,40 x 30 x 18 cm,,12
68fa5cf3aa68da0012d3aafd,Nibz Toffy (Chewy Candy),Nibz Toffy (Chewy Candy),15.97,,,500,,Carton,Advanced Food Industries,False,physical,https://cdn.swell.store/sodu/68fa5828aa68da0012d3968a/e4ddbf8033ac4d77ef9f61ccc50d8acc/Nibz%20Toffy%20(Chewy%20Candy).jpg,Advanced Food Industries,advancedfoodindustries@sodu.com,,USD,Candy ,Nibz Toffy (Chewy Candy),0,0,15,30,38 x 31 x 19 cm,,
68fa5cf2aa68da0012d3aaee,Nibz Lollipop (9g),Nibz Lollipop (9g),10.51,,,500,10,Carton,Advanced Food Industries,False,physical,https://cdn.swell.store/sodu/68fa5828aa68da0012d39687/4cc3985863cc86de0f30c8f1bec9a8fb/Nibz%20Lollipop%20(9g).jpg,Advanced Food Industries,advancedfoodindustries@sodu.com,,USD,Candy ,Nibz Lollipop (9g),0,0,15,30,36 x 30 x 13 cm,,10
68fa5cf2aa68da0012d3aadf,Nibz Hard Candy,Nibz Hard Candy,5.55,,,500,12,Carton,Advanced Food Industries,False,physical,https://cdn.swell.store/sodu/68fa5827aa68da0012d3967d/896b1aee871215a143566001c3ca34ed/Nibz%20Hard%20Candy.jpg,Advanced Food Industries,advancedfoodindustries@sodu.com,,USD,Candy ,Nibz Hard Candy,0,0,15,30,20 x 18 x 22 cm,,12
68fa5cf1aa68da0012d3aad0,Melouky Jar,Melouky Jar,12.61,,,500,,Carton,Advanced Food Industries,False,physical,https://cdn.swell.store/sodu/68fa5827aa68da0012d39679/359c750ca53b54899b5a2c20787cb67f/Melouky%20Jar.jpg,Advanced Food Industries,advancedfoodindustries@sodu.com,,USD,Candy ,Melouky Jar,0,0,15,30,47 x 32 x 21 cm,,
68fa5cf1aa68da0012d3aac0,Kafaa Wafer Bubbles (Vanilla),Kafaa Wafer Bubbles (Vanilla),6.3,,,500,12,Carton,Advanced Food Industries,False,physical,https://cdn.swell.store/sodu/68fa5827aa68da0012d39671/2e60c12622b668737502b73cbd56af3b/Kafaa%20Wafer%20Bubbles%20(Vanilla).jpg,Advanced Food Industries,advancedfoodindustries@sodu.com,,USD,Cake and Cookies,Kafaa Wafer Bubbles (Vanilla),0,0,15,30,40 x 30 x 18 cm,,12
68fa5cf0aa68da0012d3aab1,Kafaa Wafer Bubbles (Chocolate),Kafaa Wafer Bubbles (Chocolate),6.3,,,500,12,Carton,Advanced Food Industries,False,physical,https://cdn.swell.store/sodu/68fa5826aa68da0012d3966d/9fd2efa39d4c0eb9c97c8496b5f39966/Kafaa%20Wafer%20Bubbles%20(Chocolate).jpg,Advanced Food Industries,advancedfoodindustries@sodu.com,,USD,Cake and Cookies,Kafaa Wafer Bubbles (Chocolate),0,0,15,30,40 x 30 x 18 cm,,12
68fa5cf0aa68da0012d3aaa0,Kafaa Wafer (Vanilla),Kafaa Wafer (Vanilla),6.3,,,500,12,Carton,Advanced Food Industries,False,physical,https://cdn.swell.store/sodu/68fa5826aa68da0012d3966a/e00155347f2feb868c5e48847d19b753/Kafaa%20Wafer%20(Vanilla).jpg,Advanced Food Industries,advancedfoodindustries@sodu.com,,USD,Cake and Cookies,Kafaa Wafer (Vanilla),0,0,15,30,36 x 32 x 23 cm,,12
68fa5cefaa68da0012d3aa90,Kafaa Wafer (Strawberry),Kafaa Wafer (Strawberry),6.3,,,500,12,Carton,Advanced Food Industries,False,physical,https://cdn.swell.store/sodu/68fa5826aa68da0012d39662/29927b1fed249c4ae589665ee5b862e1/Kafaa%20Wafer%20(Strawberry).jpg,Advanced Food Industries,advancedfoodindustries@sodu.com,,USD,Cake and Cookies,Kafaa Wafer (Strawberry),0,0,15,30,36 x 32 x 23 cm,,12
68fa5cefaa68da0012d3aa7f,Kafaa Wafer (Chocolate),Kafaa Wafer (Chocolate),6.3,,,500,12,Carton,Advanced Food Industries,False,physical,https://cdn.swell.store/sodu/68fa5825aa68da0012d3965e/a3dfc5350849715d4270951a56baddbb/Kafaa%20Wafer%20(Chocolate).jpg,Advanced Food Industries,advancedfoodindustries@sodu.com,,USD,Cake and Cookies,Kafaa Wafer (Chocolate),0,0,15,30,36 x 32 x 23 cm,,12
68fa5ceeaa68da0012d3aa6f,Kafaa Wafer (Banana),Kafaa Wafer (Banana),6.3,,,500,12,Carton,Advanced Food Industries,False,physical,https://cdn.swell.store/sodu/68fa5825aa68da0012d3965a/02749806a0419c968077df6833f11383/Kafaa%20Wafer%20(Banana).jpg,Advanced Food Industries,advancedfoodindustries@sodu.com,,USD,Cake and Cookies,Kafaa Wafer (Banana),0,0,15,30,36 x 32 x 23 cm,,12
68fa5ceeaa68da0012d3aa60,Kafaa Biscuit,Kafaa Biscuit,6.3,,,500,6,Carton,Advanced Food Industries,False,physical,https://cdn.swell.store/sodu/68fa5825aa68da0012d39655/cd6df4efd64dae1c05e1fcc5bda7c16c/Kafaa%20Biscuit.jpg,Advanced Food Industries,advancedfoodindustries@sodu.com,,USD,Cake and Cookies,Kafaa Biscuit,0,0,15,30,41 x 25 x 28 cm,,6
68fa5cedaa68da0012d3aa4e,Bakys Tea Biscuit 20 pcs,Bakys Tea Biscuit 20 pcs,5.67,,,500,6,Carton,Advanced Food Industries,False,physical,https://cdn.swell.store/sodu/68fa5824aa68da0012d3964c/562484299a97ba459f53c7eca766ca08/Bakys%20Tea%20Biscuit%2020%20pcs.jpg,Advanced Food Industries,advancedfoodindustries@sodu.com,,USD,Cake and Cookies,Bakys Tea Biscuit 20 pcs,0,0,15,30,37 x 23 x 29 cm,,6
68fa5cedaa68da0012d3aa3f,Bakys Plain Biscuit 20 pcs,Bakys Plain Biscuit 20 pcs,7.56,,,500,6,Carton,Advanced Food Industries,False,physical,https://cdn.swell.store/sodu/68fa5824aa68da0012d39649/841a38cd68fa1de2348a20701d6ee026/Bakys%20Plain%20Biscuit%2020%20pcs.jpg,Advanced Food Industries,advancedfoodindustries@sodu.com,,USD,Cake and Cookies,Bakys Plain Biscuit 20 pcs,0,0,15,30,45 x 21 x 18 cm,,6
68fa5cecaa68da0012d3aa26,Bakys Plain Biscuit 12 pcs,Bakys Plain Biscuit 12 pcs,6.3,,,500,6,Carton,Advanced Food Industries,False,physical,https://cdn.swell.store/sodu/68fa5824aa68da0012d39646/d6e66ddc4e2ef2bbbff0b19c3996d4ce/Bakys%20Plain%20Biscuit%2012%20pcs.jpg,Advanced Food Industries,advancedfoodindustries@sodu.com,,USD,Cake and Cookies,Bakys Plain Biscuit 12 pcs,0,0,15,30,46 x 22 x 20 cm,,6
68fa5cecaa68da0012d3aa19,Bakys Marie 81g,Bakys Marie 81g,7.56,,,500,6,Carton,Advanced Food Industries,False,physical,https://cdn.swell.store/sodu/68fa5823aa68da0012d39643/93ad1330906b3769958ea14d31ea7263/Bakys%20Marie%2081g.jpg,Advanced Food Industries,advancedfoodindustries@sodu.com,,USD,Cake and Cookies,Bakys Marie 81g,0,0,15,30,43 x 23 x 20 cm,,6
68fa5cebaa68da0012d3aa0c,Bakys Marie 42g,Bakys Marie 42g,5.67,,,500,6,Carton,Advanced Food Industries,False,physical,https://cdn.swell.store/sodu/68fa5823aa68da0012d39640/8f00c84f599fe6d293399d9e8d35f4d0/Bakys%20Marie%2042g.jpg,Advanced Food Industries,advancedfoodindustries@sodu.com,,USD,Cake and Cookies,Bakys Marie 42g,0,0,15,30,43 x 29 x 15 cm,,6
68fa5cebaa68da0012d3a9f9,Bakys Finger Biscuit,Bakys Finger Biscuit,7.56,,,500,6,Carton,Advanced Food Industries,False,physical,https://cdn.swell.store/sodu/68fa5823aa68da0012d3963b/07962804b7d8b242c37a54fc2e5236e8/Bakys%20Finger%20Biscuit.jpg,Advanced Food Industries,advancedfoodindustries@sodu.com,,USD,Cake and Cookies,Bakys Finger Biscuit,0,0,15,30,32 x 19 x 22 cm,,6
6900c0c8c272f60012c957a0,Garlic Sauce 25 GM,"Elevate the taste of your daily food with Garlic sauce.
It gives preparations a unique flavor and an exotic aroma to get you on a hunger-spree.
The Garlic is rich in nutrients and vitamins to improve your fitness.
You can use it for day-to-day preparations like gravy and curries",4.33,,,180,100,Carton,Soreel,False,physical,https://cdn.swell.store/sodu/6901f59e7bea030012b71c69/920592f5ba2bc54228ab16d6ab1a41e8/Untitled%20design%20(57).png,Soreel,soreel@sodu.com,,USD,Sauces,Garlic-Sauce-25-GM-2,1800,4000,21,30,21 x 28 x 12 cm,,100
6900c0c6c272f60012c95778,Cowboy sauce 25 GM,"Cow Boy Pizza Sauce is the perfect way to add Western flavor to your homemade pizzas. This robust sauce is made from the finest tomatoes, herbs, and spices, giving your pies a rich and strong flavor. It&#39;s an ideal base for all your favorite pizza toppings, from traditional mozzarella and pepperoni to more creative combinations like pulled pork and jalapeno. Its thick consistency and zesty flavor will take your pizza game to the next level. Enjoy the robust and savory flavor of Cow Boy Pizza Sauce today!",4.16,,,180,100,Carton,Soreel,False,physical,https://cdn.swell.store/sodu/6901f5fd7bea030012b71e13/7fadd32860c6ef4504986b845f1c7168/Untitled%20design%20(58).png,Soreel,soreel@sodu.com,,USD,Sauces,Cowboy-sauce-25-GM-2,1800,4000,21,30,21 x 28 x 12 cm,,100
6900c0c2c272f60012c9571c,B.B.Q Sauce 25 GM,Savour it along with your favourite food on a special occasion along with your favourite ones. It can be used for adding a sauce flavour to your sandwiches. iLou BBQ sauce made from the choicest of ingredients to ensure the perfect taste and flavour. Barbeque sauce with a classic smoky flavour that is perfect for parties and other outdoor events. Savour it along with your favourite food on a special occasion along with your favourite ones. It can be used for adding a sauce flavour to your sandwiches.,3.95,,,180,100,Carton,Soreel,False,physical,https://cdn.swell.store/sodu/6901f6549d71f7001209009e/d5baddfe31bb57c52a7663e314c032ea/Untitled%20design%20(59).png,Soreel,soreel@sodu.com,,USD,Sauces,B.B.Q-Sauce-25-GM-2,1800,4000,21,30,21 x 28 x 12 cm,,100
6900bfeac272f60012c95435,Tiger Sauce 5 KGM,"You can put it over toasted bread and pasta.
You can use to garnish salads.
Rich in taste and aroma.",10.73,,,110,2,Carton,Soreel,False,physical,https://cdn.swell.store/sodu/68f92fc61d0b7e001237edec/e2556fb9a5780a144a3b8b8196244fdf/Tiger%20Sauce%205%20kg.png,Soreel,soreel@sodu.com,,USD,Sauces,Tiger-Sauce-5-KGM,1100,2500,21,30,22 x 48 x 21 cm,,2
6900bfeac272f60012c95427,Syrian Garlic Sauce 5 KGM,"Elevate the taste of your daily food with Garlic sauce.
It gives preparations a unique flavor and an exotic aroma to get you on a hunger-spree.
The Garlic is rich in nutrients and vitamins to improve your fitness.
You can use it for day-to-day preparations like gravy and curries",13.49,,,110,2,Carton,Soreel,False,physical,https://cdn.swell.store/sodu/68f92fc61d0b7e001237ede9/fb8eaffa16d26682688306b7a8353f95/Syrian%20Garlic%20Sauce%205%20KG.png,Soreel,soreel@sodu.com,,USD,Sauces,Syrian-Garlic-Sauce-5-KGM,1100,2500,21,30,22 x 48 x 21 cm,,2
6900bfe9c272f60012c95411,Pizza Sauce 4.25 KGM,"Pizza Sauce is the perfect way to add Western flavor to your homemade pizzas. This robust sauce is made from the finest tomatoes, herbs, and spices, giving your pies a rich and strong flavor.

It's an ideal base for all your favorite pizza toppings, from traditional mozzarella and pepperoni to more creative combinations like pulled pork and jalapeno.

Its thick consistency and zesty flavor will take your pizza game to the next level. Enjoy the robust and savory flavor of Pizza Sauce today!",7.36,,,190,2,Carton,Soreel,False,physical,https://cdn.swell.store/sodu/68f9311e1d0b7e001237f31b/6b7acfd6f30b9911b8df39f51353fa1c/Pizza%20Sauce%204.25%20kg.png,Soreel,soreel@sodu.com,,USD,Sauces,Pizza-Sauce-4.25-KGM,1900,2800,21,30,19 x 24 x 28 cm,,2
6900bfe9c272f60012c95400,Sandwich Mayonnaise 5 KGM ,It is made with natural good quality spice,11.17,,,110,2,Carton,Soreel,False,physical,https://cdn.swell.store/sodu/68f92fc81d0b7e001237ee18/6cd84351367c64bf70ff2e913a02bc30/Mayonnaise%20Sandwich.jpg,Soreel,soreel@sodu.com,,USD,Sauces,Mayonnaise-Sandwich-5-KGM,1100,2500,21,30,22 x 48 x 21 cm,,2
6900bfe8c272f60012c953f0,Sandwich Mayonnaise 400 GM,Make your meal and snacks tasty and healthy,7.58,,,180,12,Carton,Soreel,False,physical,https://cdn.swell.store/sodu/6901f8d52b7c25001238454a/dddd6926cbfca492cde7307ac36abb11/Untitled%20design%20(60).png,Soreel,soreel@sodu.com,,USD,Sauces,Mayonnaise-Sandwich-400-GM,1800,3900,21,30,20 x 26 x 25 cm,,12
6900bfe7c272f60012c953df,Sandwich Mayonnaise 3.5 KGM ,It adds a tangy appetizing taste to your everyday snacks.,16.63,,,95,4,Carton,Soreel,False,physical,https://cdn.swell.store/sodu/68f92fc81d0b7e001237ee18/6cd84351367c64bf70ff2e913a02bc30/Mayonnaise%20Sandwich.jpg,Soreel,soreel@sodu.com,,USD,Sauces,Mayonnaise-Sandwich-3.5-KGM,950,1850,21,30,,,4
6900bfe7c272f60012c953d0,Sandwich Mayonnaise 200 GM,It adds a tangy appetizing taste to your everyday snacks.,9.08,,,120,24,Carton,Soreel,False,physical,https://cdn.swell.store/sodu/6901f95fae55c20012f342fd/89ee6021abfd0033e916e01fa04aa76d/Untitled%20design%20(62).png,Soreel,soreel@sodu.com,,USD,Sauces,Mayonnaise-Sandwich-200-GM,1200,2600,21,30,23 x 35 x 20 cm,,24
6900bfe6c272f60012c953bf,Gourmet Mayonnaise 5 KGM,"You can put it over toasted bread and pasta.
You can use to garnish salads.
Rich in taste and aroma.",17.3,,,110,2,Carton,Soreel,False,physical,https://cdn.swell.store/sodu/68f92fc81d0b7e001237ee1e/9a7bf76aa012fc05de2c3389c2922adf/Mayonnaise%20Gormet%205%20kg.jpg,Soreel,soreel@sodu.com,,USD,Sauces,Mayonnaise-Gourmet-5-KGM,1100,2500,21,30,22 x 48 x 21 cm,,2
6900bfe5c272f60012c953ae,Gourmet Mayonnaise  3.5 KGM,"You can put it over toasted bread and pasta.
You can use to garnish salads.
Rich in taste and aroma.",23.24,,,95,4,Carton,Soreel,False,physical,https://cdn.swell.store/sodu/68f92fc81d0b7e001237ee1e/9a7bf76aa012fc05de2c3389c2922adf/Mayonnaise%20Gormet%205%20kg.jpg,Soreel,soreel@sodu.com,,USD,Sauces,Mayonnaise-Gourmet-3.5-KGM,950,1850,21,30,,,4
6900bfe5c272f60012c9539e,Mayonnaise Classic 400 GM,"It is made with natural good quality spice
Make your meal and snacks tasty and healthy
It adds a tangy appetizing taste to your everyday snacks.
It is made with natural good quality spice, onion, garlic and the goodness of 100 percent natural ingredients.
Make your meal and snacks tasty and healthy.",9.29,,,180,12,Carton,Soreel,False,physical,https://cdn.swell.store/sodu/68f931731d0b7e001237f470/4b3a94e4749ac62d528ab8f579016fd6/Mayonnaise%20Classic%20400%20GM.jpg,Soreel,soreel@sodu.com,,USD,Sauces,Mayonnaise-Classic-400-GM,1800,3900,21,30,20 x 26 x 25 cm,,12
6900bfe4c272f60012c9538b,Mayonnaise Classic 3.5 KGM,"It is made with natural good quality spice
Make your meal and snacks tasty and healthy
It adds a tangy appetizing taste to your everyday snacks.
It is made with natural good quality spice, onion, garlic and the goodness of 100 percent natural ingredients.
Make your meal and snacks tasty and healthy",21.8,,,95,4,Carton,Soreel,False,physical,https://cdn.swell.store/sodu/68f92fc81d0b7e001237ee13/538345c9bb2c28671986edefb3783b9c/Mayonnaise%20Classic%203.5%20Kg.jpg,Soreel,soreel@sodu.com,,USD,Sauces,Mayonnaise-Classic-3.5-KGM,950,1850,21,30,,,4
6900bfe3c272f60012c95379,Mayonnaise Classic 200 GM,It is made with natural good quality spice,11.51,,,120,24,Carton,Soreel,False,physical,https://cdn.swell.store/sodu/68f92fc51d0b7e001237eddd/1d48d64b0b0f59ef6825fcc6fa774614/Mayonnaise%20Classic%20200%20GM.jpg,Soreel,soreel@sodu.com,,USD,Sauces,Mayonnaise-Classic-200-GM,1200,2600,21,30,23 x 35 x 20 cm,,24
6900bfe1c272f60012c9535d,Mayo Ketchup 400 GM,Make your meal and snacks tasty and healthy,8.84,,,180,12,Carton,Soreel,False,physical,https://cdn.swell.store/sodu/68f92fc91d0b7e001237ee3b/4fa112d5304adae61672bb4c71468ecf/Mayo%20Ketchup%20400%20GM.jpg,Soreel,soreel@sodu.com,,USD,Sauces,Mayo-Ketchup-400-GM,1800,3900,21,30,20 x 26 x 25 cm,,12
6900bfe1c272f60012c9534e,Ketchup sachet box 7 GM,"Brings out the best taste properties of your food, adds freshness to the taste.
Use as a garnish for ready meals, to flavor salads or to dip.
Ketchup is a perfect addition to any plate",12.18,,,100,1500,Carton,Soreel,False,physical,https://cdn.swell.store/sodu/68f92fca1d0b7e001237ee44/0f60541b7f8a702834b286117b87e6c0/display%20box%20ketchup.jpg,Soreel,soreel@sodu.com,,USD,Sauces,Ketchup-sachet-box-7-GM,1000,2300,21,30,,,1500
6900bfe0c272f60012c9533a,Ketchup sachet 7 GM,"Brings out the best taste properties of your food, adds freshness to the taste.
Use as a garnish for ready meals, to flavor salads or to dip.
Ketchup is a perfect addition to any plate",8.02,,,155,1000,Carton,Soreel,False,physical,https://cdn.swell.store/sodu/68f92fc91d0b7e001237ee22/8ad61d3c296c2855885d781ce277eb8f/Ketchup%20sachet%20only.png,Soreel,soreel@sodu.com,,USD,Sauces,Ketchup-sachet-7-GM,1550,3300,21,30,19 x 39 x 18 cm,,1000
6900bfdfc272f60012c95329,Ketchup 9 GM,"Brings out the best taste properties of your food, adds freshness to the taste.
Use as a garnish for ready meals, to flavor salads or to dip.
Ketchup is a perfect addition to any plate",9.8,,,145,1000,Carton,Soreel,False,physical,https://cdn.swell.store/sodu/68f92fc91d0b7e001237ee22/8ad61d3c296c2855885d781ce277eb8f/Ketchup%20sachet%20only.png,Soreel,soreel@sodu.com,,USD,Sauces,Ketchup-9-GM,1450,2800,21,30,19 x 39 x 22 cm,,1000
6900bfdec272f60012c95315,Ketchup 400 GM,It adds a tangy appetizing taste to your everyday snacks.,6.61,,,180,12,Carton,Soreel,False,physical,https://cdn.swell.store/sodu/690202c467209a001269586b/39480854858daaaed2cd7831871ba541/Untitled%20design%20(63).png,Soreel,soreel@sodu.com,,USD,Sauces,Ketchup-400-GM,1800,3900,21,30,20 x 26 x 25 cm,,12
6900bfddc272f60012c952ff,Ketchup 4.5 KGM ,"Brings out the best taste properties of your food, adds freshness to the taste.
Use as a garnish for ready meals, to flavor salads or to dip.
Ketchup is a perfect addition to any plate",8.15,,,190,2,Carton,Soreel,False,physical,https://cdn.swell.store/sodu/68f9311f1d0b7e001237f322/c9da006c9ddffb66e896f8c37d480bef/Ketchup%204.5%20kg.png,Soreel,soreel@sodu.com,,USD,Sauces,Ketchup-4.5-KGM-,1900,2800,21,30,19 x 24 x 28 cm,,2
6900bfddc272f60012c952f2,Ketchup 200 GM,"It is made with natural good quality spice, onion, garlic and the goodness of 100 percent natural ingredients.",8,,,120,24,Carton,Soreel,False,physical,https://cdn.swell.store/sodu/68f92fc61d0b7e001237ede4/3c307d0837c9718a90de27df2c3d3e6b/Ketchup%20200%20GM.jpg,Soreel,soreel@sodu.com,,USD,Sauces,Ketchup-200-GM,1200,2600,21,30,23 x 35 x 20 cm,,24
6900bfdcc272f60012c952e2,Hot Sauce 4.25 KGM,"The sauce is healthy and filled with a number of health benefits.
It is a good source of protein, fibre and a few vitamins.",6.44,,,190,2,Carton,Soreel,False,physical,https://cdn.swell.store/sodu/68f9311f1d0b7e001237f31f/6cfd52c4e658af0dd000524f775b8c9e/Hot%20Sauce%204.25%20KG.png,Soreel,soreel@sodu.com,,USD,Sauces,Hot-Sauce-4.25-KGM,1900,2800,21,30,19 x 24 x 28 cm,,2
6900bfdac272f60012c952cf,Hot Ketchup 400 GM,Make your meal and snacks tasty and healthy,6.65,,,180,12,Carton,Soreel,False,physical,https://cdn.swell.store/sodu/68f93e5e1213190012c069df/6e1b7de87b2e2d71532317561d18e19b/Hot%20Ketchup%20400%20GM.jpg,Soreel,soreel@sodu.com,,USD,Sauces,Hot-Ketchup-400-GM,1800,3900,21,30,20 x 26 x 25 cm,,12
6900bfd9c272f60012c952ba,Hot Ketchup 4.5 KGM,"It contains antioxidants and other beneficial plant compounds that help protect your body against damage and disease.
It goes well with burgers, salad dressings and even as a dip with grilled sandwiches and chips.",8.15,,,190,2,Carton,Soreel,False,physical,https://cdn.swell.store/sodu/68f92fc71d0b7e001237edfd/e005256935db5a1685346ab81acc8c2e/Hot%20Ketchup%204.5.jpg,Soreel,soreel@sodu.com,,USD,Sauces,Hot-Ketchup-4.5-KGM,1900,2800,21,30,19 x 24 x 28 cm,,2
6900bfd8c272f60012c952a8,Hot Ketchup 200 GM,"Be it your breakfast or your luncheons add this relishing ketchup to make every bite more healthy and delicious.
Making your refreshments wholesome, it comes with vitamins and proteins along with celery which brings, tomato ketchup is made with sun ripened tomatoes which adds tangy appetizing taste to your everyday snacks.

Good France ketchup is 100% natural with no artificial colour, preservatives or starch.

Be it your breakfast or your luncheons add this relishing ketchup to make every bite more healthy and delicious.

Making your refreshments wholesome, it comes with vitamins and proteins along with celery which brings antioxidant properties to your ketchup along with other minerals, making meals healthier.",8.05,,,120,24,Carton,Soreel,False,physical,https://cdn.swell.store/sodu/68f93e5d1213190012c069db/284d09748bed328d12f7f732c47e7bce/Hot%20Ketchup%20200%20GM.jpg,Soreel,soreel@sodu.com,,USD,Sauces,Hot-Ketchup-200-GM,1200,2600,21,30,23 x 35 x 20 cm,,24
6900bfd7c272f60012c95297,Honey Mustard 4.25 KGM,"It contains antioxidants and other beneficial plant compounds that help protect your body against damage and disease.
It goes well with burgers, salad dressings and even as a dip with grilled sandwiches and chips.",14.25,,,190,2,Carton,Soreel,False,physical,https://cdn.swell.store/sodu/68f92fc91d0b7e001237ee34/f33bebcb2dac1972f81c622ec64d6240/Honey%20Mustard%204.25%20kg.png,Soreel,soreel@sodu.com,,USD,Sauces,Honey-Mustard-4.25-KGM,1900,2800,21,30,19 x 24 x 28 cm,,2
6900bfd7c272f60012c95287,Garlic Sauce 5 KGM,"Elevate the taste of your daily food with Garlic sauce.
It gives preparations a unique flavor and an exotic aroma to get you on a hunger-spree.
The Garlic is rich in nutrients and vitamins to improve your fitness.
You can use it for day-to-day preparations like gravy and curries",12.26,,,110,2,Carton,Soreel,False,physical,https://cdn.swell.store/sodu/68f93e551213190012c069c3/293f31a16d0ed9a4eee08d43c40fcac3/Garlic%20Sauce%205%20KG.jpg,Soreel,soreel@sodu.com,,USD,Sauces,Garlic-Sauce-5-KGM,1100,2500,21,30,22 x 48 x 21 cm,,2
6900bfd6c272f60012c95278,Garlic Sauce 400 GM,"Elevate the taste of your daily food with Garlic sauce.
It gives preparations a unique flavor and an exotic aroma to get you on a hunger-spree.
The Garlic is rich in nutrients and vitamins to improve your fitness.
You can use it for day-to-day preparations like gravy and curries",7.66,,,180,12,Carton,Soreel,False,physical,https://cdn.swell.store/sodu/68f931741d0b7e001237f475/d6230e1ec7b12e7bb278768de5947e17/Garlic%20Sauce%20400%20gm.jpg,Soreel,soreel@sodu.com,,USD,Sauces,Garlic-Sauce-400-GM,1800,3900,21,30,20 x 26 x 25 cm,,12
6900bfd5c272f60012c9525b,Garlic Sauce 25 GM,"Elevate the taste of your daily food with Garlic sauce.
It gives preparations a unique flavor and an exotic aroma to get you on a hunger-spree.
The Garlic is rich in nutrients and vitamins to improve your fitness.
You can use it for day-to-day preparations like gravy and curries",10.1,,,95,250,Carton,Soreel,False,physical,https://cdn.swell.store/sodu/68f92fc61d0b7e001237edef/0de1dd468f55c501c07fefd3aa09b16b/Garlic%20Sauce%2025%20gm.jpg,Soreel,soreel@sodu.com,,USD,Sauces,Garlic-Sauce-25-GM,950,2000,21,30,28 x 41 x 15 cm,,250
6900bfd4c272f60012c95244,Cowboy sauce 5.5 KGM,"Cow Boy Pizza Sauce is the perfect way to add Western flavor to your homemade pizzas. This robust sauce is made from the finest tomatoes, herbs, and spices, giving your pies a rich and strong flavor.

It's an ideal base for all your favorite pizza toppings, from traditional mozzarella and pepperoni to more creative combinations like pulled pork and jalapeno.

Its thick consistency and zesty flavor will take your pizza game to the next level. Enjoy the robust and savory flavor of Cow Boy Pizza Sauce today!",12.93,,,110,2,Carton,Soreel,False,physical,https://cdn.swell.store/sodu/68f92fc91d0b7e001237ee26/b92d226f5242418b5cc8d96e61a5b9ce/Cowboy%20sauce%205.5%20kg.jpg,Soreel,soreel@sodu.com,,USD,Sauces,Cowboy-sauce-5.5-KGM,1100,2500,21,30,,,2
6900bfd3c272f60012c95233,Cowboy sauce 400 GM,"Cow Boy Pizza Sauce is the perfect way to add Western flavor to your homemade pizzas. This robust sauce is made from the finest tomatoes, herbs, and spices, giving your pies a rich and strong flavor.

It's an ideal base for all your favorite pizza toppings, from traditional mozzarella and pepperoni to more creative combinations like pulled pork and jalapeno.

Its thick consistency and zesty flavor will take your pizza game to the next level. Enjoy the robust and savory flavor of Cow Boy Pizza Sauce today!",7.75,,,180,12,Carton,Soreel,False,physical,https://cdn.swell.store/sodu/68f931751d0b7e001237f47a/020c614e78b212a3c26ef30b6b47b0ca/Cowboy%20sauce%20400%20GM.jpg,Soreel,soreel@sodu.com,,USD,Sauces,Cowboy-sauce-400-GM,1800,3900,21,30,20 x 26 x 25 cm,,12
6900bfd1c272f60012c9521b,Cowboy sauce 25 GM,"Cow Boy Pizza Sauce is the perfect way to add Western flavor to your homemade pizzas. This robust sauce is made from the finest tomatoes, herbs, and spices, giving your pies a rich and strong flavor.

It's an ideal base for all your favorite pizza toppings, from traditional mozzarella and pepperoni to more creative combinations like pulled pork and jalapeno.

Its thick consistency and zesty flavor will take your pizza game to the next level. Enjoy the robust and savory flavor of Cow Boy Pizza Sauce today!",9.51,,,95,250,Carton,Soreel,False,physical,https://cdn.swell.store/sodu/68f92fc71d0b7e001237edf9/a5c6e2d500eb42bc23661e5da6c39ce9/Cowboy%20sauce%2025%20GM.jpg,Soreel,soreel@sodu.com,,USD,Sauces,Cowboy-sauce-25-GM,950,2000,21,30,28 x 41 x 15 cm,,250
6900bfd0c272f60012c9520c,Bufflo Sauce 5 KGM ,"It has a rich and tangy taste that will make you enjoy your food even more.
You can also use it as a marinade or seasoning.
And when you're on a healthy diet of salads and raw foods, salad dressings come to the rescue by adding the zing to your life.",15.14,,,110,2,Carton,Soreel,False,physical,https://cdn.swell.store/sodu/68f92fca1d0b7e001237ee59/4247eddb9e423dd353c0e4b5cbdeca60/Bufflo%20Sauce%205kg%20.jpg,Soreel,soreel@sodu.com,,USD,Sauces,Buffalo-Sauce-5-KGM,1100,2500,21,30,22 x 48 x 21 cm,,2
6900bfcfc272f60012c951f6,B.B.Q Sauce 400 GM,"Savour it along with your favourite food on a special occasion along with your favourite ones.
It can be used for adding a sauce flavour to your sandwiches. iLou BBQ sauce made from the choicest of ingredients to ensure the perfect taste and flavour.

Barbeque sauce with a classic smoky flavour that is perfect for parties and other outdoor events.

Savour it along with your favourite food on a special occasion along with your favourite ones.

It can be used for adding a sauce flavour to your sandwiches.",7.06,,,180,12,Carton,Soreel,False,physical,https://cdn.swell.store/sodu/68f9311c1d0b7e001237f30f/62ee81925ab1e60f044084056f44181f/B.B.Q%20Sauce%20400%20GM.jpg,Soreel,soreel@sodu.com,,USD,Sauces,B.B.Q-Sauce-400-GM,1800,3900,21,30,20 x 26 x 25 cm,,12
6900bfcec272f60012c951e5,B.B.Q Sauce 4.5 KGM,"Savour it along with your favourite food on a special occasion along with your favourite ones.
It can be used for adding a sauce flavour to your sandwiches. iLou BBQ sauce made from the choicest of ingredients to ensure the perfect taste and flavour.

Barbeque sauce with a classic smoky flavour that is perfect for parties and other outdoor events.

Savour it along with your favourite food on a special occasion along with your favourite ones.

It can be used for adding a sauce flavour to your sandwiches.",10.26,,,190,2,Carton,Soreel,False,physical,https://cdn.swell.store/sodu/68f92fc71d0b7e001237ee08/476d05b8b8a55913b1ccd02a2ada6f2b/B.B.Q%20Sauce%204.5%20kg.jpg,Soreel,soreel@sodu.com,,USD,Sauces,B.B.Q-Sauce-4.5-KGM,1900,2800,21,30,19 x 24 x 28 cm,,2
6900bfcdc272f60012c951cc,B.B.Q Sauce 25 GM,"Savour it along with your favourite food on a special occasion along with your favourite ones.
It can be used for adding a sauce flavour to your sandwiches. iLou BBQ sauce made from the choicest of ingredients to ensure the perfect taste and flavour.

Barbeque sauce with a classic smoky flavour that is perfect for parties and other outdoor events.

Savour it along with your favourite food on a special occasion along with your favourite ones.

It can be used for adding a sauce flavour to your sandwiches.",9.2,,,95,250,Carton,Soreel,False,physical,https://cdn.swell.store/sodu/68f92fc81d0b7e001237ee0f/57d9e8a09951c300ebeb79dc55d8b46a/B.B.Q%20Sauce%20%2025%20GM.jpg,Soreel,soreel@sodu.com,,USD,Sauces,B.B.Q-Sauce-25-GM,950,2000,21,30,28 x 41 x 15 cm,,250
6900bfccc272f60012c951bb,B.B.Q Sauce 200 GM,"Savour it along with your favourite food on a special occasion along with your favourite ones.
It can be used for adding a sauce flavour to your sandwiches. iLou BBQ sauce made from the choicest of ingredients to ensure the perfect taste and flavour.

Barbeque sauce with a classic smoky flavour that is perfect for parties and other outdoor events.

Savour it along with your favourite food on a special occasion along with your favourite ones.

It can be used for adding a sauce flavour to your sandwiches.",8.43,,,120,24,Carton,Soreel,False,physical,https://cdn.swell.store/sodu/68f931201d0b7e001237f32f/e8b44cba9a0a9124c4d488fcbfc3f811/B.B.Q%20Sauce%20200%20GM.jpg,Soreel,soreel@sodu.com,,USD,Sauces,B.B.Q-Sauce-200-GM,1200,2600,21,30,23 x 35 x 20 cm,,24
6900bfcbc272f60012c951aa,American mustard 400 GM,"Releases a wonderful aroma making the dish taste perfect and making it look complete.
Use it with other spices as part of your spice-mix or make a paste for everyday use. Ilou American Mustard in high in selenium and magnesium.

These are the small round seeds.

They are an important cooking spice in many regional foods and an integral part of the kitchen spices.

Releases a wonderful aroma making the dish taste perfect and making it look complete.

Use it with other spices as part of your spice-mix or make a paste for everyday use.",7.7,,,180,12,Carton,Soreel,False,physical,https://cdn.swell.store/sodu/68f9311d1d0b7e001237f314/c980da4ea0465e0ef9b14b6bd76741df/American%20mustard%20%20400%20GM.jpg,Soreel,soreel@sodu.com,,USD,Sauces,American-mustard-400-GM,1800,3900,21,30,20 x 26 x 25 cm,,12
6900bfcbc272f60012c95199,American mustard 4.25 KGM ,"American Mustard in high in selenium and magnesium.

These are the small round seeds.

They are an important cooking spice in many regional foods and an integral part of the kitchen spices.

Releases a wonderful aroma making the dish taste perfect and making it look complete.

Use it with other spices as part of your spice-mix or make a paste for everyday use.",10.18,,,190,2,Carton,Soreel,False,physical,https://cdn.swell.store/sodu/68f92fc51d0b7e001237ede1/6c90ff57abe6a22ceb7ca25d1ffab5d2/American%20Mustard.jpg,Soreel,soreel@sodu.com,,USD,Sauces,American-mustard-4.25-KGM,1900,2800,21,30,19 x 24 x 28 cm,,2
6900bfc9c272f60012c95178,American mustard 3.5 KGM,"American Mustard in high in selenium and magnesium.

These are the small round seeds.

They are an important cooking spice in many regional foods and an integral part of the kitchen spices.

Releases a wonderful aroma making the dish taste perfect and making it look complete.

Use it with other spices as part of your spice-mix or make a paste for everyday use.",17.86,,,95,4,Carton,Soreel,False,physical,https://cdn.swell.store/sodu/68f92fc51d0b7e001237ede1/6c90ff57abe6a22ceb7ca25d1ffab5d2/American%20Mustard.jpg,Soreel,soreel@sodu.com,,USD,Sauces,American-mustard-3.5-KGM,950,1850,21,30,,,4
6900bfc8c272f60012c9515b,American mustard 200 GM,"Releases a wonderful aroma making the dish taste perfect and making it look complete.
Use it with other spices as part of your spice-mix or make a paste for everyday use. Ilou American Mustard in high in selenium and magnesium.

These are the small round seeds.

They are an important cooking spice in many regional foods and an integral part of the kitchen spices.

Releases a wonderful aroma making the dish taste perfect and making it look complete.

Use it with other spices as part of your spice-mix or make a paste for everyday use.",9.25,,,120,24,Carton,Soreel,False,physical,https://cdn.swell.store/sodu/68f931201d0b7e001237f329/9e1258e1c48a69b4c30a95132191e701/American%20mustard%20%20200%20GM.jpg,Soreel,soreel@sodu.com,,USD,Sauces,American-mustard-200-GM,1200,2600,21,30,23 x 35 x 20 cm,,24
68f0b638c634930012479c57,Belgian Dark Chocolate Barks with Mint - 35 GM,Belgian Dark Chocolate Barks with Mint - 35 GM,36.96,,,250,48,Carton,Life Snacks,False,physical,https://cdn.swell.store/sodu/68f0b638c634930012479c55/a03383ba5ab8ed9ff3c0401bdfc3e785/DC_peppermint_150g.jpg,Life Snacks,lifesnacks@sodu.com,,USD,Chocolate,6224010124066,0,0,20,30,28 x 31 x 18 cm,,48
68f0b636c634930012479c3f,Belgian Dark Chocolate Barks with Mint - 150 GM,Belgian Dark Chocolate Barks with Mint - 150 GM,19.8,,,250,6,Carton,Life Snacks,False,physical,https://cdn.swell.store/sodu/68f0b636c634930012479c3d/a03383ba5ab8ed9ff3c0401bdfc3e785/DC_peppermint_150g.jpg,Life Snacks,lifesnacks@sodu.com,,USD,Chocolate,6224010124059,0,0,20,30,24 x 21 x 17 cm,,6
68f0b633c634930012479c29,Belgian Dark Chocolate Barks with Honeycombs - 35 GM,Belgian Dark Chocolate Barks with Honeycombs - 35 GM,36.96,,,250,48,Carton,Life Snacks,False,physical,https://cdn.swell.store/sodu/68f0b633c634930012479c25/eb2b0f347879bef9dae016fdbeb9a781/DC_honeycomb_35g.jpg,Life Snacks,lifesnacks@sodu.com,,USD,Chocolate,6224010124288,0,0,20,30,28 x 31 x 18 cm,,48
68f0b631c634930012479c0f,Belgian Dark Chocolate Barks with Honeycombs - 150 GM,Belgian Dark Chocolate Barks with Honeycombs - 150 GM,19.8,,,250,6,Carton,Life Snacks,False,physical,https://cdn.swell.store/sodu/68f0b631c634930012479c0c/eb2b0f347879bef9dae016fdbeb9a781/DC_honeycomb_35g.jpg,Life Snacks,lifesnacks@sodu.com,,USD,Chocolate,6224010124271,0,0,20,30,24 x 21 x 17 cm,,6
68f0b62fc634930012479bf3,Belgian Dark Chocolate Barks with Almond & Cranberry - 35 GM,Belgian Dark Chocolate Barks with Almond & Cranberry - 35 GM,36.96,,,250,48,Carton,Life Snacks,False,physical,https://cdn.swell.store/sodu/68f0b62fc634930012479bf1/ee76aebbc872d83ab91551dab2bababc/DC_almond.cranberry_150g.jpg,Life Snacks,lifesnacks@sodu.com,,USD,Chocolate,6224010124042,0,0,20,30,28 x 31 x 18 cm,,48
68f0b62cc634930012479bdd,Belgian Dark Chocolate Barks with Almond & Cranberry - 150 GM,Belgian Dark Chocolate Barks with Almond & Cranberry - 150 GM,19.8,,,250,6,Carton,Life Snacks,False,physical,https://cdn.swell.store/sodu/68f0b62cc634930012479bdb/ee76aebbc872d83ab91551dab2bababc/DC_almond.cranberry_150g.jpg,Life Snacks,lifesnacks@sodu.com,,USD,Chocolate,6224010124035,0,0,20,30,24 x 21 x 17 cm,,6
68f0b62ac634930012479bc7,Belgian Dark Chocolate Barks with Almond  - 35 GM,Belgian Dark Chocolate Barks with Almond  - 35 GM,36.96,,,250,48,Carton,Life Snacks,False,physical,https://cdn.swell.store/sodu/68f0b62ac634930012479bc3/74835c5171cb3327ade3b679318784c5/DC_almond_150g.jpg,Life Snacks,lifesnacks@sodu.com,,USD,Chocolate,6224010124028,0,0,20,30,28 x 31 x 18 cm,,48
68f0b627c634930012479bae,Belgian Dark Chocolate Barks with Almond  - 150 GM,Belgian Dark Chocolate Barks with Almond  - 150 GM,19.8,,,250,6,Carton,Life Snacks,False,physical,https://cdn.swell.store/sodu/68f0b627c634930012479bac/74835c5171cb3327ade3b679318784c5/DC_almond_150g.jpg,Life Snacks,lifesnacks@sodu.com,,USD,Chocolate,6224010124011,0,0,20,30,24 x 21 x 17 cm,,6
68f0b625c634930012479b96,"Bar Almond, Sesame, Date  - 40 GM","Bar Almond, Sesame, Date  - 40 GM",48,,,250,96,Carton,Life Snacks,False,physical,https://cdn.swell.store/sodu/68f0b1bcc634930012478d3a/2167acab30d2faffe30d4e76dc7db231/6224001418112.png,Life Snacks,lifesnacks@sodu.com,,USD,Snacks,6224001418112,0,0,20,30,28 x 32 x 17 cm,,96
68f0b624c634930012479b89,"Bar Almond, Cashew & Pumpkin Seed  - 40 GM","Bar Almond, Cashew & Pumpkin Seed  - 40 GM",67.2,,,250,96,Carton,Life Snacks,False,physical,https://cdn.swell.store/sodu/68f0b624c634930012479b86/a40fdf7700914de31163ca4b33566c91/pumpkinseed.jpg,Life Snacks,lifesnacks@sodu.com,,USD,Snacks,6224010124110,0,0,20,30,28 x 32 x 17 cm,,96
68f0b622c634930012479b72,"Bar Almond, Cashew & Cranberry  - 40 GM","Bar Almond, Cashew & Cranberry  - 40 GM",67.2,,,250,96,Carton,Life Snacks,False,physical,https://cdn.swell.store/sodu/68f0b622c634930012479b6f/943dde31865533653b905117a301ac0a/cranberry.jpg,Life Snacks,lifesnacks@sodu.com,,USD,Snacks,6224010124172,0,0,20,30,28 x 32 x 17 cm,,96
68f0b621c634930012479b54,"Bar Almond, Cashew & Coconut  - 40 GM","Bar Almond, Cashew & Coconut  - 40 GM",67.2,,,250,96,Carton,Life Snacks,False,physical,https://cdn.swell.store/sodu/68f0b620c634930012479b4f/035dbf7d3dc419bf1766c52c387f47cc/coconut.jpg,Life Snacks,lifesnacks@sodu.com,,USD,Snacks,6224010124141,0,0,20,30,28 x 32 x 17 cm,,96
68f0b61fc634930012479b39,"Almond, Cashew & Pumpkin Seed Cluster - 40 GM","Almond, Cashew & Pumpkin Seed Cluster - 40 GM",33.6,,,250,48,Carton,Life Snacks,False,physical,https://cdn.swell.store/sodu/68f0b61ec634930012479b37/e25f693c93d74da00f4e358128bda81c/CA_pumpkinseeds_200g.jpg,Life Snacks,lifesnacks@sodu.com,,USD,Snacks,6224010124103,0,0,20,30,28 x 31 x 18 cm,,48
68f0b61cc634930012479b1f,"Almond, Cashew & Pumpkin Seed Cluster - 200 GM","Almond, Cashew & Pumpkin Seed Cluster - 200 GM",21,,,250,6,Carton,Life Snacks,False,physical,https://cdn.swell.store/sodu/68f0b61cc634930012479b1d/e25f693c93d74da00f4e358128bda81c/CA_pumpkinseeds_200g.jpg,Life Snacks,lifesnacks@sodu.com,,USD,Snacks,6224010124097,0,0,20,30,24 x 21 x 17 cm,,6
68f0b61ac634930012479b04,"Almond, Cashew & Cranberry Cluster - 40 GM","Almond, Cashew & Cranberry Cluster - 40 GM",33.6,,,250,48,Carton,Life Snacks,False,physical,https://cdn.swell.store/sodu/68f0b619c634930012479b02/63bd9834eef884059b3a6a78b027e084/AC_almond.cranberry_200g.jpg,Life Snacks,lifesnacks@sodu.com,,USD,Snacks,6224010124165,0,0,20,30,28 x 31 x 18 cm,,48
68f0b617c634930012479ae8,"Almond, Cashew & Cranberry Cluster - 200 GM","Almond, Cashew & Cranberry Cluster - 200 GM",21,,,250,6,Carton,Life Snacks,False,physical,https://cdn.swell.store/sodu/68f0b616c634930012479ae5/63bd9834eef884059b3a6a78b027e084/AC_almond.cranberry_200g.jpg,Life Snacks,lifesnacks@sodu.com,,USD,Snacks,6224010124158,0,0,20,30,24 x 21 x 17 cm,,6
68f0b613c634930012479aca,"Almond, Cashew & Coconut Cluster - 40 GM","Almond, Cashew & Coconut Cluster - 40 GM",33.6,,,250,48,Carton,Life Snacks,False,physical,https://cdn.swell.store/sodu/68f0b613c634930012479ac7/969c8baf850d838062f3f9f9a9e12e44/AC_coconut_200g.jpg,Life Snacks,lifesnacks@sodu.com,,USD,Snacks,6224010124134,0,0,20,30,28 x 31 x 18 cm,,48
68f0b610c634930012479ab1,"Almond, Cashew & Coconut Cluster - 200 GM","Almond, Cashew & Coconut Cluster - 200 GM",21,,,250,6,Carton,Life Snacks,False,physical,https://cdn.swell.store/sodu/68f0b60fc634930012479aac/969c8baf850d838062f3f9f9a9e12e44/AC_coconut_200g.jpg,Life Snacks,lifesnacks@sodu.com,,USD,Snacks,6224010124127,0,0,20,30,24 x 21 x 17 cm,,6
68f0e1538d944c00120f65be,Feminie Pad Cinderella Maxi Wings 9 Piece,Cinderella Unfolded DF Maxi Wings 40 x 9 pcs EG,14.97,,,43,360,Carton,Fine,False,physical,https://cdn.swell.store/sodu/68f0e1538d944c00120f65b9/9f48e25a404e5029f58bec908f87dae9/71RpsDWRRjL.jpg,Fine,fine@sodu.com,,USD,Sanitary Napkins,11113700018,434,1086,14,20,53 x 38 x 32 cm,,360
68f0e1528d944c00120f65a2,Feminie Pad Cinderella Regular Wings 9 Piece,Cinderella Unfolded DF Regular Wings 40 x 8pcs EG,11.55,,,54,320,Carton,Fine,False,physical,https://cdn.swell.store/sodu/68f0e1518d944c00120f659f/19fc291d59e521c07b3e6202ef3e06aa/71vC4Enc%2B1L.jpg,Fine,fine@sodu.com,,USD,Sanitary Napkins,11113700017,548,1371,14,20,45 x 36 x 31 cm,,320
68f0e1508d944c00120f658a,Adult Fine Care Diapers - Size X-Large 9 Piece,Absorbent Adult Open Fine Care X LRG (Bale of 9x4) Dermapro7-Alpha,9.81,,,83,36,Carton,Fine,False,physical,https://cdn.swell.store/sodu/68f0dc878d944c00120f542a/427849505e9f77279243865aa358d4b8/11007600291.jpg,Fine,fine@sodu.com,,USD,Adult Diapers,11007600291,833,2083,14,20,56 x 40 x 15 cm,,36
68f0e14f8d944c00120f657b,Adult Fine Care Diapers - Size X-Large 28 Piece,Absorbent Adult Open Fine Care X-LRG (Bale of 28x3) Dermapro7-Alpha,22.8,,,29,84,Carton,Fine,False,physical,https://cdn.swell.store/sodu/68f0dc818d944c00120f53fb/d1bd4d92ab2d7760e43c630cfceabac9/11007600278.jpg,Fine,fine@sodu.com,,USD,Adult Diapers,11007600278,292,730,14,20,57 x 30 x 56 cm,,84
68f0e14f8d944c00120f656d,Adult Fine Care Diapers - Size X-Large 14 Piece,Absorbent Adult Open Fine Care X-LRG (Bale of 14x4) Dermapro7-Alpha,15.49,,,50,56,Carton,Fine,False,physical,https://cdn.swell.store/sodu/68f0dc828d944c00120f5401/47bde9a5696df1dd787c686119b359fb/11007600279.jpg,Fine,fine@sodu.com,,USD,Adult Diapers,11007600279,506,1265,14,20,54 x 32 x 32 cm,,56
68f0e14e8d944c00120f655d,Adult Fine Care Diapers - Size Large 30 Piece,Absorbent Adult Open Fine Care LRG (Bale of 30x3) Dermapro7-Alpha,23.65,,,33,90,Carton,Fine,False,physical,https://cdn.swell.store/sodu/68f0dc838d944c00120f5406/737b8a34e78e11084b6314541b195894/11007600280.jpg,Fine,fine@sodu.com,,USD,Adult Diapers,11007600280,330,826,14,20,54 x 32 x 49 cm,,90
68f0e14e8d944c00120f654e,Adult Fine Care Diapers - Size Large 16 Piece,Absorbent Adult Open Fine Care LRG (Bale of 16x4) Dermapro7-Alpha,17.14,,,50,64,Carton,Fine,False,physical,https://cdn.swell.store/sodu/68f0dc848d944c00120f540b/4487117f6511a7b94103667586f73ecc/11007600282.jpg,Fine,fine@sodu.com,,USD,Adult Diapers,11007600282,506,1265,14,20,54 x 32 x 32 cm,,64
68f0e14d8d944c00120f653c,Adult Fine Care Diapers - Size Large 9 Piece,Absorbent Adult Open Fine Care LRG (Bale of 9x4) Dermapro7-Alpha,9.73,,,86,36,Carton,Fine,False,physical,https://cdn.swell.store/sodu/68f0dc848d944c00120f5410/009d94fd1bc28a561723773207a0dc56/11007600283.jpg,Fine,fine@sodu.com,,USD,Adult Diapers,11007600283,868,2172,14,20,53 x 38 x 16 cm,,36
68f0e14c8d944c00120f652b,Adult Fine Care Diapers - Size Medium 40 Piece,Absorbent Adult Open Fine Care MED (Bale of 40x3) Dermapro7-Alpha,26.27,,,36,120,Carton,Fine,False,physical,https://cdn.swell.store/sodu/68f0dc868d944c00120f5424/d00c0da2caa1a1392da955e6641173e8/11007600288.jpg,Fine,fine@sodu.com,,USD,Adult Diapers,11007600288,368,921,14,20,49 x 33 x 47 cm,,120
68f0e14c8d944c00120f651c,Adult Fine Care Diapers - Size Medium 20 Piece,Absorbent Adult Open Fine Care MED (Bale of 20x4) Dermapro7-Alpha,17.83,,,61,80,Carton,Fine,False,physical,https://cdn.swell.store/sodu/68f0dc858d944c00120f5416/49ca281a5c3fb09101b8915268119fac/11007600284.jpg,Fine,fine@sodu.com,,USD,Adult Diapers,11007600284,613,1534,14,20,46 x 32 x 31 cm,,80
68f0e14b8d944c00120f650a,Adult Fine Care Diapers - Size Medium  11 Piece,Absorbent Adult Open Fine Care MED (Bale of 11x4) Dermapro7-Alpha,9.48,,,93,44,Carton,Fine,False,physical,https://cdn.swell.store/sodu/68f0dc858d944c00120f541b/6b0980b43a6dbf0c82287c1089375f0c/11007600285.jpg,Fine,fine@sodu.com,,USD,Adult Diapers,11007600285,930,2327,14,20,47 x 40 x 16 cm,,44
68f0e14b8d944c00120f64fa,Adult Fine Care Diapers - Size Small 18 Piece,Absorbent Adult Open Fine Care SML (Bale of 18x4) Dermapro7-Alpha,12.5,,,65,72,Carton,Fine,False,physical,https://cdn.swell.store/sodu/68f0dc878d944c00120f5430/34b3ff00b8a681f7980942a7fa62effd/11007600292.jpg,Fine,fine@sodu.com,,USD,Adult Diapers,11007600292,651,1627,14,20,42 x 32 x 32 cm,,72
68f0e14a8d944c00120f64ea,Adult Fine Care Diapers - Size Small 12 Piece,Absorbent Adult Open Fine Care SML (Bale of 12x4) Dermapro7-Alpha,7.94,,,99,48,Carton,Fine,False,physical,https://cdn.swell.store/sodu/68f0dc868d944c00120f5420/802cb3663295915d8b7023b406312c4e/11007600286.jpg,Fine,fine@sodu.com,,USD,Adult Diapers,11007600286,992,2480,14,20,42 x 42 x 16 cm,,48
68f0e14a8d944c00120f64db,"Fine Baby Diapers Size 6 – Junior Size (+16 Kg), 48 Diapers",Absorbent Baby Open Fine Baby JUN (Bale of 48x4) Double Lock Supernova,23,,,46,192,Carton,Fine,False,physical,https://cdn.swell.store/sodu/68ef76321b4b77001210f0fd/135636c9394607fb2e1c26456bfe7332/10910400713.jpg,Fine,fine@sodu.com,,USD,Baby Diapers,10910400713,466,1166,14,20,50 x 50 x 24 cm,,192
68f0e1498d944c00120f64c2,"Fine Baby Diapers Size 6 – Junior Size (+16kg), 20 Diapers",Absorbent Baby Open Fine Baby JUN (Bale of 20x4) Double Lock Supernova,10.15,,,112,80,Carton,Fine,False,physical,https://cdn.swell.store/sodu/68f0dc818d944c00120f53f8/4a0c2dfa43a964aa186e270fe393914a/10910400800.jpg,Fine,fine@sodu.com,,USD,Baby Diapers,10910400800,1121,2804,14,20,52 x 20 x 24 cm,,80
68f0e1498d944c00120f64af,"Fine Baby Diapers Size 5 – Maxi Size (11–18 kg), 76 Diapers",Absorbent Baby Open Fine Baby MAX (Bale of 76x2) Double Lock Supernova,15.66,,,80,152,Carton,Fine,False,physical,https://cdn.swell.store/sodu/68ef762c1b4b77001210f0d3/30fdce3e855763ec9a4567adc1c54af8/10910400668.jpg,Fine,fine@sodu.com,,USD,Baby Diapers,10910400668,803,2008,14,20,48 x 33 x 22 cm,,152
68f0e1488d944c00120f64a1,"Fine Baby Diapers Size 5 – Maxi Size (11–18 kg), 58 Diapers",Absorbent Baby Open Fine Baby MAX (Bale of 58x3) Double Lock Supernova,17.88,,,68,174,Carton,Fine,False,physical,https://cdn.swell.store/sodu/68ef76311b4b77001210f0f2/2bf75be0ea49328b388ae5a310f7d84d/10910400692.jpg,Fine,fine@sodu.com,,USD,Baby Diapers,10910400692,686,1715,14,20,48 x 25 x 34 cm,,174
68f0e1488d944c00120f6490,"Fine Baby Diapers Size 5 – Maxi Size (11–18 kg), 25 Diapers",Absorbent Baby Open Fine Baby MAX (Bale of 25x4) Double Lock Supernova,10.88,,,101,100,Carton,Fine,False,physical,https://cdn.swell.store/sodu/68ef76311b4b77001210f0f9/43bcff57f54f52e6254edeb5141fb988/10910400694.jpg,Fine,fine@sodu.com,,USD,Baby Diapers,10910400803,1012,2531,14,20,48 x 24 x 24 cm,,100
68f0e1478d944c00120f6480,"Fine Baby Diapers Size 4 – Large Size (7–14 kg), 32 Diapers",Absorbent Baby Open Fine Baby LRG Bale of 32x4 Double Lock Supernova,11.7,,,107,128,Carton,Fine,False,physical,https://cdn.swell.store/sodu/68f0dc7f8d944c00120f53f5/c4c696928beda26f08592eb95f5bed4a/10910400672.jpg,Fine,fine@sodu.com,,USD,Baby Diapers,10910400672,1071,2678,14,20,44 x 27 x 22 cm,,128
68f0e1478d944c00120f6470,"Fine Baby Diapers Size 4 – Large Size (7–14 kg), 40 Diapers",Absorbent Baby Open Fine Baby LRG (Bale of 40x4) Double Lock Supernova,14.25,,,104,160,Carton,Fine,False,physical,https://cdn.swell.store/sodu/68ef76311b4b77001210f0f9/43bcff57f54f52e6254edeb5141fb988/10910400694.jpg,Fine,fine@sodu.com,,USD,Baby Diapers,10910400671,1046,2616,14,20,38 x 32 x 22 cm,,160
68f0e1468d944c00120f6458,"Fine Baby Diapers Size 4 – Large Size (7–14 kg), 58 Diapers",Absorbent Baby Open Fine Baby LRG (Bale of 58x3) Double Lock Supernova,15.91,,,78,174,Carton,Fine,False,physical,https://cdn.swell.store/sodu/68ef76311b4b77001210f0f9/43bcff57f54f52e6254edeb5141fb988/10910400694.jpg,Fine,fine@sodu.com,,USD,Baby Diapers,10910400694,786,1966,14,20,43 x 23 x 36 cm,,174
68f0e1468d944c00120f6444,"Fine Baby Diapers Size 4 – Large Size (7–14 kg), 80 Diapers",Absorbent Baby Open Fine Baby LRG (Bale of 80x2) Double Lock Supernova,14.79,,,87,160,Carton,Fine,False,physical,https://cdn.swell.store/sodu/68ef762d1b4b77001210f0d7/d0907a513427221d738810cca69ca531/10910400669.jpg,Fine,fine@sodu.com,,USD,Baby Diapers,10910400669,876,2191,14,20,44 x 33 x 22 cm,,160
68f0e1458d944c00120f6436,"Fine Baby Diapers Size 4 – Large Size (7–14 kg), 30 Diapers",Absorbent Baby Open Fine Baby LRG (Bale of 30x4) Double Lock Supernova,11.62,,,99,120,Carton,Fine,False,physical,https://cdn.swell.store/sodu/68ef762d1b4b77001210f0d7/d0907a513427221d738810cca69ca531/10910400669.jpg,Fine,fine@sodu.com,,USD,Baby Diapers,10910400798,997,2492,14,20,45 x 26 x 24 cm,,120
68f0e1458d944c00120f6426,"Fine Baby Diapers Size 3 – Medium Size (4–9 kg), 80 Diapers",Absorbent Baby Open Fine Baby MED (Bale of 80x2) Double Lock Supernova,13.23,,,96,160,Carton,Fine,False,physical,https://cdn.swell.store/sodu/68ef762e1b4b77001210f0e0/8a6f6e2189fb45a15698ac2bff2702dc/10910400674.jpg,Fine,fine@sodu.com,,USD,Baby Diapers,10910400674,964,2410,14,20,40 x 33 x 22 cm,,160
68f0e1448d944c00120f6415,"Fine Baby Diapers Size 3 – Medium Size (4–9 kg), 58 Diapers",Absorbent Baby Open Fine Baby MED (Bale of 58x3) Double Lock Supernova,14.43,,,84,174,Carton,Fine,False,physical,https://cdn.swell.store/sodu/68ef762f1b4b77001210f0e3/32e3fd6d72b3e23c9816a770b92eaa04/10910400675.jpg,Fine,fine@sodu.com,,USD,Baby Diapers,10910400675,848,2121,14,20,40 x 25 x 33 cm,,174
68f0e1448d944c00120f6402,"Fine Baby Diapers Size 3 – Medium Size (4–9 kg), 40 Diapers",Absorbent Baby Open Fine Baby MED (Bale of 40x4) Double Lock Supernova,14.05,,,89,160,Carton,Fine,False,physical,https://cdn.swell.store/sodu/68ef762f1b4b77001210f0e3/32e3fd6d72b3e23c9816a770b92eaa04/10910400675.jpg,Fine,fine@sodu.com,,USD,Baby Diapers,10910400676,891,2228,14,20,42 x 34 x 22 cm,,160
68f0e1438d944c00120f63f4,"Fine Baby Diapers Size 3 – Medium Size (4–9 kg), 35 Diapers",Absorbent Baby Open Fine Baby MED (Bale of 35x4) Double Lock Supernova,12.3,,,104,140,Carton,Fine,False,physical,https://cdn.swell.store/sodu/68ef762f1b4b77001210f0e3/32e3fd6d72b3e23c9816a770b92eaa04/10910400675.jpg,Fine,fine@sodu.com,,USD,Baby Diapers,10910400799,1044,2612,14,20,42 x 29 x 22 cm,,140
68f0e1438d944c00120f63e4,"Fine Baby Diapers Size 2 – Small Size (3–6 kg), 84 Diapers",Absorbent Baby Open Fine Baby SML (Bale of 84x2) Double Lock Supernova,12.09,,,121,168,Carton,Fine,False,physical,https://cdn.swell.store/sodu/68ef76301b4b77001210f0e9/378504d5a88331dbaa164953e6cf5201/10910400679.jpg,Fine,fine@sodu.com,,USD,Baby Diapers,10910400679,1212,3030,14,20,35 x 33 x 20 cm,,168
68f0e1428d944c00120f63cc,"Fine Baby Diapers Size 2 – Small Size (3–6 kg), 58 Diapers",Absorbent Baby Open Fine Baby SML (Bale of 58x3) Double Lock Supernova,12.47,,,98,174,Carton,Fine,False,physical,https://cdn.swell.store/sodu/68ef76301b4b77001210f0ef/699bdf8fd15c551ebb70fcbbf66a04b6/10910400680.jpg,Fine,fine@sodu.com,,USD,Baby Diapers,10910400680,985,2463,14,20,37 x 24 x 32 cm,,174
68f0e1418d944c00120f63b7,"Fine Baby Diapers Size 1 – Newborn Size (2–5 kg), 18 Diapers",Absorbent Baby Open Fine Baby NBN (Bale of 18x6) Double Lock Supernova,7.45,,,130,108,Carton,Fine,False,physical,https://cdn.swell.store/sodu/68ef76291b4b77001210f0cd/2ed0c9bc872a12be0735dd3bd81a31e2/10910400649.jpg,Fine,fine@sodu.com,,USD,Baby Diapers,10910400649,1309,3273,14,20,17 x 37 x 34 cm,,108
68f0e1418d944c00120f63a9,"Fine Baby Diapers Size 1 – Newborn Size (2–5 kg), 60 Diapers",Absorbent Baby Open Fine Baby NBN Bale of 60x6 Double Lock Supernova,24.16,,,115,360,Carton,Fine,False,physical,https://cdn.swell.store/sodu/68ef774331491000128a1034/94cab129c1f93384078cfea0d7f56b7b/10910400632.jpg,Fine,fine@sodu.com,,USD,Baby Diapers,10910400632,1153,2883,14,20,34 x 34 x 21 cm,,360
6911dd5a601b9b0012b3885d,Regina Pasta Alphabets & Numbers 250 Gram,Made From 100% Durum Wheat,3.99,,,500,20,Carton,Regina,False,physical,https://cdn.swell.store/sodu/68f8f41b60bf240012607d31/9d11bd4d0e8138758b2293dde4d584ee/19-Alphabets-Numbers.jpg,Regina,regina@sodu.com,,USD,Pasta,Regina-Pasta-Alphabets-&-Numbers-250-Gram,0,0,15,45,,,20
6911dd59601b9b0012b3884f,Regina Pasta Alphabets & Numbers 400 Gram,Made From 100% Durum Wheat,6.22,,,500,20,Carton,Regina,False,physical,https://cdn.swell.store/sodu/68f8f41e60bf240012607d7a/9d11bd4d0e8138758b2293dde4d584ee/19-Alphabets-Numbers.jpg,Regina,regina@sodu.com,,USD,Pasta,Regina-Pasta-Alphabets-&-Numbers-400-Gram,0,0,15,45,,,20
6911dd59601b9b0012b38840,Regina Pasta Alphabets & Numbers 500 Gram,Made From 100% Durum Wheat,7.77,,,500,20,Carton,Regina,False,physical,https://cdn.swell.store/sodu/68f8f42160bf240012607da5/9d11bd4d0e8138758b2293dde4d584ee/19-Alphabets-Numbers.jpg,Regina,regina@sodu.com,,USD,Pasta,Regina-Pasta-Alphabets-&-Numbers-500-Gram,0,0,15,45,,,20
6911dd58601b9b0012b38831,Regina Pasta Big Rings 250 Gram,Made From 100% Durum Wheat,3.99,,,500,20,Carton,Regina,False,physical,https://cdn.swell.store/sodu/68f8f42560bf240012607dcc/3b433dafcf62ba92053a28f8ebc00dcd/01-Regina-Big-Rings.jpg,Regina,regina@sodu.com,,USD,Pasta,Regina-Pasta-Big-Rings-250-Gram,0,0,15,45,,,20
6911dd58601b9b0012b38822,Regina Pasta Big Rings 400 Gram,Made From 100% Durum Wheat,6.22,,,500,20,Carton,Regina,False,physical,https://cdn.swell.store/sodu/68f8f42960bf240012607df6/3b433dafcf62ba92053a28f8ebc00dcd/01-Regina-Big-Rings.jpg,Regina,regina@sodu.com,,USD,Pasta,Regina-Pasta-Big-Rings-400-Gram,0,0,15,45,,,20
6911dd57601b9b0012b38813,Regina Pasta Big Rings 500 Gram,Made From 100% Durum Wheat,7.77,,,500,20,Carton,Regina,False,physical,https://cdn.swell.store/sodu/68f8f42d60bf240012607e14/3b433dafcf62ba92053a28f8ebc00dcd/01-Regina-Big-Rings.jpg,Regina,regina@sodu.com,,USD,Pasta,Regina-Pasta-Big-Rings-500-Gram,0,0,15,45,,,20
6911dd57601b9b0012b38802,Regina Pasta Elbow 250 Gram,Made From 100% Durum Wheat,3.99,,,500,20,Carton,Regina,False,physical,https://cdn.swell.store/sodu/68f8f43360bf240012607e35/14880c23980e8bbf02ba93e278330594/02-Regina-Elbow.jpg,Regina,regina@sodu.com,,USD,Pasta,Regina-Pasta-Elbow-250-Gram,0,0,15,45,,,20
6911dd56601b9b0012b387eb,Regina Pasta Elbow 400 Gram,Made From 100% Durum Wheat,6.22,,,500,20,Carton,Regina,False,physical,https://cdn.swell.store/sodu/68f8f43860bf240012607e56/14880c23980e8bbf02ba93e278330594/02-Regina-Elbow.jpg,Regina,regina@sodu.com,,USD,Pasta,Regina-Pasta-Elbow-400-Gram,0,0,15,45,,,20
6911dd56601b9b0012b387dc,Regina Pasta Elbow 500 Gram,Made From 100% Durum Wheat,7.77,,,500,20,Carton,Regina,False,physical,https://cdn.swell.store/sodu/68f8f43f60bf240012607e86/14880c23980e8bbf02ba93e278330594/02-Regina-Elbow.jpg,Regina,regina@sodu.com,,USD,Pasta,Regina-Pasta-Elbow-500-Gram,0,0,15,45,,,20
6911dd55601b9b0012b387cd,Regina Pasta Farfalle 250 Gram,Made From 100% Durum Wheat,3.99,,,500,20,Carton,Regina,False,physical,https://cdn.swell.store/sodu/68f8f44560bf240012607ebe/4c2e550446aff8bb6c3f66305bab036e/18-Regina-Farfalle.jpg,Regina,regina@sodu.com,,USD,Pasta,Regina-Pasta-Farfalle-250-Gram,0,0,15,45,,,20
6911dd55601b9b0012b387be,Regina Pasta Farfalle 400 Gram,Made From 100% Durum Wheat,6.22,,,500,20,Carton,Regina,False,physical,https://cdn.swell.store/sodu/68f8f44a60bf240012607ef1/4c2e550446aff8bb6c3f66305bab036e/18-Regina-Farfalle.jpg,Regina,regina@sodu.com,,USD,Pasta,Regina-Pasta-Farfalle-400-Gram,0,0,15,45,,,20
6911dd54601b9b0012b387a8,Regina Pasta Farfalle 500 Gram,Made From 100% Durum Wheat,7.77,,,500,20,Carton,Regina,False,physical,https://cdn.swell.store/sodu/68f8f44e60bf240012607f2e/4c2e550446aff8bb6c3f66305bab036e/18-Regina-Farfalle.jpg,Regina,regina@sodu.com,,USD,Pasta,Regina-Pasta-Farfalle-500-Gram,0,0,15,45,,,20
6911dd54601b9b0012b38799,Regina Pasta Fiocchi 250 Gram,Made From 100% Durum Wheat,3.99,,,500,20,Carton,Regina,False,physical,https://cdn.swell.store/sodu/68f8f45260bf240012607f53/aa3f388ebb506864ec18c5e281bf1e57/17-Regina-Fiocchi.jpg,Regina,regina@sodu.com,,USD,Pasta,Regina-Pasta-Fiocchi-250-Gram,0,0,15,45,,,20
6911dd53601b9b0012b38789,Regina Pasta Fiocchi 400 Gram,Made From 100% Durum Wheat,6.22,,,500,20,Carton,Regina,False,physical,https://cdn.swell.store/sodu/68f8f45660bf240012607f88/aa3f388ebb506864ec18c5e281bf1e57/17-Regina-Fiocchi.jpg,Regina,regina@sodu.com,,USD,Pasta,Regina-Pasta-Fiocchi-400-Gram,0,0,15,45,,,20
6911dd53601b9b0012b38779,Regina Pasta Fiocchi 500 Gram,Made From 100% Durum Wheat,7.77,,,500,20,Carton,Regina,False,physical,https://cdn.swell.store/sodu/68f8f45c60bf240012607fbb/aa3f388ebb506864ec18c5e281bf1e57/17-Regina-Fiocchi.jpg,Regina,regina@sodu.com,,USD,Pasta,Regina-Pasta-Fiocchi-500-Gram,0,0,15,45,,,20
6911dd52601b9b0012b38769,Regina Pasta Fusilli 250 Gram,Made From 100% Durum Wheat,3.99,,,500,20,Carton,Regina,False,physical,https://cdn.swell.store/sodu/68f8f46060bf240012607fef/a4befb491647df0fcbb3f71c530d6088/03-Regina-Fusilli.jpg,Regina,regina@sodu.com,,USD,Pasta,Regina-Pasta-Fusilli-250-Gram,0,0,15,45,,,20
6911dd52601b9b0012b3875a,Regina Pasta Fusilli 400 Gram,Made From 100% Durum Wheat,6.22,,,500,20,Carton,Regina,False,physical,https://cdn.swell.store/sodu/68f8f46460bf240012608016/a4befb491647df0fcbb3f71c530d6088/03-Regina-Fusilli.jpg,Regina,regina@sodu.com,,USD,Pasta,Regina-Pasta-Fusilli-400-Gram,0,0,15,45,,,20
6911dd51601b9b0012b38749,Regina Pasta Fusilli 500 Gram,Made From 100% Durum Wheat,7.77,,,500,20,Carton,Regina,False,physical,https://cdn.swell.store/sodu/68f8f46860bf24001260802d/a4befb491647df0fcbb3f71c530d6088/03-Regina-Fusilli.jpg,Regina,regina@sodu.com,,USD,Pasta,Regina-Pasta-Fusilli-500-Gram,0,0,15,45,,,20
6911dd51601b9b0012b3873a,Regina Pasta Linguini 250 Gram,Made From 100% Durum Wheat,3.99,,,500,20,Carton,Regina,False,physical,https://cdn.swell.store/sodu/68f8f46c60bf240012608047/e78bf4399d698aca71efb9f2b3aa42a5/16-Regina-Linguni.jpg,Regina,regina@sodu.com,,USD,Pasta,Regina-Pasta-Linguini-250-Gram,0,0,15,45,,,20
6911dd50601b9b0012b38725,Regina Pasta Linguini 400 Gram,Made From 100% Durum Wheat,6.22,,,500,20,Carton,Regina,False,physical,https://cdn.swell.store/sodu/68f8f46f60bf240012608060/e78bf4399d698aca71efb9f2b3aa42a5/16-Regina-Linguni.jpg,Regina,regina@sodu.com,,USD,Pasta,Regina-Pasta-Linguini-400-Gram,0,0,15,45,,,20
6911dd50601b9b0012b38718,Regina Pasta Linguini 500 Gram,Made From 100% Durum Wheat,7.77,,,500,20,Carton,Regina,False,physical,https://cdn.swell.store/sodu/68f8f47360bf24001260807c/e78bf4399d698aca71efb9f2b3aa42a5/16-Regina-Linguni.jpg,Regina,regina@sodu.com,,USD,Pasta,Regina-Pasta-Linguini-500-Gram,0,0,15,45,,,20
6911dd4f601b9b0012b3870b,Regina Pasta Macaroni 250 Gram,Made From 100% Durum Wheat,3.99,,,500,20,Carton,Regina,False,physical,https://cdn.swell.store/sodu/68f8f47960bf240012608099/26e98c179c2d78a8b35321d213bad328/05-Regina-Macaroni.jpg,Regina,regina@sodu.com,,USD,Pasta,Regina-Pasta-Macaroni-250-Gram,0,0,15,45,,,20
6911dd4f601b9b0012b386fd,Regina Pasta Macaroni 400 Gram,Made From 100% Durum Wheat,6.22,,,500,20,Carton,Regina,False,physical,https://cdn.swell.store/sodu/68f8f47e60bf2400126080bc/26e98c179c2d78a8b35321d213bad328/05-Regina-Macaroni.jpg,Regina,regina@sodu.com,,USD,Pasta,Regina-Pasta-Macaroni-400-Gram,0,0,15,45,,,20
6911dd4d601b9b0012b386eb,Regina Pasta Macaroni 500 Gram,Made From 100% Durum Wheat,7.77,,,500,20,Carton,Regina,False,physical,https://cdn.swell.store/sodu/68f8f48260bf2400126080d4/26e98c179c2d78a8b35321d213bad328/05-Regina-Macaroni.jpg,Regina,regina@sodu.com,,USD,Pasta,Regina-Pasta-Macaroni-500-Gram,0,0,15,45,,,20
6911dd4c601b9b0012b386d5,Regina Pasta Penne 250 Gram,Made From 100% Durum Wheat,3.99,,,500,20,Carton,Regina,False,physical,https://cdn.swell.store/sodu/68f8f48660bf2400126080ec/8b89d0641a57e229619a65d885a5d4c9/06-Regina-Penne.jpg,Regina,regina@sodu.com,,USD,Pasta,Regina-Pasta-Penne-250-Gram,0,0,15,45,,,20
6911dd4c601b9b0012b386c5,Regina Pasta Penne 400 Gram,Made From 100% Durum Wheat,6.22,,,500,20,Carton,Regina,False,physical,https://cdn.swell.store/sodu/68f8f48b60bf240012608106/8b89d0641a57e229619a65d885a5d4c9/06-Regina-Penne.jpg,Regina,regina@sodu.com,,USD,Pasta,Regina-Pasta-Penne-400-Gram,0,0,15,45,,,20
6911dd4b601b9b0012b386b6,Regina Pasta Penne 500 Gram,Made From 100% Durum Wheat,7.77,,,500,20,Carton,Regina,False,physical,https://cdn.swell.store/sodu/68f8f49060bf240012608140/8b89d0641a57e229619a65d885a5d4c9/06-Regina-Penne.jpg,Regina,regina@sodu.com,,USD,Pasta,Regina-Pasta-Penne-500-Gram,0,0,15,45,,,20
6911dd4b601b9b0012b386a7,Regina Pasta Pipe 250 Gram,Made From 100% Durum Wheat,3.99,,,500,20,Carton,Regina,False,physical,https://cdn.swell.store/sodu/68f8f49660bf240012608164/a7849ade72d9c2c0962b638dbf9a71c6/07-Regina-Pipe.jpg,Regina,regina@sodu.com,,USD,Pasta,Regina-Pasta-Pipe-250-Gram,0,0,15,45,,,20
6911dd4a601b9b0012b38696,Regina Pasta Pipe 400 Gram,Made From 100% Durum Wheat,6.22,,,500,20,Carton,Regina,False,physical,https://cdn.swell.store/sodu/68f8f49c60bf24001260818d/a7849ade72d9c2c0962b638dbf9a71c6/07-Regina-Pipe.jpg,Regina,regina@sodu.com,,USD,Pasta,Regina-Pasta-Pipe-400-Gram,0,0,15,45,,,20
6911dd4a601b9b0012b38683,Regina Pasta Pipe 500 Gram,Made From 100% Durum Wheat,7.77,,,500,20,Carton,Regina,False,physical,https://cdn.swell.store/sodu/68f8f4a060bf2400126081af/a7849ade72d9c2c0962b638dbf9a71c6/07-Regina-Pipe.jpg,Regina,regina@sodu.com,,USD,Pasta,Regina-Pasta-Pipe-500-Gram,0,0,15,45,,,20
6911dd49601b9b0012b38672,Regina Pasta Rice 250 Gram,Made From 100% Durum Wheat,3.99,,,500,20,Carton,Regina,False,physical,https://cdn.swell.store/sodu/68f8f4a560bf2400126081cf/b00d6098d3b9399b1f167b11aa31c360/08-Regina-Rice.jpg,Regina,regina@sodu.com,,USD,Pasta,Regina-Pasta-Rice-250-Gram,0,0,15,45,,,20
6911dd49601b9b0012b38663,Regina Pasta Rice 400 Gram,Made From 100% Durum Wheat,6.22,,,500,20,Carton,Regina,False,physical,https://cdn.swell.store/sodu/68f8f4aa60bf2400126081e8/b00d6098d3b9399b1f167b11aa31c360/08-Regina-Rice.jpg,Regina,regina@sodu.com,,USD,Pasta,Regina-Pasta-Rice-400-Gram,0,0,15,45,,,20
6911dd48601b9b0012b38654,Regina Pasta Rice 500 Gram,Made From 100% Durum Wheat,7.77,,,500,20,Carton,Regina,False,physical,https://cdn.swell.store/sodu/68f8f4ad60bf240012608201/b00d6098d3b9399b1f167b11aa31c360/08-Regina-Rice.jpg,Regina,regina@sodu.com,,USD,Pasta,Regina-Pasta-Rice-500-Gram,0,0,15,45,,,20
6911dd48601b9b0012b38644,Regina Pasta Shells 250 Gram,Made From 100% Durum Wheat,3.99,,,500,20,Carton,Regina,False,physical,https://cdn.swell.store/sodu/68f8f4b960bf24001260824e/ddaabf4db7489f9f1eb4d7623e3344cb/09-Regina-Shells.jpg,Regina,regina@sodu.com,,USD,Pasta,Regina-Pasta-Shells-250-Gram,0,0,15,45,,,20
6911dd48601b9b0012b38633,Regina Pasta Shells 400 Gram,Made From 100% Durum Wheat,6.22,,,500,20,Carton,Regina,False,physical,https://cdn.swell.store/sodu/68f8f4bc60bf24001260826b/ddaabf4db7489f9f1eb4d7623e3344cb/09-Regina-Shells.jpg,Regina,regina@sodu.com,,USD,Pasta,Regina-Pasta-Shells-400-Gram,0,0,15,45,,,20
6911dd47601b9b0012b38622,Regina Pasta Shells 500 Gram,Made From 100% Durum Wheat,7.77,,,500,20,Carton,Regina,False,physical,https://cdn.swell.store/sodu/68f8f4bf60bf24001260828a/ddaabf4db7489f9f1eb4d7623e3344cb/09-Regina-Shells.jpg,Regina,regina@sodu.com,,USD,Pasta,Regina-Pasta-Shells-500-Gram,0,0,15,45,,,20
6911dd47601b9b0012b38613,Regina Pasta Small Rings 250 Gram,Made From 100% Durum Wheat,3.99,,,500,20,Carton,Regina,False,physical,https://cdn.swell.store/sodu/68f8f4c160bf2400126082b5/190b8969653caabc02f73558c2e55982/10-Regina-Small-Rings.jpg,Regina,regina@sodu.com,,USD,Pasta,Regina-Pasta-Small-Rings-250-Gram,0,0,15,45,,,20
6911dd46601b9b0012b38604,Regina Pasta Small Rings 400 Gram,Made From 100% Durum Wheat,6.22,,,500,20,Carton,Regina,False,physical,https://cdn.swell.store/sodu/68f8f4c460bf2400126082d4/190b8969653caabc02f73558c2e55982/10-Regina-Small-Rings.jpg,Regina,regina@sodu.com,,USD,Pasta,Regina-Pasta-Small-Rings-400-Gram,0,0,15,45,,,20
6911dd46601b9b0012b385f5,Regina Pasta Small Rings 500 Gram,Made From 100% Durum Wheat,7.77,,,500,20,Carton,Regina,False,physical,https://cdn.swell.store/sodu/68f8f4c760bf24001260830f/190b8969653caabc02f73558c2e55982/10-Regina-Small-Rings.jpg,Regina,regina@sodu.com,,USD,Pasta,Regina-Pasta-Small-Rings-500-Gram,0,0,15,45,,,20
6911dd45601b9b0012b385e6,Regina Pasta Snails 250 Gram,Made From 100% Durum Wheat,3.99,,,500,20,Carton,Regina,False,physical,https://cdn.swell.store/sodu/68f8f4ca60bf24001260832a/9796df78932eb23ce03ebfa11b396288/11-Regina-Snails.jpg,Regina,regina@sodu.com,,USD,Pasta,Regina-Pasta-Snails-250-Gram,0,0,15,45,,,20
6911dd45601b9b0012b385d6,Regina Pasta Snails 400 Gram,Made From 100% Durum Wheat,6.22,,,500,20,Carton,Regina,False,physical,https://cdn.swell.store/sodu/68f8f4ce60bf24001260834f/9796df78932eb23ce03ebfa11b396288/11-Regina-Snails.jpg,Regina,regina@sodu.com,,USD,Pasta,Regina-Pasta-Snails-400-Gram,0,0,15,45,,,20
6911dd44601b9b0012b385c5,Regina Pasta Snails 500 Gram,Made From 100% Durum Wheat,7.77,,,500,20,Carton,Regina,False,physical,https://cdn.swell.store/sodu/68f8f4d260bf240012608386/9796df78932eb23ce03ebfa11b396288/11-Regina-Snails.jpg,Regina,regina@sodu.com,,USD,Pasta,Regina-Pasta-Snails-500-Gram,0,0,15,45,,,20
6911dd44601b9b0012b385b6,Regina Pasta Twist 250 Gram,Made From 100% Durum Wheat,3.99,,,500,20,Carton,Regina,False,physical,https://cdn.swell.store/sodu/68f8f4d660bf2400126083af/770faf2b3f1706675f3bbcc4e589e571/13-Regina-TWIST.jpg,Regina,regina@sodu.com,,USD,Pasta,Regina-Pasta-Twist-250-Gram,0,0,15,45,,,20
6911dd43601b9b0012b385a5,Regina Pasta Twist 400 Gram,Made From 100% Durum Wheat,6.22,,,500,20,Carton,Regina,False,physical,https://cdn.swell.store/sodu/68f8f4d960bf2400126083cf/770faf2b3f1706675f3bbcc4e589e571/13-Regina-TWIST.jpg,Regina,regina@sodu.com,,USD,Pasta,Regina-Pasta-Twist-400-Gram,0,0,15,45,,,20
6911dd43601b9b0012b38596,Regina Pasta Twist 500 Gram,Made From 100% Durum Wheat,7.77,,,500,20,Carton,Regina,False,physical,https://cdn.swell.store/sodu/68f8f4dc60bf2400126083e8/770faf2b3f1706675f3bbcc4e589e571/13-Regina-TWIST.jpg,Regina,regina@sodu.com,,USD,Pasta,Regina-Pasta-Twist-500-Gram,0,0,15,45,,,20
6911dd43601b9b0012b38587,Regina Pasta Vermicelli 250 Gram,Made From 100% Durum Wheat,3.99,,,500,20,Carton,Regina,False,physical,https://cdn.swell.store/sodu/68f8f4e060bf24001260840a/a1221c80329dadb363316df7f9a34c53/14-Regina-Vermicelli.jpg,Regina,regina@sodu.com,,USD,Pasta,Regina-Pasta-Vermicelli-250-Gram,0,0,15,45,,,20
6911dd42601b9b0012b38574,Regina Pasta Vermicelli 400 Gram,Made From 100% Durum Wheat,6.22,,,500,20,Carton,Regina,False,physical,https://cdn.swell.store/sodu/68f8f4e460bf240012608439/a1221c80329dadb363316df7f9a34c53/14-Regina-Vermicelli.jpg,Regina,regina@sodu.com,,USD,Pasta,Regina-Pasta-Vermicelli-400-Gram,0,0,15,45,,,20
6911dd42601b9b0012b38565,Regina Pasta Vermicelli 500 Gram,Made From 100% Durum Wheat,7.77,,,500,20,Carton,Regina,False,physical,https://cdn.swell.store/sodu/68f8f4e860bf24001260845b/a1221c80329dadb363316df7f9a34c53/14-Regina-Vermicelli.jpg,Regina,regina@sodu.com,,USD,Pasta,Regina-Pasta-Vermicelli-500-Gram,0,0,15,45,,,20
6911dd41601b9b0012b38556,Regina Pasta Spaghetti 250 Gram,Made From 100% Durum Wheat,3.89,,,500,20,Carton,Regina,False,physical,https://cdn.swell.store/sodu/68f8f4ea60bf240012608486/fb65b2f69fdef2416921f9ac240f697e/15-Regina-spagheti.jpg,Regina,regina@sodu.com,,USD,Pasta,Regina-Pasta-Spaghetti-250-Gram,0,0,15,45,,,20
6911dd41601b9b0012b38547,Regina Pasta Spaghetti 400 Gram,Made From 100% Durum Wheat,6.05,,,500,20,Carton,Regina,False,physical,https://cdn.swell.store/sodu/68f8f4ed60bf2400126084ab/fb65b2f69fdef2416921f9ac240f697e/15-Regina-spagheti.jpg,Regina,regina@sodu.com,,USD,Pasta,Regina-Pasta-Spaghetti-400-Gram,0,0,15,45,,,20
6911dd40601b9b0012b38537,Regina Pasta Spaghetti 500 Gram,Made From 100% Durum Wheat,7.56,,,500,20,Carton,Regina,False,physical,https://cdn.swell.store/sodu/68f8f4f160bf2400126084d4/fb65b2f69fdef2416921f9ac240f697e/15-Regina-spagheti.jpg,Regina,regina@sodu.com,,USD,Pasta,Regina-Pasta-Spaghetti-500-Gram,0,0,15,45,,,20
68fa49df503d8b00123ddb84,Soy Milk – Ori GMinal 200 GM,Delicious soy milk blended with rich cocoa for a sweet and healthy drink. Dairy-Free – Vegan – Chocolate Flavor – Plastic ,19,,,576,12,Carton,Food  Check,False,physical,https://cdn.swell.store/sodu/68fa078ba7ee2800121f8068/2e9c50816f0787cf8063df822b0d30cc/Soy%20Milk.jpg,Food  Check,mostafasamy@sodu.com,01115553144,USD,Soy Products,Soy Milk – Ori GMinal 200 GM,5760,14400,15,30,24 x 18 x 19 cm,,12
68fa49df503d8b00123ddb74,Soy Sauce 250 GM,Refreshing soy milk flavored with natural strawberry for a fruity twist. Dairy-Free &ndash; Vegan &ndash; Strawberry Flavor &ndash; Plastic,9.5,,,576,12,Carton,Food  Check,False,physical,https://cdn.swell.store/sodu/6901bc51cbb4a00012a99c9f/6142eab7bd88005de783b02471e380a1/Untitled%20design%20(34).png,Food  Check,mostafasamy@sodu.com,01115553144,USD,Soy Products,Soy Sauce 250 GM,5760,14400,15,30,24 x 18 x 19 cm,,12
68fa49de503d8b00123ddb63,Pome GMranate Molasses 350 GM,"Smooth and creamy soy milk, a healthy dairy-free alternative. Dairy-Free &ndash; Vegan &ndash; Packed in Plastic",10,,,576,12,Carton,Food  Check,False,physical,https://cdn.swell.store/sodu/6901bcc7a33b42001286ff07/9ca27b4cf70c44ee623aa610f2a663e6/Untitled%20design%20(35).png,Food  Check,mostafasamy@sodu.com,01115553144,USD,Vinegar & Molasses,Pome GMranate Molasses 350 GM,5760,14400,15,30,24 x 18 x 19 cm,,12
68fa49de503d8b00123ddb52,Or GManic Apple Cider Vine GMar 250 GM,"Authentic soy sauce with a deep umami flavor, perfect for Asian dishes. Plastic Bottle &ndash; Authentic Taste &ndash; Premium Quality",11,,,576,12,Carton,Food  Check,False,physical,https://cdn.swell.store/sodu/6901bd15c039500012ef4b0f/983a84fc0c38d1752fe3c7f41e996c99/Untitled%20design%20(36).png,Food  Check,mostafasamy@sodu.com,01115553144,USD,Vinegar & Molasses,Or GManic Apple Cider Vine GMar 250 GM,5760,14400,15,30,24 x 18 x 19 cm,,12
68fa49dd503d8b00123ddb43,Apple Cider Vine GMar 250 GM,"Rich and tangy pomegranate molasses, perfect for dressings, marinades, and desserts. Plastic Bottle &ndash; Premium Quality &ndash; Natural",6,,,576,12,Carton,Food  Check,False,physical,https://cdn.swell.store/sodu/6901bdaa817c2a00120180ae/1db7c7629acc3388ed2aacce6a1873eb/Untitled%20design%20(37).png,Food  Check,mostafasamy@sodu.com,01115553144,USD,Vinegar & Molasses,Apple Cider Vine GMar 250 GM,5760,14400,15,30,24 x 18 x 19 cm,,12
68fa49dd503d8b00123ddb31,Clover Blossom Honey with Nuts 470 GM,Fresh and light honey made from citrus blossoms with a zesty aroma. Light Flavor &ndash; Glass Jar &ndash; 100% Natural,32,,,1008,12,Carton,Food  Check,False,physical,https://cdn.swell.store/sodu/6901be76c05e300012e03fbd/9059fb6677938aecdbe09676e2f93119/Untitled%20design%20(39).png,Food  Check,mostafasamy@sodu.com,01115553144,USD,Honey Products,Clover Blossom Honey with Nuts 470 GM,10080,25200,15,30,14 x 22 x 30 cm,,12
68fa49dc503d8b00123ddb23,Clover Blossom Honey 240 GM,Natural clover honey with pieces of fresh honeycomb for a traditional taste. With Fresh Honeycomb &ndash; Glass Jar &ndash; Natural,41.5,,,1209,12,Carton,Food  Check,False,physical,https://cdn.swell.store/sodu/6901c57569f10e00124987b7/9059fb6677938aecdbe09676e2f93119/Untitled%20design%20(39).png,Food  Check,mostafasamy@sodu.com,01115553144,USD,Honey Products,Clover Blossom Honey 240 GM,12096,30240,15,30,11 x 20 x 26 cm,,12
68fa49dc503d8b00123ddb14,Clover Blossom Honey 450 GM,Premium clover honey blended with crunchy mixed nuts for a delicious and healthy treat. With Nuts &ndash; Glass Jar &ndash; Premium Quality,22,,,1008,12,Carton,Food  Check,False,physical,https://cdn.swell.store/sodu/6901beb05938fa00120a650e/9059fb6677938aecdbe09676e2f93119/Untitled%20design%20(39).png,Food  Check,mostafasamy@sodu.com,01115553144,USD,Honey Products,Clover Blossom Honey 450 GM,10080,25200,15,30,14 x 22 x 30 cm,,12
68fa49db503d8b00123ddb03,Clover Blossom Honey 950 GM,"Pure natural honey harvested from clover blossoms, rich in flavor and nutrients. 100% Natural &ndash; Glass Jar &ndash; Product of Egypt",41.5,,,604,12,Carton,Food  Check,False,physical,https://cdn.swell.store/sodu/6901becd5423e50012234863/9059fb6677938aecdbe09676e2f93119/Untitled%20design%20(39).png,Food  Check,mostafasamy@sodu.com,01115553144,USD,Honey Products,Clover Blossom Honey 950 GM,6048,15120,15,30,17 x 26 x 36 cm,,12
68fa49db503d8b00123ddae7,Halva Majdoul 500 GM,Premium sesame halva Plastic Container &ndash; Premium Quality,18,,,518,12,Carton,Food  Check,False,physical,https://cdn.swell.store/sodu/6901c5addbfe31001233a87b/e35c7c94f409444768714edb60b57cc5/Untitled%20design%20(40).png,Food  Check,mostafasamy@sodu.com,01115553144,USD,Halva Products,Halva Majdoul 500 GM,5184,12960,15,30,13 x 39 x 25 cm,,12
68fa49da503d8b00123ddad6,Halva Swiss Roll – Pistachio & White Cocoa 500 GM,Sesame halva Swiss roll with pistachio and white cocoa cream. Plastic Container &ndash; Premium Quality &ndash; Pistachio &amp; White Cocoa,26,,,518,12,Carton,Food  Check,False,physical,https://cdn.swell.store/sodu/6901bf8f37dcbd0012f80c66/0a32e6a2eff0bcdd128cd003b298b341/Untitled%20design%20(41).png,Food  Check,mostafasamy@sodu.com,01115553144,USD,Halva Products,Halva Swiss Roll – Pistachio & White Cocoa 500 GM,5184,12960,15,30,13 x 39 x 25 cm,,12
68fa49da503d8b00123ddac7,Halva Swiss Roll – Coffee 500 GM,Sesame halva Swiss roll infused with coffee cream filling. Plastic Container – Premium Quality – Coffee Cream,25,,,518,12,Carton,Food  Check,False,physical,https://cdn.swell.store/sodu/68fa0787a7ee2800121f801e/d4487c1fb42fa95f9948ccf6431092d2/Halva%20Swiss%20Roll%20%C3%A2%C2%80%C2%93%20Coffee.jpg,Food  Check,mostafasamy@sodu.com,01115553144,USD,Halva Products,Halva Swiss Roll – Coffee 500 GM,5184,12960,15,30,13 x 39 x 25 cm,,12
68fa49d9503d8b00123ddab7,Halva Swiss Roll – Lotus 500 GM,Sesame halva Swiss roll filled with Lotus cream. Plastic Container &ndash; Premium Quality &ndash; With Lotus Cream,25,,,518,12,Carton,Food  Check,False,physical,https://cdn.swell.store/sodu/6901c094b7dfe90012bf4c36/60e977c7188b63b1624d7f4aa80667ec/Untitled%20design%20(42).png,Food  Check,mostafasamy@sodu.com,01115553144,USD,Halva Products,Halva Swiss Roll – Lotus 500 GM,5184,12960,15,30,13 x 39 x 25 cm,,12
68fa49d9503d8b00123ddaa5,Halva Swiss Roll – Cocoa Cream 500 GM,Sesame halva Swiss roll with a creamy cocoa filling. Plastic Container &ndash; Premium Quality &ndash; With Cocoa Cream,25,,,518,12,Carton,Food  Check,False,physical,https://cdn.swell.store/sodu/6901c0d062e43d0012c2e907/60e977c7188b63b1624d7f4aa80667ec/Untitled%20design%20(42).png,Food  Check,mostafasamy@sodu.com,01115553144,USD,Halva Products,Halva Swiss Roll – Cocoa Cream 500 GM,5184,12960,15,30,13 x 39 x 25 cm,,12
68fa49d8503d8b00123dda95,Halva Swiss Roll – Mixed Nuts 500 GM,Sesame halva Swiss roll filled with assorted nuts. Plastic Container &ndash; Premium Quality &ndash; With Mixed Nuts,25,,,518,12,Carton,Food  Check,False,physical,https://cdn.swell.store/sodu/6901c0fd00957d00124bd2a9/60e977c7188b63b1624d7f4aa80667ec/Untitled%20design%20(42).png,Food  Check,mostafasamy@sodu.com,01115553144,USD,Halva Products,Halva Swiss Roll – Mixed Nuts 500 GM,5184,12960,15,30,13 x 39 x 25 cm,,12
68fa49d8503d8b00123dda87,Halva Swiss Roll – Plain 500 GM,"Soft sesame halva rolled into a traditional Swiss roll, plain flavor. Plastic Container &ndash; Premium Quality &ndash; Swiss Roll",18,,,518,12,Carton,Food  Check,False,physical,https://cdn.swell.store/sodu/6901c1a362e43d0012c2ec32/e9d03f2dbaa8b37523ae62eb2804b22c/Untitled%20design%20(43).png,Food  Check,mostafasamy@sodu.com,01115553144,USD,Halva Products,Halva Swiss Roll – Plain 500 GM,5184,12960,15,30,13 x 39 x 25 cm,,12
68fa49d7503d8b00123dda76,Coffee Halva 500 GM,Unique sesame halva infused with aromatic coffee flavor. Plastic Container – Premium Quality – Coffee Flavor,21,,,518,12,Carton,Food  Check,False,physical,https://cdn.swell.store/sodu/68fa0786a7ee2800121f8013/d4487c1fb42fa95f9948ccf6431092d2/Coffee%20Halva.jpg,Food  Check,mostafasamy@sodu.com,01115553144,USD,Halva Products,Coffee Halva 500 GM,5184,12960,15,30,13 x 39 x 25 cm,,12
68fa49d7503d8b00123dda64,Almond Halva 500 GM,Delicious sesame halva blended with roasted almonds. Plastic Container &ndash; Premium Quality &ndash; With Almonds,21,,,518,12,Carton,Food  Check,False,physical,https://cdn.swell.store/sodu/6901c22c4c475000120fafc2/957dc9489438a9f4300fd5b2e4780b22/Untitled%20design%20(44).png,Food  Check,mostafasamy@sodu.com,01115553144,USD,Halva Products,Almond Halva 500 GM,5184,12960,15,30,13 x 39 x 25 cm,,12
68fa49d6503d8b00123dda49,Walnut Halva 500 GM,Authentic sesame halva with fresh walnut pieces. Plastic Container &ndash; Premium Quality &ndash; With Walnuts,21,,,518,12,Carton,Food  Check,False,physical,https://cdn.swell.store/sodu/6901c26fae53950012ffeddc/957dc9489438a9f4300fd5b2e4780b22/Untitled%20design%20(44).png,Food  Check,mostafasamy@sodu.com,01115553144,USD,Halva Products,Walnut Halva 500 GM,5184,12960,15,30,13 x 39 x 25 cm,,12
68fa49d6503d8b00123dda29,Hazelnut Halva 500 GM,Smooth sesame halva enriched with roasted hazelnuts. Plastic Container &ndash; Premium Quality &ndash; With Hazelnut,21,,,518,12,Carton,Food  Check,False,physical,https://cdn.swell.store/sodu/6901c29eba82e000123344c9/957dc9489438a9f4300fd5b2e4780b22/Untitled%20design%20(44).png,Food  Check,mostafasamy@sodu.com,01115553144,USD,Halva Products,Hazelnut Halva 500 GM,5184,12960,15,30,13 x 39 x 25 cm,,12
68fa49d5503d8b00123dda16,Pistachio Halva 500 GM,Classic sesame halva with crunchy pistachio pieces. Plastic Container &ndash; Premium Quality &ndash; With Pistachio,25,,,518,12,Carton,Food  Check,False,physical,https://cdn.swell.store/sodu/6901c2dd8326ff001289e302/0a32e6a2eff0bcdd128cd003b298b341/Untitled%20design%20(41).png,Food  Check,mostafasamy@sodu.com,01115553144,USD,Halva Products,Pistachio Halva 500 GM,5184,12960,15,30,13 x 39 x 25 cm,,12
68fa49d5503d8b00123dda07,Chocolate Halva 1000 GM,Rich sesame halva blended with natural cocoa. Plastic Container &ndash; Premium Quality &ndash; With Cocoa,34,,,288,12,Carton,Food  Check,False,physical,https://cdn.swell.store/sodu/6901c34e96337500127c963b/b1b44166f6259e9af36db451abf94499/Untitled%20design%20(45).png,Food  Check,mostafasamy@sodu.com,01115553144,USD,Halva Products,Chocolate Halva 1000 GM,2880,7200,15,30,21 x 39 x 27 cm,,12
68fa49d3503d8b00123dd9f6,Chocolate Halva 500 GM,Rich sesame halva blended with natural cocoa. Plastic Container &ndash; Premium Quality &ndash; With Cocoa,18,,,288,12,Carton,Food  Check,False,physical,https://cdn.swell.store/sodu/6901c37f554aef0012e6c0ae/b1b44166f6259e9af36db451abf94499/Untitled%20design%20(45).png,Food  Check,mostafasamy@sodu.com,01115553144,USD,Halva Products,Chocolate Halva 500 GM,2880,7200,15,30,23 x 31 x 30 cm,,12
68fa49d2503d8b00123dd9e5,Plain Halva 1000 GM,Traditional sesame halva made from premium roasted sesame seeds. Plastic Container – Premium Quality – Traditional Recipe,30.5,,,288,12,Carton,Food  Check,False,physical,https://cdn.swell.store/sodu/68fa0df89c06d20012810fe2/b5d4621881493f6f6521e7bdc8df1242/Plain%20Halva.jpg,Food  Check,mostafasamy@sodu.com,01115553144,USD,Halva Products,Plain Halva 1000 GM,2880,7200,15,30,21 x 39 x 27 cm,,12
68fa49d2503d8b00123dd9d5,Plain Halva 500 GM,Traditional sesame halva made from premium roasted sesame seeds. Plastic Container – Premium Quality – Traditional Recipe,16,,,288,12,Carton,Food  Check,False,physical,https://cdn.swell.store/sodu/68fa0df89c06d20012810fe2/b5d4621881493f6f6521e7bdc8df1242/Plain%20Halva.jpg,Food  Check,mostafasamy@sodu.com,01115553144,USD,Halva Products,Plain Halva 500 GM,2880,7200,15,30,23 x 31 x 30 cm,,12
68fa49d1503d8b00123dd9bf,Tahini 10 kGM,Premium sesame paste made from 100% roasted sesame seeds. Plastic Jar &ndash; Premium Quality &ndash; 100% Natural Sesame,28,,,500,,Carton,Food  Check,False,physical,https://cdn.swell.store/sodu/6901c45559c7100012d75de6/c98ea8c0733c1ffe5387f3a6c7a23d28/Untitled%20design%20(46).png,Food  Check,mostafasamy@sodu.com,01115553144,USD,Tahini Products,Tahini 10 kGM,0,0,15,30,,,
68fa49d1503d8b00123dd9b2,Tahini 5 kGM,Premium sesame paste made from 100% roasted sesame seeds. Plastic Jar &ndash; Premium Quality &ndash; 100% Natural Sesame,14,,,500,,Carton,Food  Check,False,physical,https://cdn.swell.store/sodu/6901c42e7bea030012b67868/c98ea8c0733c1ffe5387f3a6c7a23d28/Untitled%20design%20(46).png,Food  Check,mostafasamy@sodu.com,01115553144,USD,Tahini Products,Tahini 5 kGM,0,0,15,30,,,
68fa49d0503d8b00123dd9a4,Tahini 1000 GM,Premium sesame paste made from 100% roasted sesame seeds. Plastic Jar &ndash; Premium Quality &ndash; 100% Natural Sesame,39.5,,,460,12,Carton,Food  Check,False,physical,https://cdn.swell.store/sodu/6901c4189d8891001152fb2c/c98ea8c0733c1ffe5387f3a6c7a23d28/Untitled%20design%20(46).png,Food  Check,mostafasamy@sodu.com,01115553144,USD,Tahini Products,Tahini 1000 GM,4608,11520,15,30,15 x 40 x 30 cm,,12
68fa49d0503d8b00123dd994,Tahini 500 GM,Premium sesame paste made from 100% roasted sesame seeds. Plastic Jar &ndash; Premium Quality &ndash; 100% Natural Sesame,20.5,,,720,12,Carton,Food  Check,False,physical,https://cdn.swell.store/sodu/6901c3fbf3c3870011cda70b/c98ea8c0733c1ffe5387f3a6c7a23d28/Untitled%20design%20(46).png,Food  Check,mostafasamy@sodu.com,01115553144,USD,Tahini Products,Tahini 500 GM,7200,18000,15,30,24 x 14 x 32 cm,,12
68f900398e4f380012de344e,Frozen Mixed Vegetables (Peas & Carrots) 2.5 kg,"Frozen mixed vegetables made from peas and carrots, offering a balanced blend of color, taste, and nutrients. Naturally rich in vitamin A, vitamin C, and fiber, perfect for ready meals, soups, and side dishes. Nutritional Highlights (per 100 g): 52 kcal · 3 g protein · 10 g carbohydrates · 4 g fiber · 20 mg calcium · 0.9 mg iron · 47 mg sodium · 10.2 mg vitamin C · 5100 IU vitamin A. Season: December till March.",,,,500,4,Carton,Sky  Fruits Egypt,False,physical,https://cdn.swell.store/sodu/68f900398e4f380012de3449/2e304ce52b6590a4a847713386e37c69/3351eee139.jpg,Sky  Fruits Egypt,skyfruitsegypt@sodu.com,01099006000,USD,Vegetables,Mixed Vegetables (Peas & Carrots) 2.5 kg,730,1300,15,45,,,4
68f900378e4f380012de3434,Frozen Mixed Vegetables (Peas & Carrots) 10 kg,"Frozen mixed vegetables made from peas and carrots, offering a balanced blend of color, taste, and nutrients. Naturally rich in vitamin A, vitamin C, and fiber, perfect for ready meals, soups, and side dishes. Nutritional Highlights (per 100 g): 52 kcal · 3 g protein · 10 g carbohydrates · 4 g fiber · 20 mg calcium · 0.9 mg iron · 47 mg sodium · 10.2 mg vitamin C · 5100 IU vitamin A. Season: December till March.",,,,500,1,Carton,Sky  Fruits Egypt,False,physical,https://cdn.swell.store/sodu/68f900368e4f380012de3429/2e304ce52b6590a4a847713386e37c69/3351eee139.jpg,Sky  Fruits Egypt,skyfruitsegypt@sodu.com,01099006000,USD,Vegetables,Mixed Vegetables (Peas & Carrots) 10 kg,1200,2500,15,45,,,1
68f900348e4f380012de3408,"Frozen Mixed Vegetables (Green Beans, Peas & Carrots) 2.5 kg","Frozen mixed vegetables made from green beans, peas, and carrots, providing maximum nutrition and color for full meals. A balanced blend of fiber, vitamin A, and vitamin C. Ideal for ready meals, soups, and side dishes. Nutritional Highlights (per 100 g): 75 kcal · 3.75 g protein · 15 g carbohydrates · 5 g fiber · 25 mg calcium · 0.9 mg iron · 50 mg sodium · 4.5 mg vitamin C · 5625 IU vitamin A. Season: December till March.",,,,500,4,Carton,Sky  Fruits Egypt,False,physical,https://cdn.swell.store/sodu/68f900348e4f380012de3405/ec7d79b92083dbb650cf6542601e902e/4d332624fe.jpg,Sky  Fruits Egypt,skyfruitsegypt@sodu.com,01099006000,USD,Vegetables,"Mixed Vegetables (Green Beans, Peas & Carrots) 2.5 kg",730,1300,15,45,,,4
68f900328e4f380012de33ef,"Frozen Mixed Vegetables (Green Beans, Peas & Carrots) 10 kg","Frozen mixed vegetables made from green beans, peas, and carrots, providing maximum nutrition and color for full meals. A balanced blend of fiber, vitamin A, and vitamin C. Ideal for ready meals, soups, and side dishes. Nutritional Highlights (per 100 g): 75 kcal · 3.75 g protein · 15 g carbohydrates · 5 g fiber · 25 mg calcium · 0.9 mg iron · 50 mg sodium · 4.5 mg vitamin C · 5625 IU vitamin A. Season: December till March.",,,,500,1,Carton,Sky  Fruits Egypt,False,physical,https://cdn.swell.store/sodu/68f900328e4f380012de33ea/ec7d79b92083dbb650cf6542601e902e/4d332624fe.jpg,Sky  Fruits Egypt,skyfruitsegypt@sodu.com,01099006000,USD,Vegetables,"Mixed Vegetables (Green Beans, Peas & Carrots) 10 kg",1200,2500,15,45,,,1
68f900308e4f380012de33d5,Frozen Spinach 2.5 kg,"Frozen spinach (Spinacia oleracea), a nutrient-rich leafy vegetable, high in iron, calcium, and vitamin K. Consumed cooked or raw, it&rsquo;s an excellent source of vitamin A and vitamin C. Carefully cleaned, blanched, and frozen to maintain freshness and color. Nutritional Highlights (per 100 g): 24 kcal &middot; 2 g protein &middot; 4 g carbohydrates &middot; 3 g fiber &middot; 160 mg calcium &middot; 1.98 mg iron &middot; 74 mg sodium &middot; 24.6 mg vitamin C &middot; 11750 IU vitamin A. Season: From November till January.",,,,500,4,Carton,Sky  Fruits Egypt,False,physical,https://cdn.swell.store/sodu/6901c4c001f71f00120ca04b/7c8167e4a7ef345ac3308d2e7704a5d0/Untitled%20design%20(47).png,Sky  Fruits Egypt,skyfruitsegypt@sodu.com,01099006000,USD,Vegetables,Spinach 2.5 kg,730,1300,15,45,,,4
68f9002d8e4f380012de33b8,Frozen Spinach 10 kg,"Frozen spinach (Spinacia oleracea), a nutrient-rich leafy vegetable, high in iron, calcium, and vitamin K. Consumed cooked or raw, it&rsquo;s an excellent source of vitamin A and vitamin C. Carefully cleaned, blanched, and frozen to maintain freshness and color. Nutritional Highlights (per 100 g): 24 kcal &middot; 2 g protein &middot; 4 g carbohydrates &middot; 3 g fiber &middot; 160 mg calcium &middot; 1.98 mg iron &middot; 74 mg sodium &middot; 24.6 mg vitamin C &middot; 11750 IU vitamin A. Season: From November till January.",,,,500,1,Carton,Sky  Fruits Egypt,False,physical,https://cdn.swell.store/sodu/6901c4dbc88e260012656e98/7c8167e4a7ef345ac3308d2e7704a5d0/Untitled%20design%20(47).png,Sky  Fruits Egypt,skyfruitsegypt@sodu.com,01099006000,USD,Vegetables,Spinach 10 kg,1200,2500,15,45,,,1
68f9002a8e4f380012de3399,Frozen Vine Leaves (Grape Leaves) 10 kg,"Frozen grape vine leaves (Vitis vinifera) carefully selected for size and texture, used in dolma and Mediterranean cuisines. Rich in calcium, iron, and vitamin C. Nutritional Highlights (per 100 g): 93 kcal · 5.6 g protein · 2.1 g fat · 17 g carbohydrates · 11 g fiber · 6.3 g sugars · 363 mg calcium · 2.63 mg iron · 272 mg potassium · 11.1 mg vitamin C. Season: From May till July.",,,,500,1,Carton,Sky  Fruits Egypt,False,physical,https://cdn.swell.store/sodu/68f8b5be322ed40012b2035c/8e13294938db5d932a6c2ec74005fb5a/WhatsApp%20Image%202025-10-22%20at%201.43.58%20PM.jpeg,Sky  Fruits Egypt,skyfruitsegypt@sodu.com,01099006000,USD,Vegetables,Vine Leaves (Grape Leaves) 10 kg,1200,2500,15,45,,,1
68f900298e4f380012de338d,Frozen Cauliflower 10 kg,"Frozen cauliflower florets (Brassica oleracea), clean, firm, and rich in vitamin C and potassium. A versatile ingredient for soups, roasting, and vegan meals. Nutritional Highlights (per 100 g): 24 kcal &middot; 1.18 g protein &middot; 4.71 g carbohydrates &middot; 1.2 g fiber &middot; 2.35 g sugars &middot; 106 mg potassium &middot; 29 mg sodium &middot; 17.6 mg vitamin C. Season: From November till January.",,,,500,1,Carton,Sky  Fruits Egypt,False,physical,https://cdn.swell.store/sodu/6901c630d8ad1e00120e4b55/7f27e3c638e6f7c0ff98dda388227aa1/Untitled%20design%20(48).png,Sky  Fruits Egypt,skyfruitsegypt@sodu.com,01099006000,USD,Vegetables,Cauliflower 10 kg,1200,2500,15,45,,,1
68f900268e4f380012de3377,Frozen Broad Beans (Fava) 2.5 kg,"Frozen broad beans (Vicia faba), a traditional Egyptian favorite, naturally rich in protein, fiber, and vitamin C. Excellent for falafel, stews, or side dishes. Nutritional Highlights (per 100 g): 102 kcal &middot; 8.89 g protein &middot; 16.67 g carbohydrates &middot; 2.2 g fiber &middot; 22 mg calcium &middot; 0.6 mg iron &middot; 131 mg sodium &middot; 16.7 mg vitamin C &middot; 111 IU vitamin A. Season: From January till April.",,,,500,4,Carton,Sky  Fruits Egypt,False,physical,https://cdn.swell.store/sodu/6901c6929d88910011530294/11cd153ae0ef37d30d3437a8a09f9b75/Untitled%20design%20(49).png,Sky  Fruits Egypt,skyfruitsegypt@sodu.com,01099006000,USD,Vegetables,Broad Beans (Fava) 2.5 kg,730,1300,15,45,,,4
68f900268e4f380012de3365,Frozen Broad Beans (Fava) 10 kg,"Frozen broad beans (Vicia faba), a traditional Egyptian favorite, naturally rich in protein, fiber, and vitamin C. Excellent for falafel, stews, or side dishes. Nutritional Highlights (per 100 g): 102 kcal &middot; 8.89 g protein &middot; 16.67 g carbohydrates &middot; 2.2 g fiber &middot; 22 mg calcium &middot; 0.6 mg iron &middot; 131 mg sodium &middot; 16.7 mg vitamin C &middot; 111 IU vitamin A. Season: From January till April.",,,,500,1,Carton,Sky  Fruits Egypt,False,physical,https://cdn.swell.store/sodu/6901c6b176986f001106756a/11cd153ae0ef37d30d3437a8a09f9b75/Untitled%20design%20(49).png,Sky  Fruits Egypt,skyfruitsegypt@sodu.com,01099006000,USD,Vegetables,Broad Beans (Fava) 10 kg,1200,2500,15,45,,,1
68f900258e4f380012de3358,Frozen Artichoke 2.5 kg,"Frozen artichoke hearts (Cynara cardunculus), low in fat and rich in fiber, vitamin C, and magnesium. Ideal for Mediterranean, vegan, and gourmet dishes. Nutritional Highlights (per 100 g): 56 kcal &middot; 2 g protein &middot; 12 g carbohydrates &middot; 4 g fiber &middot; 20 mg calcium &middot; 0.54 mg iron &middot; 47 mg sodium &middot; 5.4 mg vitamin C &middot; 150 IU vitamin A. Season: From January till June.",,,,500,4,Carton,Sky  Fruits Egypt,False,physical,https://cdn.swell.store/sodu/6901c7118c2b9b001280dd25/90be3cee5ad821e09833e8093fce0eb2/Untitled%20design%20(50).png,Sky  Fruits Egypt,skyfruitsegypt@sodu.com,01099006000,USD,Vegetables,Artichoke 2.5 kg,730,1300,15,45,,,4
68f900238e4f380012de333e,Frozen Artichoke 10 kg,"Frozen artichoke hearts (Cynara cardunculus), low in fat and rich in fiber, vitamin C, and magnesium. Ideal for Mediterranean, vegan, and gourmet dishes. Nutritional Highlights (per 100 g): 56 kcal &middot; 2 g protein &middot; 12 g carbohydrates &middot; 4 g fiber &middot; 20 mg calcium &middot; 0.54 mg iron &middot; 47 mg sodium &middot; 5.4 mg vitamin C &middot; 150 IU vitamin A. Season: From January till June.",,,,500,1,Carton,Sky  Fruits Egypt,False,physical,https://cdn.swell.store/sodu/6901c7376834940012991ab7/90be3cee5ad821e09833e8093fce0eb2/Untitled%20design%20(50).png,Sky  Fruits Egypt,skyfruitsegypt@sodu.com,01099006000,USD,Vegetables,Artichoke 10 kg,1200,2500,15,45,,,1
68f900208e4f380012de3326,Frozen Okra (Bammia) 10 kg,"Frozen okra (Abelmoschus esculentus) graded by size, tender and full of fiber, vitamin C, and calcium. Perfect for stews, soups, and traditional dishes. Nutritional Highlights (per 100 g): 44 kcal &middot; 3 g protein &middot; 8 g carbohydrates &middot; 1 g fiber &middot; 80 mg calcium &middot; 0.54 mg iron &middot; 3 mg sodium &middot; 12 mg vitamin C &middot; 350 IU vitamin A. Season: From June till September.",,,,500,1,Carton,Sky  Fruits Egypt,False,physical,https://cdn.swell.store/sodu/6901cb3477bb5c00127c247d/e368a8508a95fe75ee5780fadc823ca4/Untitled%20design%20(51).png,Sky  Fruits Egypt,skyfruitsegypt@sodu.com,01099006000,USD,Vegetables,Okra (Bammia) 10 kg,1200,2500,15,45,,,1
68f9001e8e4f380012de3310,Frozen Molokhia (Finely Chopped) 10 kg,"Frozen finely chopped Molokhia (Corchorus olitorius), rich in calcium, iron, and vitamin C. Traditionally used in Middle Eastern soups and stews. Ready for immediate cooking. Nutritional Highlights (per 100 g): 30 kcal · 1 g protein · 2 g carbohydrates · 2 g fiber · 300 mg calcium · 0.36 mg iron · 15 mg sodium · 4.8 mg vitamin C · 200 IU vitamin A. Season: From June till August.",,,,500,1,Carton,Sky  Fruits Egypt,False,physical,https://cdn.swell.store/sodu/68f9001e8e4f380012de330c/113900f73551b7a1ea15c487743d0d72/41fd392280.jpg,Sky  Fruits Egypt,skyfruitsegypt@sodu.com,01099006000,USD,Vegetables,Molokhia (Finely Chopped) 10 kg,1200,2500,15,45,,,1
68f9001a8e4f380012de32f5,Frozen Green Peas 2.5 kg,"Premium frozen green peas (Pisum sativum), freshly picked and frozen immediately to preserve natural sweetness and bright color. Rich in protein, fiber, and vitamin C. Nutritional Highlights (per 100 g): 79 kcal · 5.62 g protein · 13.48 g carbohydrates · 4.5 g fiber · 4.49 g sugars · 1.21 mg iron · 6.7 mg vitamin C · 449 IU vitamin A. Season: December till March.",,,,500,4,Carton,Sky  Fruits Egypt,False,physical,https://cdn.swell.store/sodu/68f9001a8e4f380012de32f0/7049556950a0e8e39f1fb7e26d79499c/1ae1a011f4.jpg,Sky  Fruits Egypt,skyfruitsegypt@sodu.com,01099006000,USD,Vegetables,Green Peas 2.5 kg,730,1300,15,45,,,4
68f900168e4f380012de32d1,Frozen Green Peas 10 kg,"Premium frozen green peas (Pisum sativum), freshly picked and frozen immediately to preserve natural sweetness and bright color. Rich in protein, fiber, and vitamin C. Nutritional Highlights (per 100 g): 79 kcal · 5.62 g protein · 13.48 g carbohydrates · 4.5 g fiber · 4.49 g sugars · 1.21 mg iron · 6.7 mg vitamin C · 449 IU vitamin A. Season: December till March.",,,,500,1,Carton,Sky  Fruits Egypt,False,physical,https://cdn.swell.store/sodu/68f900158e4f380012de32cf/7049556950a0e8e39f1fb7e26d79499c/1ae1a011f4.jpg,Sky  Fruits Egypt,skyfruitsegypt@sodu.com,01099006000,USD,Vegetables,Green Peas 10 kg,1200,2500,15,45,,,1
68f900108e4f380012de32b8,Frozen Green Beans (Cut) 2.5 kg,"Cut green beans (Phaseolus vulgaris), freshly harvested and quick-frozen to retain their bright green color and natural flavor. High in fiber and vitamin C. Perfect for soups, stews, and side dishes. Nutritional Highlights (per 100 g): 37 kcal &middot; 1.23 g protein &middot; 7.41 g carbohydrates &middot; 2.5 g fiber &middot; 37 mg calcium &middot; 111 mg potassium &middot; 3.7 mg vitamin C. Season: 1st: April&ndash;July / 2nd: October&ndash;December.",,,,500,4,Carton,Sky  Fruits Egypt,False,physical,https://cdn.swell.store/sodu/6901c81961098e0012826129/30615516f151a93119c71c1ae693e303/Untitled%20design%20(52).png,Sky  Fruits Egypt,skyfruitsegypt@sodu.com,01099006000,USD,Vegetables,Green Beans (Cut) 2.5 kg,730,1300,15,45,,,4
68f9000b8e4f380012de3295,Frozen Green Beans (Cut) 10 kg,"Cut green beans (Phaseolus vulgaris), freshly harvested and quick-frozen to retain their bright green color and natural flavor. High in fiber and vitamin C. Perfect for soups, stews, and side dishes. Nutritional Highlights (per 100 g): 37 kcal &middot; 1.23 g protein &middot; 7.41 g carbohydrates &middot; 2.5 g fiber &middot; 37 mg calcium &middot; 111 mg potassium &middot; 3.7 mg vitamin C. Season: 1st: April&ndash;July / 2nd: October&ndash;December.",,,,500,1,Carton,Sky  Fruits Egypt,False,physical,https://cdn.swell.store/sodu/6901c8488326ff001289f405/30615516f151a93119c71c1ae693e303/Untitled%20design%20(52).png,Sky  Fruits Egypt,skyfruitsegypt@sodu.com,01099006000,USD,Vegetables,Green Beans (Cut) 10 kg,1200,2500,15,45,,,1
68f900078e4f380012de3277,Frozen Broccoli 10 kg,"Frozen broccoli florets (Brassica oleracea), hand-picked at peak freshness and naturally rich in vitamin C, vitamin K, and antioxidants. Ideal for steaming, stir-frying, soups, and mixed vegetables. Nutritional Highlights (per 100 g): 29 kcal &middot; 1.18 g protein &middot; 4.71 g carbohydrates &middot; 2.4 g fiber &middot; 1.18 g sugars &middot; 29 mg calcium &middot; 118 mg potassium &middot; 24.7 mg vitamin C. Season: From November till January.",,,,500,1,Carton,Sky  Fruits Egypt,False,physical,https://cdn.swell.store/sodu/6901c8dd608fec001202c6da/36971a50f0ceeb2e93f27fd7dfb1f732/Untitled%20design%20(54).png,Sky  Fruits Egypt,skyfruitsegypt@sodu.com,01099006000,USD,Vegetables,Broccoli 10 kg,1200,2500,15,45,,,1
68f900028e4f380012de3255,Frozen French Fries Potatoes 2.5 kg,"Quick frozen French fries available in regular and allumette cuts. Made from premium potatoes and palm oil for a crispy texture and golden color. Perfect for restaurants, catering, and retail packs. Nutritional Highlights (per 100 g): 130 kcal &middot; 3.7 g protein &middot; 3.5 g fat &middot; 20.9 g carbohydrates &middot; 2 g sugars &middot; 15 mg sodium. Season: Year-round.",,,,500,5,Carton,Sky  Fruits Egypt,False,physical,https://cdn.swell.store/sodu/6901c9c2eb0f4000128865f6/f9f34a704093708bd1be0e5fb3966559/Untitled%20design%20(55).png,Sky  Fruits Egypt,skyfruitsegypt@sodu.com,01099006000,USD,Vegetables,French Fries Potatoes 2.5 kg,730,1300,15,45,,,5
68f900028e4f380012de3247,Frozen French Fries Potatoes 1 kg,"Quick frozen French fries available in regular and allumette cuts. Made from premium potatoes and palm oil for a crispy texture and golden color. Perfect for restaurants, catering, and retail packs. Nutritional Highlights (per 100 g): 130 kcal &middot; 3.7 g protein &middot; 3.5 g fat &middot; 20.9 g carbohydrates &middot; 2 g sugars &middot; 15 mg sodium. Season: Year-round.",,,,500,10,Carton,Sky  Fruits Egypt,False,physical,https://cdn.swell.store/sodu/6901c9f7ae55c20012f2a7d3/f9f34a704093708bd1be0e5fb3966559/Untitled%20design%20(55).png,Sky  Fruits Egypt,skyfruitsegypt@sodu.com,01099006000,USD,Vegetables,French Fries Potatoes 1 kg,1050,2300,15,45,,,10
68f900018e4f380012de3239,Frozen Strawberries 2.5 kg,"Premium Quick Frozen Strawberries (Fragaria &times; ananassa) from the Festival variety, grown pesticide-free in El Beheira, Egypt&rsquo;s top strawberry region. Cultivated to Global G.A.P. standards and hand-harvested at peak maturity, ensuring consistent color and flavor. Naturally additive-free and suitable for desserts, bakery, and dairy products. Nutritional Highlights (per 100 g): 36 kcal &middot; 9.29 g carbohydrates &middot; 2.1 g fiber &middot; 38.6 mg Vitamin C &middot; 14 mg Calcium &middot; 0.51 mg Iron. Season: December to June.",,,,500,5,Carton,Sky  Fruits Egypt,False,physical,https://cdn.swell.store/sodu/6901f25974b5cc001256c14a/7dba0da36492dbf386e342843221b99d/Untitled%20design%20(56).png,Sky  Fruits Egypt,skyfruitsegypt@sodu.com,01099006000,USD,Fruits,Strawberries 2.5 kg,730,1300,15,45,,,5
68f8fffd8e4f380012de321b,Frozen Strawberries 10 kg,"Premium Quick Frozen Strawberries (Fragaria &times; ananassa) from the renowned Festival variety, known for its exceptional dessert quality, rich aroma, and vibrant internal red color. Grown pesticide-free in the fertile lands of El Beheira Governorate, Egypt, and cultivated under Global G.A.P. standards. Hand-harvested at peak ripeness, decapped and flash-frozen to preserve flavor and nutrients. 100% natural with no additives, ideal for jams, jellies, ice-cream, yogurts, and bakery. Nutritional Highlights (per 100 g): 36 kcal &middot; 9.29 g carbohydrates &middot; 2.1 g fiber &middot; 38.6 mg Vitamin C &middot; 14 mg Calcium &middot; 0.51 mg Iron. Season: December to June.",,,,500,1,Carton,Sky  Fruits Egypt,False,physical,https://cdn.swell.store/sodu/6901ca5eae539500120007be/7dba0da36492dbf386e342843221b99d/Untitled%20design%20(56).png,Sky  Fruits Egypt,skyfruitsegypt@sodu.com,01099006000,USD,Fruits,Strawberries 10 kg,1200,2500,15,45,,,1
68f0efa78b05910012223803,Shield General Sanitizer 500 mL,Shield General Sanitizer 500 mL,18.97,,,220,24,Carton,Golden M,False,physical,https://cdn.swell.store/sodu/68f0e81c8b05910012221d99/500401e73092fd45f01bb52795bcc7ff/6224001689345.jpeg,Golden M,mostafahussien@gosodu.com,01009242841,USD,Sanitizer,6224001689345,2200,3300,14,20,21 x 27 x 40 cm,,24
68f0efa68b059100122237f2,Magic Power 7*1 musky 500 mL,Magic Power 7*1 musky 500 mL,6.96,,,220,12,Carton,Golden M,False,physical,https://cdn.swell.store/sodu/68ef8a1a2ac3ac0012b651b8/06b91bc94c75d9b3048a7e5de26d3413/6224001689116.jpeg,Golden M,mostafahussien@gosodu.com,01009242841,USD, Cleaning - Multi Purpose,6224001689154,2200,3300,14,20,25 x 28 x 29 cm,,12
68f0efa68b059100122237e2,Magic Power 7*1 musky 1 Liter,Magic Power 7*1 musky 1 Liter,11.45,,,220,12,Carton,Golden M,False,physical,https://cdn.swell.store/sodu/68ef8a1a2ac3ac0012b651b8/06b91bc94c75d9b3048a7e5de26d3413/6224001689116.jpeg,Golden M,mostafahussien@gosodu.com,01009242841,USD, Cleaning - Multi Purpose,6224001689116,2200,3300,14,20,30 x 31 x 37 cm,,12
68f0efa58b059100122237d1,Magic Power 7*1 lemon 500 mL,Magic Power 7*1 lemon 500 mL,6.96,,,220,12,Carton,Golden M,False,physical,https://cdn.swell.store/sodu/68ef8a1e2ac3ac0012b651eb/0cc2c2be632efd5d56902943e9077d5a/Magic%20Power%2071%20lemon%201%20Liter.jpeg,Golden M,mostafahussien@gosodu.com,01009242841,USD, Cleaning - Multi Purpose,6224001689147,2200,3300,14,20,25 x 28 x 29 cm,,12
68f0efa58b059100122237c2,Magic Power 7*1 lemon 1 Liter,Magic Power 7*1 lemon 1 Liter,11.45,,,220,12,Carton,Golden M,False,physical,https://cdn.swell.store/sodu/68ef8a1e2ac3ac0012b651eb/0cc2c2be632efd5d56902943e9077d5a/Magic%20Power%2071%20lemon%201%20Liter.jpeg,Golden M,mostafahussien@gosodu.com,01009242841,USD, Cleaning - Multi Purpose,6224001689078,2200,3300,14,20,30 x 31 x 37 cm,,12
68f0efa48b059100122237b3,Magic Glass Cleaner general 500 mL,Magic Glass Cleaner general 500 mL,4.23,,,220,12,Carton,Golden M,False,physical,https://cdn.swell.store/sodu/68ef8a192ac3ac0012b651b0/5522dc278988ccfc7e0296e14b51c0e9/6224001689062.jpeg,Golden M,mostafahussien@gosodu.com,01009242841,USD,"Cleaning - Glass
",6224001689062,2200,3300,14,20,27 x 20 x 34 cm,,12
68f0efa48b059100122237a4,Magic Glass Cleaner flower 500 mL,Magic Glass Cleaner flower 500 mL,4.23,,,220,12,Carton,Golden M,False,physical,https://cdn.swell.store/sodu/68ef8a1a2ac3ac0012b651b3/47b5cd5dbdfb141438cde54435a30773/6224001689079.jpeg,Golden M,mostafahussien@gosodu.com,01009242841,USD,"Cleaning - Glass
",6224001689079,2200,3300,14,20,27 x 20 x 34 cm,,12
68f0efa38b05910012223792,Magic Floor Cleaner Pine 1 Liter,Magic Floor Cleaner Pine 1 Liter,6.96,,,220,12,Carton,Golden M,False,physical,https://cdn.swell.store/sodu/68ef8a182ac3ac0012b651a7/5e6dcf7d33ee3fc620b0b818b1c3c683/6224001689017.jpeg,Golden M,mostafahussien@gosodu.com,01009242841,USD, Cleaning - Floor,6224001689017,2200,3300,14,20,26 x 26 x 36 cm,,12
68f0efa38b05910012223782,Magic Floor Cleaner lemon 1 Liter,Magic Floor Cleaner lemon 1 Liter,6.96,,,220,12,Carton,Golden M,False,physical,https://cdn.swell.store/sodu/68ef8a192ac3ac0012b651aa/53b20c6f187a2fac64669a3e98f7e450/6224001689031.jpeg,Golden M,mostafahussien@gosodu.com,01009242841,USD, Cleaning - Floor,6224001689031,2200,3300,14,20,26 x 26 x 36 cm,,12
68f0efa28b05910012223773,Magic Floor Cleaner 1 Liter,Magic Floor Cleaner 1 Liter,6.96,,,220,12,Carton,Golden M,False,physical,https://cdn.swell.store/sodu/68ef8a192ac3ac0012b651ad/ac3c0e1edef5249686ad4877ad901288/6224001689055.jpeg,Golden M,mostafahussien@gosodu.com,01009242841,USD, Cleaning - Floor,6224001689055,2200,3300,14,20,26 x 26 x 36 cm,,12
68f0efa28b05910012223762,Magic Dishwashing mint 600 mL,Magic Dishwashing mint 600 mL,4.23,,,220,12,Carton,Golden M,False,physical,https://cdn.swell.store/sodu/68ef8a1b2ac3ac0012b651c5/be66ec6a7f874345acdbb6a7172464a7/6224001689185.jpeg,Golden M,mostafahussien@gosodu.com,01009242841,USD, Cleaning - Dishwashing,6224001689185,2200,3300,14,20,29 x 17 x 27 cm,,12
68f0efa18b05910012223750,Magic Dishwashing lemon 600 mL,Magic Dishwashing lemon 600 mL,4.23,,,220,12,Carton,Golden M,False,physical,https://cdn.swell.store/sodu/68ef8a1a2ac3ac0012b651c1/692c9bb59a0cdcdf1fd0f539538e3b08/6224001689178.jpeg,Golden M,mostafahussien@gosodu.com,01009242841,USD, Cleaning - Dishwashing,6224001689178,2200,3300,14,20,29 x 17 x 27 cm,,12
68f0efa18b0591001222373d,freesia Lundry Detergent Sea Breeze 3 kgm  ,freesia Lundry Detergent Sea Breeze 3 kgm  ,7.11,,,220,3,Carton,Golden M,False,physical,https://cdn.swell.store/sodu/68ef8a1d2ac3ac0012b651e8/c74fa0100a8071c8e5de339ef93311dd/6224001689505-Sea%20Breeze.jpeg,Golden M,mostafahussien@gosodu.com,01009242841,USD, Cleaning - Laundry,6224001689505-Sea Breeze,2200,3300,14,20,,,3
68f0efa08b0591001222372b,freesia Lundry Detergent lavender 3 kgm  ,freesia Lundry Detergent lavender 3 kgm  ,7.11,,,220,3,Carton,Golden M,False,physical,https://cdn.swell.store/sodu/68ef8a1d2ac3ac0012b651e4/2caf57322f1e12f1a0c201f5abec42eb/6224001689505-lavender.jpeg,Golden M,mostafahussien@gosodu.com,01009242841,USD, Cleaning - Laundry,6224001689505-lavender,2200,3300,14,20,,,3
68f0efa08b05910012223712,Freesia hand washing 500 mL,Freesia hand washing 500 mL,5.92,,,220,12,Carton,Golden M,False,physical,https://cdn.swell.store/sodu/68ef8a1b2ac3ac0012b651c8/11f5ed536f1d9d89844543545379ed92/6224001689208.jpeg,Golden M,mostafahussien@gosodu.com,01009242841,USD, Cleaning - Multi Purpose,6224001689208,2200,3300,14,20,21 x 19 x 33 cm,,12
68f0ef9f8b05910012223703,Freesia hand wash flower 500 mL,Freesia hand wash flower 500 mL,5.92,,,220,12,Carton,Golden M,False,physical,https://cdn.swell.store/sodu/68ef8a1b2ac3ac0012b651cd/b50aec2f75cbba7e24a72084f011fa5b/6224001689260.jpeg,Golden M,mostafahussien@gosodu.com,01009242841,USD, Cleaning - Multi Purpose,6224001689260,2200,3300,14,20,21 x 19 x 33 cm,,12
68f0ef9f8b059100122236f2,Freesia Air fresh Flower 460 gm,Freesia Air fresh Flower 460 gm,4.35,,,220,6,Carton,Golden M,False,physical,https://cdn.swell.store/sodu/68ef8a1c2ac3ac0012b651d1/e8f8261db563b99017af236fe6d5c589/6224001689277-Flower.jpeg,Golden M,mostafahussien@gosodu.com,01009242841,USD, Air Freshener,6224001689277-Flower,2200,3300,14,20,,,6
68f0ef9d8b059100122236d9,Freesia Air fresh peach 460 gm,Freesia Air fresh peach 460 gm,4.35,,,220,6,Carton,Golden M,False,physical,https://cdn.swell.store/sodu/68ef8a1c2ac3ac0012b651dc/095c866c30141faeae9bcdc065454884/6224001689277-peach.jpeg,Golden M,mostafahussien@gosodu.com,01009242841,USD, Air Freshener,6224001689277-peach,2200,3300,14,20,,,6
68f0ef9d8b059100122236cb,Freesia Air fresh Jasmeen 460 gm,Freesia Air fresh Jasmeen 460 gm,4.35,,,220,6,Carton,Golden M,False,physical,https://cdn.swell.store/sodu/68ef8a1c2ac3ac0012b651d7/d968a3b9fcece78ab21fb343205b37fc/6224001689277-Jasmeen.jpeg,Golden M,mostafahussien@gosodu.com,01009242841,USD, Air Freshener,6224001689277-Jasmeen,2200,3300,14,20,,,6
68f0ef9c8b059100122236b8,Freesia Air fresh Sea 460 gm,Freesia Air fresh Sea 460 gm,4.35,,,220,6,Carton,Golden M,False,physical,https://cdn.swell.store/sodu/68ef8a1d2ac3ac0012b651df/2e2b20c50ebebab8ab82a4942bdaa261/6224001689277-See.jpeg,Golden M,mostafahussien@gosodu.com,01009242841,USD, Air Freshener,6224001689277-Sea,2200,3300,14,20,34 x 34 x 21 cm,,6
68eeb5d64806a70012689e5d,mimo jelly fruits 300 Gram,mimo jelly fruits 300 Gram,15,,,500,24,Carton,Kamara,False,physical,https://cdn.swell.store/sodu/68eeb5d64806a70012689e5b/9fc3a1e1e2fae9ec1af97fce98fa5890/wazawizo-cream-992x1417.png,Kamara,kamara@gosodu.com,,USD,Candy ,wazawizo rice crisps cocoa filled & vanilla coated white chocolate 18 Gram,1350,3200,15,21,48 x 22 x 21 cm,,24
68eeb5d54806a70012689e41,KAMARA TOFFY with fruits 300 Gram,KAMARA TOFFY with fruits 300 Gram,11.25,,,500,24,Carton,Kamara,False,physical,https://cdn.swell.store/sodu/68eeb5d44806a70012689e3f/d5dadea7f9625ef492edd5524008b528/wazawizo-orange-992x1417.png,Kamara,kamara@gosodu.com,,USD,Candy ,waz wizo crisp with orange filled & vanilla coated white chocolate 20 Gram,1350,3200,15,21,48 x 22 x 21 cm,,24
68eeb5d44806a70012689e2b,KAMARA TOFFY with chocolate 300 Gram,KAMARA TOFFY with chocolate 300 Gram,11.75,,,500,24,Carton,Kamara,False,physical,https://cdn.swell.store/sodu/68eeb5d34806a70012689e28/b109ba78ef33bd3f8cdfcb8619b58f59/wazawizo-strawberry-992x1417.png,Kamara,kamara@gosodu.com,,USD,Candy ,waz wizo crisp cream with strawberry filled & vanilla coated white chocolate 20 Gram,1350,3200,15,21,48 x 22 x 21 cm,,24
68eeb5d24806a70012689e13,mimo jelly fruits 800 Gram,mimo jelly fruits 800 Gram,10.25,,,500,6,Carton,Kamara,False,physical,https://cdn.swell.store/sodu/68eeb5d24806a70012689e0f/c91452229ec96cd96f2a765a40957dc0/sahrani-carmel-992x1417.png,Kamara,kamara@gosodu.com,,USD,Candy ,Sahrani nougat with peanut & caramel 15 Gram,2100,5000,15,21,36 x 27 x 14 cm,,6
68eeb5d14806a70012689df7,KAMARA TOFFY with fruits 800 Gram,KAMARA TOFFY with fruits 800 Gram,7.5,,,500,6,Carton,Kamara,False,physical,https://cdn.swell.store/sodu/68eeb5d14806a70012689df5/bbc0a591a9e7f823a0d4e79c05a3499a/sahrani-noughat-with-biscuit-992x1417.png,Kamara,kamara@gosodu.com,,USD,Candy ,Sahrani nougat with crisp 15 Gram,1350,3200,15,21,48 x 22 x 21 cm,,6
68eeb5d04806a70012689de2,KAMARA TOFFY with chocolate 800 Gram,KAMARA TOFFY with chocolate 800 Gram,8,,,500,6,Carton,Kamara,False,physical,https://cdn.swell.store/sodu/68eeb5cf4806a70012689ddf/dbb98c7b33ce031822eba517fbb1306e/sahrani-coconut-992x1417.png,Kamara,kamara@gosodu.com,,USD,Candy ,Sahrani nougat with coconut 15 Gram,1350,3200,15,21,48 x 22 x 21 cm,,6
68eeb5ce4806a70012689dcc,KAMARA TOFFY with fruits 120 Gram,KAMARA TOFFY with fruits 120 Gram,5,,,500,24,Carton,Kamara,False,physical,https://cdn.swell.store/sodu/68eeb5ce4806a70012689dc9/81d47228c637e3d7406cf79b064ca52d/mimo-jelly-fruits-800gm-new-992x1417.png,Kamara,kamara@gosodu.com,,USD,Candy ,mimo jelly fruits 800 Gram,2500,5900,15,21,40 x 18 x 16 cm,,24
68eeb5cd4806a70012689db5,KAMARA TOFFY with chocolate 120 Gram,KAMARA TOFFY with chocolate 120 Gram,5.25,,,500,24,Carton,Kamara,False,physical,https://cdn.swell.store/sodu/68eeb5cd4806a70012689db0/81d47228c637e3d7406cf79b064ca52d/mimo-jelly-fruits-800gm-new-992x1417.png,Kamara,kamara@gosodu.com,,USD,Candy ,mimo jelly fruits 300 Gram,2500,5900,15,21,40 x 18 x 16 cm,,24
68eeb5cc4806a70012689d9b,lollipop HAPPY with fruits 10 Gram,lollipop HAPPY with fruits 10 Gram,20.5,,,500,100,Carton,Kamara,False,physical,https://cdn.swell.store/sodu/68eeb5cb4806a70012689d99/3318593fa2db0cf1ba71e80dc6fff6b2/mimo-jelly-mini-482x689.png,Kamara,kamara@gosodu.com,,USD,Candy ,mimo jelly fruits / COLA 20 Gram,930,2207,15,21,55 x 26 x 22 cm,,100
68eeb5cb4806a70012689d84,lollipop HAPPY with fruits 15 Gram,lollipop HAPPY with fruits 15 Gram,14,,,500,50,Carton,Kamara,False,physical,https://cdn.swell.store/sodu/68eeb5ca4806a70012689d80/ecd838e1c609daef6f9897e348bba104/happy-lollipop-346x494.png,Kamara,kamara@gosodu.com,,USD,Candy ,lollipop HAPPY with fruits 15 Gram,1200,2800,15,21,50 x 25 x 19 cm,,50
68eeb5ca4806a70012689d6d,kiko karmel coated cocoa 125 Gram,kiko karmel coated cocoa 125 Gram,15.25,,,500,6,Carton,Kamara,False,physical,https://cdn.swell.store/sodu/68eeb5c94806a70012689d6a/ecd838e1c609daef6f9897e348bba104/happy-lollipop-346x494.png,Kamara,kamara@gosodu.com,,USD,Candy ,lollipop HAPPY with fruits 10 Gram,1350,3200,15,21,40 x 23 x 23 cm,,6
68eeb5c94806a70012689d53,waz wizo crisp with orange filled & vanilla coated white chocolate 20 Gram,waz wizo crisp with orange filled & vanilla coated white chocolate 20 Gram,11,,,500,24,Carton,Kamara,False,physical,https://cdn.swell.store/sodu/68eeb5c84806a70012689d50/5977eea307949e43d27d0b7bf56b0bdd/kiko-pie-strawberry-992x1417.png,Kamara,kamara@gosodu.com,,USD,Candy ,kiko pie with white strawberry 18 Gram,925,2150,15,21,49 x 17 x 37 cm,,24
68eeb5c74806a70012689d3a,waz wizo crisp cream with strawberry filled & vanilla coated white chocolate 20 Gram,waz wizo crisp cream with strawberry filled & vanilla coated white chocolate 20 Gram,11,,,500,24,Carton,Kamara,False,physical,https://cdn.swell.store/sodu/68eeb5c74806a70012689d37/38b3f0306ef20282b9a47b8b1115c060/kiko-pie-coconut-992x1417.png,Kamara,kamara@gosodu.com,,USD,Cake and Cookies,kiko pie with white chocolate 18 Gram,925,2150,15,21,49 x 17 x 37 cm,,24
68eeb5c64806a70012689d24,wazawizo rice crisps cocoa filled & vanilla coated white chocolate 18 Gram,wazawizo rice crisps cocoa filled & vanilla coated white chocolate 18 Gram,11,,,500,24,Carton,Kamara,False,physical,https://cdn.swell.store/sodu/68eeb5c64806a70012689d21/7b50ebdc297c57928d35363025200c7c/kiko-caramel-bag-1-kilo-992x1417.png,Kamara,kamara@gosodu.com,,USD,Cake and Cookies,kiko karmel coated cocoa 125 Gram,925,2150,15,21,49 x 17 x 37 cm,,24
68eeb5c54806a70012689d0c,kiko pie with white strawberry 18 Gram,kiko pie with white strawberry 18 Gram,11,,,500,24,Carton,Kamara,False,physical,https://cdn.swell.store/sodu/68eeb5c54806a70012689d0a/14c8c945e16e5cb1604524aac35ec09e/kamara-mix-fruits-toffee-800gm-new-992x1417.png,Kamara,kamara@gosodu.com,,USD,Cake and Cookies,KAMARA TOFFY with fruits 800 Gram,1019,2400,15,21,52 x 19 x 29 cm,,24
68eeb5c34806a70012689cf5,kiko pie with white chocolate 18 Gram,kiko pie with white chocolate 18 Gram,11,,,500,24,Carton,Kamara,False,physical,https://cdn.swell.store/sodu/68eeb5c34806a70012689cea/d8572eb1daf26a69a3f9df5aa395e305/kamara-toffee-fruits-992x1417.png,Kamara,kamara@gosodu.com,,USD,Cake and Cookies,KAMARA TOFFY with fruits 300 Gram,1019,2400,15,21,52 x 19 x 29 cm,,24
68eeb5c24806a70012689cd4,kamara bar cake coated strawberry 18 Gram,kamara bar cake coated strawberry 18 Gram,11.5,,,500,24,Carton,Kamara,False,physical,https://cdn.swell.store/sodu/68eeb5c24806a70012689cd0/d8572eb1daf26a69a3f9df5aa395e305/kamara-toffee-fruits-992x1417.png,Kamara,kamara@gosodu.com,,USD,Cake and Cookies,KAMARA TOFFY with fruits 120 Gram,1000,2200,15,21,40 x 29 x 23 cm,,24
68eeb5c04806a70012689cbc,kamara bar cake coated hazelnut 18 Gram,kamara bar cake coated hazelnut 18 Gram,11.5,,,500,24,Carton,Kamara,False,physical,https://cdn.swell.store/sodu/68eeb5c04806a70012689cba/7abe1101be437606119e354e1b90e43d/kamara-toffee-chocolate-992x1417.png,Kamara,kamara@gosodu.com,,USD,Cake and Cookies,KAMARA TOFFY with chocolate 800 Gram,1000,2200,15,21,40 x 29 x 23 cm,,24
68eeb5bf4806a70012689ca4,kamara bar cake coated coconut 18 Gram,kamara bar cake coated coconut 18 Gram,12,,,500,24,Carton,Kamara,False,physical,https://cdn.swell.store/sodu/68eeb5bf4806a70012689ca2/7abe1101be437606119e354e1b90e43d/kamara-toffee-chocolate-992x1417.png,Kamara,kamara@gosodu.com,,USD,Cake and Cookies,KAMARA TOFFY with chocolate 300 Gram,1000,2200,15,21,40 x 29 x 23 cm,,24
68eeb5bd4806a70012689c8b,kamara bar cake coated cocoa 18 Gram,kamara bar cake coated cocoa 18 Gram,12,,,500,24,Carton,Kamara,False,physical,https://cdn.swell.store/sodu/68eeb5bd4806a70012689c88/7abe1101be437606119e354e1b90e43d/kamara-toffee-chocolate-992x1417.png,Kamara,kamara@gosodu.com,,USD,Cake and Cookies,KAMARA TOFFY with chocolate 120 Gram,1000,2200,15,21,40 x 29 x 23 cm,,24
68eeb5bc4806a70012689c73,Sahrani nougat with peanut & caramel 15 Gram,Sahrani nougat with peanut & caramel 15 Gram,9,,,500,24,Carton,Kamara,False,physical,https://cdn.swell.store/sodu/68eeb5bc4806a70012689c70/061f3ce2ef202d11763f943324485860/kamara-barcake-strawberry-992x1417.png,Kamara,kamara@gosodu.com,,USD,Cake and Cookies,kamara bar cake coated strawberry 18 Gram,1689,4018,15,21,33 x 21 x 25 cm,,24
68eeb5ba4806a70012689c57,Sahrani nougat with crisp 15 Gram,Sahrani nougat with crisp 15 Gram,9,,,500,24,Carton,Kamara,False,physical,https://cdn.swell.store/sodu/68eeb5ba4806a70012689c54/92b927f9162746beb8338a355a01ccf4/kamara-barcake-hazelnut-992x1417.png,Kamara,kamara@gosodu.com,,USD,Cake and Cookies,kamara bar cake coated hazelnut 18 Gram,1689,4018,15,21,33 x 21 x 25 cm,,24
68eeb5b94806a70012689c3a,Sahrani nougat with coconut 15 Gram,Sahrani nougat with coconut 15 Gram,9,,,500,24,Carton,Kamara,False,physical,https://cdn.swell.store/sodu/68eeb5b94806a70012689c33/bdc23b9b24ad4760403b4a043f5e4722/kamara-barcake-coconut-511x730.png,Kamara,kamara@gosodu.com,,USD,Cake and Cookies,kamara bar cake coated coconut 18 Gram,1689,4018,15,21,33 x 21 x 25 cm,,24
68eeb5b84806a70012689c1d,mimo jelly fruits / COLA 20 Gram,mimo jelly fruits / COLA 20 Gram,7.5,,,500,12,Carton,Kamara,False,physical,https://cdn.swell.store/sodu/68eeb5b74806a70012689c1a/a48c7ea0e44780264806b2b6b6b81f29/kamara-barcake-cocoa-992x1417.png,Kamara,kamara@gosodu.com,,USD,Cake and Cookies,kamara bar cake coated cocoa 18 Gram,2100,4900,15,21,31 x 20 x 23 cm,,12
68eeb5b64806a70012689bfb,happy choco with cocoa 18 Gram,happy choco with cocoa 18 Gram,9,,,500,24,Carton,Kamara,False,physical,https://cdn.swell.store/sodu/68eeb5b64806a70012689bf8/a615f1283d993dd75c213e2727baad9b/happy-choco-crisp-992x1417.png,Kamara,kamara@gosodu.com,,USD,Cake and Cookies,happy choco with cocoa 18 Gram,1621,3800,15,21,37 x 23 x 21 cm,,24
691fed3ebbff1f0012b904e4,Rosso Tomato Paste Jar 370 GM,Rosso Tomato Paste Sachet 70 GM Brix 28 - 30 %,5.25,,,302,12,Carton,Rosso,False,physical,https://cdn.swell.store/sodu/691ef0c750d6650012224a74/9b254e678c17e909f759137ed1eb34a2/Rosso%20Tomato%20Paste%20Jar%20370%20GM.png,Rosso,rosso@gosodu.com,,USD,Tomato Paste,Rosso Tomato Paste Jar 370 GM,3025,4200,15,45,,,12
691fed3dbbff1f0012b904cb,Rosso Tomato Paste Can 800 GM,Rosso Tomato Paste Jar 370 GM Brix 28 - 30 %,5.775,,,396,6,Carton,Rosso,False,physical,https://cdn.swell.store/sodu/691ef0c750d6650012224a77/a1c3e8411dfb44f6393935559e243dd2/Rosso%20Tomato%20Paste%20Can%20800%20GM.png,Rosso,rosso@gosodu.com,,USD,Tomato Paste,Rosso Tomato Paste Can 800 GM,3960,5000,15,45,,,6
691fed3dbbff1f0012b904bc,Rosso Tomato Paste Can 380 GM,Rosso Tomato Paste Can 800 GM Brix 28 - 30 %,5.775,,,378,12,Carton,Rosso,False,physical,https://cdn.swell.store/sodu/691ef0c850d6650012224a7b/d4534c1da8cdbf3057c0fb5ffb456f17/Rosso%20Tomato%20Paste%20Can%20380%20GM.png,Rosso,rosso@gosodu.com,,USD,Tomato Paste,Rosso Tomato Paste Can 380 GM,3780,5450,15,45,,,12
691fed3cbbff1f0012b904ab,Rosso Tomato Paste Can 210 GM,Rosso Tomato Paste Can 380 GM Brix 28 - 30 %,7.08,,,417,20,Carton,Rosso,False,physical,https://cdn.swell.store/sodu/691ef0c950d6650012224a85/4ae3b68d60f1fe51e45e6fcae2813e3e/Rosso%20Tomato%20Paste%20Can%20210%20GM.png,Rosso,rosso@gosodu.com,,USD,Tomato Paste,Rosso Tomato Paste Can 210 GM,4170,5850,15,45,,,20
691fed3cbbff1f0012b90495,Rosso Tomato Paste Can 120 GM,Rosso Tomato Paste Can 210 GM Brix 28 - 30 %,6.03,,,450,24,Carton,Rosso,False,physical,https://cdn.swell.store/sodu/691ef0c950d6650012224a92/f7fd55e52b0bf2320fc751127dbec723/Rosso%20Tomato%20Paste%20Can%20120%20GM.png,Rosso,rosso@gosodu.com,,USD,Tomato Paste,Rosso Tomato Paste Can 120 GM,4500,6900,15,45,,,24
691fed3bbbff1f0012b90487,Rosso Tomato Paste Can 60 GM,Rosso Tomato Paste Can 120 GM Brix 28 - 30 %,6.82,,,450,24,Carton,Rosso,False,physical,https://cdn.swell.store/sodu/691ef0c950d6650012224a97/756edb76a3a6ae1252945662de00d7d8/Rosso%20Tomato%20Paste%20Can%2060%20GM.png,Rosso,rosso@gosodu.com,,USD,Tomato Paste,Rosso Tomato Paste Can 60 GM,4500,6630,15,45,,,24
691fed3bbbff1f0012b90478,Rosso Tomato Paste Sachet 70 GM,Rosso Tomato Paste Can 60 GM Brix 28 - 30 %,6.82,,,187,96,Carton,Rosso,False,physical,https://cdn.swell.store/sodu/691ef0c650d6650012224a70/26e450be07795de68c4576c752dd0d1f/Rosso%20Tomato%20Paste%20Sachet%2070%20GM.png,Rosso,rosso@gosodu.com,,USD,Tomato Paste,Rosso Tomato Paste Sachet 70 GM,1872,4000,15,45,,,96
691fed3abbff1f0012b9045a,Rosso Tomato Paste Sachet 50 GM,Rosso Tomato Paste Sachet 50 GM Brix 28 - 30 %,5.775,,,187,96,Carton,Rosso,False,physical,https://cdn.swell.store/sodu/691ef0ca50d6650012224a9c/744b438c9c2591e5fe0d9d91bc5c3a5e/Rosso%20Tomato%20Paste%20Sachet%2050%20GM.png,Rosso,rosso@gosodu.com,,USD,Tomato Paste,Rosso Tomato Paste Sachet 50 GM,1872,3834,15,45,,,96
6915e761bceeac0012736a0e,KIPPIS Chips Flaming Hot 60g,KIPPIS kettle cooked chips,2.4,,,230,12,Carton,Snack Land,False,physical,https://cdn.swell.store/sodu/6915e092bceeac0012734d4f/77c3352c8fcdfa0e81f951d0132f4085/6224003517257.png,Snack Land,snackland@gosodu.com,,USD,Chips,6224003517257,0,2300,15,21,40 x 31 x 21 cm,,12
6915e761bceeac00127369ff,KIPPIS Chips Truffle Parmensan 60g,KIPPIS kettle cooked chips,2.4,,,230,12,Carton,Snack Land,False,physical,https://cdn.swell.store/sodu/6915e093bceeac0012734d56/6d51c1c937f6d5d4d0eee03b9f75972b/6224003517271.png,Snack Land,snackland@gosodu.com,,USD,Chips,6224003517271,0,2300,15,21,40 x 31 x 21 cm,,12
6915e760bceeac00127369e6,KIPPIS Chips Red Rush 60g,KIPPIS kettle cooked chips,2.4,,,230,12,Carton,Snack Land,False,physical,https://cdn.swell.store/sodu/6915e094bceeac0012734d5b/c0e32747b3e869c26058a49332341185/6224003517264.png,Snack Land,snackland@gosodu.com,,USD,Chips,6224003517264,0,2300,15,21,40 x 31 x 21 cm,,12
6915e760bceeac00127369d9,KIPPIS Chips Stir Fry 60g,KIPPIS kettle cooked chips,2.4,,,230,12,Carton,Snack Land,False,physical,https://cdn.swell.store/sodu/6915e095bceeac0012734d60/f175cf14be6f4a0e72da5ee98e1f3f8c/6224003517233.png,Snack Land,snackland@gosodu.com,,USD,Chips,6224003517233,0,2300,15,21,40 x 31 x 21 cm,,12
6915e75fbceeac00127369cc,KIPPIS Chips Japanese Curry 60g,KIPPIS kettle cooked chips,2.4,,,230,12,Carton,Snack Land,False,physical,https://cdn.swell.store/sodu/6915e095bceeac0012734d65/11b21c53f9958bd776b2e68f58478c53/6224003517240.png,Snack Land,snackland@gosodu.com,,USD,Chips,6224003517240,0,2300,15,21,40 x 31 x 21 cm,,12
6915e75fbceeac00127369be,KIPPIS Chips Sea Salt 60g,KIPPIS kettle cooked chips,2.4,,,230,12,Carton,Snack Land,False,physical,https://cdn.swell.store/sodu/6915e096bceeac0012734d69/44864218863719057d50eb6415feef99/6224003517226.png,Snack Land,snackland@gosodu.com,,USD,Chips,6224003517226,0,2300,15,21,40 x 31 x 21 cm,,12
68fc2c2e1bc91f0013d12348,TEN Peach Cola 250ml,TEN Peach Cola 250ml,4,,,384,24,Carton,Snack Land,False,physical,https://cdn.swell.store/sodu/68fc2b731bc91f0013d11f8a/356f799e1eb9628262a1276caa1e24e6/ALL%20OF%20TEN%20(1)_page-0007.jpg,Snack Land,snackland@gosodu.com,,USD,Carbonated Soft Drinks,6224003517141,3144,3840,21,30,33 x 21 x 13 cm,,24
68fc2c2d1bc91f0013d1233a,TEN Vanilla Cherry Cola 250ml,TEN Vanilla Cherry Cola 250ml,4,,,384,24,Carton,Snack Land,False,physical,https://cdn.swell.store/sodu/68fc2b731bc91f0013d11f86/7a0d6864cd008980c7627ab5024a3744/ALL%20OF%20TEN%20(1)_page-0006.jpg,Snack Land,snackland@gosodu.com,,USD,Carbonated Soft Drinks,6224003517042,3144,3840,21,30,33 x 21 x 13 cm,,24
68fc2c2d1bc91f0013d12310,TEN Classic Cola 250ml,TEN Classic Cola 250ml,4,,,384,24,Carton,Snack Land,False,physical,https://cdn.swell.store/sodu/68fc2b721bc91f0013d11f80/00504bda786e5a7b95a3fdf4001fe114/ALL%20OF%20TEN%20(1)_page-0001.jpg,Snack Land,snackland@gosodu.com,,USD,Carbonated Soft Drinks,6224003517011,3144,3840,21,30,33 x 21 x 13 cm,,24
68f101367b0a850012b0b55a,Twist Energy Drinks - Sugar Free - 250 ML,"Twist Energy Drink is a vibrant, great-tasting beverage that fuels your day with energy and focus. Packed with caffeine, taurine, and bold flavors, it&rsquo;s designed for active, on-the-go lifestyles.",4.7,,,384,24,Carton,Snack Land,False,physical,https://cdn.swell.store/sodu/68ffcaf7ae0aad00126b5862/167f1502a7d59395e992283d09f24e67/Product%20Image%20Template%20(2).png,Snack Land,snackland@gosodu.com,,USD,Energy Drinks,6224003311138,3144,3840,21,30,33 x 21 x 13 cm,,24
68f101357b0a850012b0b54a,Twist Energy Drinks - Mango Peach - 250 ML,"Twist Energy Drink is a vibrant, great-tasting beverage that fuels your day with energy and focus. Packed with caffeine, taurine, and bold flavors, it&rsquo;s designed for active, on-the-go lifestyles.",4.7,,,384,24,Carton,Snack Land,False,physical,https://cdn.swell.store/sodu/68fc9a44214289001275055e/f1b80d14347713edcd884ff4c7c9e8f2/product_image_6224000805296_1.jpeg,Snack Land,snackland@gosodu.com,,USD,Energy Drinks,6224000805296,3144,3840,21,30,33 x 21 x 13 cm,,24
68f101357b0a850012b0b53b,Twist Energy Drinks - Coco Berry - 250 ML,"Twist Energy Drink is a vibrant, great-tasting beverage that fuels your day with energy and focus. Packed with caffeine, taurine, and bold flavors, it&rsquo;s designed for active, on-the-go lifestyles.",4.7,,,384,24,Carton,Snack Land,False,physical,https://cdn.swell.store/sodu/68fca1286a2d040012baadb7/6f9d07f22f9cf3e01254b1bf0b4df06d/Untitled%20design%20(71).png,Snack Land,snackland@gosodu.com,,USD,Energy Drinks,6224000805029,3144,3840,21,30,33 x 21 x 13 cm,,24
68f101347b0a850012b0b52a,Twist Energy Drinks - Original - 250 ML,"Twist Energy Drink is a vibrant, great-tasting beverage that fuels your day with energy and focus. Packed with caffeine, taurine, and bold flavors, it&rsquo;s designed for active, on-the-go lifestyles.",4.7,,,384,24,Carton,Snack Land,False,physical,https://cdn.swell.store/sodu/68ffbd9eccb15c0012a40092/ea7c0780df2c53a332d1f27148ebf64d/Product%20Image%20Template%20(1).png,Snack Land,snackland@gosodu.com,,USD,Energy Drinks,6224003311091,3144,3840,21,30,33 x 21 x 13 cm,,24
68ee5e796d33e900120e6900,Rani Non Float Cans 235ML-Mango,Rani Non Float Cans 235ML-Mango,5.46,,,192,24,Carton,Aujan,False,physical,https://cdn.swell.store/sodu/6901bb469cc53e0012357b0b/249f5267fa22cdf37f97fdb802db6dd7/Untitled%20design%20(33).png,Aujan,aujan@gosodu.com,,USD,Juice,Rani Non Float Cans 235ML-Mango,1920,4032,10,15,32 x 22 x 14 cm,,24
68ee5e796d33e900120e68ec,Rani Non Float Cans 235ML-Strawberry,Rani Non Float Cans 235ML-Strawberry,5.46,,,192,24,Carton,Aujan,False,physical,https://cdn.swell.store/sodu/68ee5e796d33e900120e68e4/13d0a68c8810b1b1aa0ebfa363dfe8c7/5d84befc-b16b-4411-bfcc-608cf9c262fd.jpg,Aujan,aujan@gosodu.com,,USD,Juice,Rani Non Float Cans 235ML-Strawberry,1920,4032,10,15,32 x 22 x 14 cm,,24
68ee5e776d33e900120e68c1,Rani Non Float Cans 235ML-Grape,Rani Non Float Cans 235ML-Grape,5.46,,,192,24,Carton,Aujan,False,physical,https://cdn.swell.store/sodu/68ee5e776d33e900120e68bb/55812ce372158d73ab38b873716fdcd4/657541_main.jpg,Aujan,aujan@gosodu.com,,USD,Juice,Rani Non Float Cans 235ML-Grape,1920,4032,10,15,32 x 22 x 14 cm,,24
68ee5e756d33e900120e689f,Rani Non Float Cans 235ML-Peach,Rani Non Float Cans 235ML-Peach,5.46,,,192,24,Carton,Aujan,False,physical,https://cdn.swell.store/sodu/68ee5e756d33e900120e6899/115a6dfe043e6ae777ef56f9863cc580/630800_main.jpg,Aujan,aujan@gosodu.com,,USD,Juice,Rani Non Float Cans 235ML-Peach,1920,4032,10,15,32 x 22 x 14 cm,,24
68ee5e736d33e900120e687d,Rani Non Float Cans 235ML-Three-fruit mix,Rani Non Float Cans 235ML-Three-fruit mix,5.46,,,192,24,Carton,Aujan,False,physical,https://cdn.swell.store/sodu/68ee5e736d33e900120e6876/268f3d093431ddb973e9dc5a0d1f1a63/656787_2.jpg,Aujan,aujan@gosodu.com,,USD,Juice,Rani Non Float Cans 235ML-Three-fruit mix,1920,4032,10,15,32 x 22 x 14 cm,,24
68ee5e716d33e900120e6858,Rani Non Float Cans 235ML-Red apple,Rani Non Float Cans 235ML-Red apple,5.46,,,192,24,Carton,Aujan,False,physical,https://cdn.swell.store/sodu/68ee5e716d33e900120e6851/5e5473c4acaf6b912812087620c2fdf7/648656_main.jpg,Aujan,aujan@gosodu.com,,USD,Juice,Rani Non Float Cans 235ML-Red apple,1920,4032,10,15,32 x 22 x 14 cm,,24
68ee5e6f6d33e900120e681e,Rani Non Float Cans 235ML-Pineapple,Rani Non Float Cans 235ML-Pineapple,5.46,,,192,24,Carton,Aujan,False,physical,https://cdn.swell.store/sodu/68ee5e6f6d33e900120e6818/ff6280ce47f3705a85c6b7da010ceb13/630799_main.jpg,Aujan,aujan@gosodu.com,,USD,Juice,Rani Non Float Cans 235ML-Pineapple,1920,4032,10,15,32 x 22 x 14 cm,,24
68ee5e6d6d33e900120e67e7,Rani Float Cans 235ML-Mango,Rani Float Cans 235ML-Mango,6.5,,,192,24,Carton,Aujan,False,physical,https://cdn.swell.store/sodu/68ee5e6d6d33e900120e67e1/2e41006bdd1f7ba3a8cdff5d7df38763/630797_main.jpg,Aujan,aujan@gosodu.com,,USD,Juice,Rani Float Cans 235ML-Mango,1920,4032,10,15,32 x 22 x 14 cm,,24
68ee5e6b6d33e900120e67c0,Rani Float Cans 235ML-Fruit cocktail,Rani Float Cans 235ML-Fruit cocktail,6.5,,,192,24,Carton,Aujan,False,physical,https://cdn.swell.store/sodu/68ee5e6b6d33e900120e67b7/a0c622108b6fe16d9255590cb2f14ab1/407618_main.jpg,Aujan,aujan@gosodu.com,,USD,Juice,Rani Float Cans 235ML-Fruit cocktail,1920,4032,10,15,32 x 22 x 14 cm,,24
68ee5e696d33e900120e679a,Rani Float Cans 235ML-Strawberry and banana,Rani Float Cans 235ML-Strawberry and banana,6.5,,,192,24,Carton,Aujan,False,physical,https://cdn.swell.store/sodu/68ee5e696d33e900120e6794/a4fcecd90ca22d916594284f850ba4e0/319148_main.jpg,Aujan,aujan@gosodu.com,,USD,Juice,Rani Float Cans 235ML-Strawberry and banana,1920,4032,10,15,32 x 22 x 14 cm,,24
68ee5e676d33e900120e676e,Rani Float Cans 235ML-Peach,Rani Float Cans 235ML-Peach,6.5,,,192,24,Carton,Aujan,False,physical,https://cdn.swell.store/sodu/68ee5e676d33e900120e6768/5bae79e002ebb1a1fd9d01ab3991c368/49828_main.jpg,Aujan,aujan@gosodu.com,,USD,Juice,Rani Float Cans 235ML-Peach,1920,4032,10,15,32 x 22 x 14 cm,,24
68ee5e656d33e900120e6741,Rani Float Cans 235ML-Guava,Rani Float Cans 235ML-Guava,6.5,,,192,24,Carton,Aujan,False,physical,https://cdn.swell.store/sodu/68ee5e656d33e900120e673b/377f4a56f1670561aacd7198dc984864/416429_main.jpg,Aujan,aujan@gosodu.com,,USD,Juice,Rani Float Cans 235ML-Guava,1920,4032,10,15,32 x 22 x 14 cm,,24
68ee5e636d33e900120e6705,Rani Float Cans 235ML-Green apple,Rani Float Cans 235ML-Green apple,6.5,,,192,24,Carton,Aujan,False,physical,https://cdn.swell.store/sodu/68ee5e636d33e900120e6700/0d48ce2c9dcdb30cae0e8af00faca7d2/648655_main.jpg,Aujan,aujan@gosodu.com,,USD,Juice,Rani Float Cans 235ML-Green apple,1920,4032,10,15,32 x 22 x 14 cm,,24
68ee5e616d33e900120e66d1,Rani Float Cans 235ML-Orange,Rani Float Cans 235ML-Orange,6.5,,,192,24,Carton,Aujan,False,physical,https://cdn.swell.store/sodu/68ee5e616d33e900120e66cb/2dcbee432feebf8bc49c32ddf48749cb/49826_main.jpg,Aujan,aujan@gosodu.com,,USD,Juice,Rani Float Cans 235ML-Orange,1920,4032,10,15,32 x 22 x 14 cm,,24
68ee5e5e6d33e900120e66a9,Rani Float Cans 235ML-Pineapple,Rani Float Cans 235ML-Pineapple,6.5,,,192,24,Carton,Aujan,False,physical,https://cdn.swell.store/sodu/68ee5e5e6d33e900120e6692/6f4e9ba54092fe05d66c459a4c523455/56735_main.jpg,Aujan,aujan@gosodu.com,,USD,Juice,Rani Float Cans 235ML-Pineapple,1920,4032,10,15,32 x 22 x 14 cm,,24
